ISO-10303-21;
HEADER;
FILE_DESCRIPTION(('FreeCAD Model'),'2;1');
FILE_NAME('Open CASCADE Shape Model','2026-09-26T11:28:00',('FreeCAD'),(
    'FreeCAD'),'Open CASCADE STEP processor 7.8','FreeCAD','Unknown');
FILE_SCHEMA(('AUTOMOTIVE_DESIGN { 1 0 10303 214 1 1 1 1 }'));
ENDSEC;
DATA;
#1 = APPLICATION_PROTOCOL_DEFINITION('international standard',
  'automotive_design',2000,#2);
#2 = APPLICATION_CONTEXT(
  'core data for automotive mechanical design processes');
#3 = SHAPE_DEFINITION_REPRESENTATION(#4,#10);
#4 = PRODUCT_DEFINITION_SHAPE('','',#5);
#5 = PRODUCT_DEFINITION('design','',#6,#9);
#6 = PRODUCT_DEFINITION_FORMATION('','',#7);
#7 = PRODUCT('Open CASCADE STEP translator 7.8 1',
  'Open CASCADE STEP translator 7.8 1','',(#8));
#8 = PRODUCT_CONTEXT('',#2,'mechanical');
#9 = PRODUCT_DEFINITION_CONTEXT('part definition',#2,'design');
#10 = SHAPE_REPRESENTATION('',(#11,#15,#5587,#7164),#7398);
#11 = AXIS2_PLACEMENT_3D('',#12,#13,#14);
#12 = CARTESIAN_POINT('',(0.,0.,0.));
#13 = DIRECTION('',(0.,0.,1.));
#14 = DIRECTION('',(1.,0.,-0.));
#15 = MANIFOLD_SOLID_BREP('',#16);
#16 = CLOSED_SHELL('',(#17,#57,#88,#203,#236,#301,#334,#358,#383,#407,
    #449,#514,#545,#577,#601,#633,#657,#688,#787,#812,#1033,#1050,#1067,
    #1101,#1118,#1209,#1221,#1252,#1351,#1368,#1410,#1422,#1455,#1479,
    #1496,#1521,#1562,#1580,#1597,#1614,#1639,#1656,#1686,#1709,#1732,
    #1756,#1780,#1803,#1826,#1844,#1874,#1897,#1920,#1944,#1968,#1991,
    #2014,#2032,#2057,#2082,#2113,#2138,#2162,#2187,#2211,#2236,#2260,
    #2278,#2302,#2467,#2492,#2533,#2551,#2658,#2863,#2946,#2963,#2995,
    #3019,#3043,#3068,#3093,#3117,#3141,#3159,#3191,#3215,#3239,#3264,
    #3289,#3313,#3337,#3355,#3400,#3441,#3524,#3556,#3589,#3613,#3638,
    #3662,#3687,#3711,#3737,#3754,#3773,#3798,#3845,#3870,#4104,#4129,
    #4153,#4171,#4188,#4200,#4222,#4239,#4256,#4273,#4290,#4307,#4324,
    #4336,#4358,#4375,#4392,#4409,#4426,#4443,#4460,#4472,#4484,#4533,
    #4557,#4574,#4599,#4623,#4647,#4671,#4682,#4885,#4916,#4940,#4971,
    #5007,#5032,#5041,#5072,#5108,#5133,#5142,#5173,#5209,#5234,#5243,
    #5268,#5277,#5302,#5311,#5323,#5335,#5359,#5408,#5439,#5463,#5487,
    #5506,#5525,#5545,#5559,#5573));
#17 = ADVANCED_FACE('',(#18),#52,.F.);
#18 = FACE_BOUND('',#19,.F.);
#19 = EDGE_LOOP('',(#20,#30,#38,#46));
#20 = ORIENTED_EDGE('',*,*,#21,.F.);
#21 = EDGE_CURVE('',#22,#24,#26,.T.);
#22 = VERTEX_POINT('',#23);
#23 = CARTESIAN_POINT('',(114.75,1.8,21.));
#24 = VERTEX_POINT('',#25);
#25 = CARTESIAN_POINT('',(114.75,1.8,25.25));
#26 = LINE('',#27,#28);
#27 = CARTESIAN_POINT('',(114.75,1.8,21.));
#28 = VECTOR('',#29,1.);
#29 = DIRECTION('',(0.,0.,1.));
#30 = ORIENTED_EDGE('',*,*,#31,.T.);
#31 = EDGE_CURVE('',#22,#32,#34,.T.);
#32 = VERTEX_POINT('',#33);
#33 = CARTESIAN_POINT('',(114.75,7.3,21.));
#34 = LINE('',#35,#36);
#35 = CARTESIAN_POINT('',(114.75,1.8,21.));
#36 = VECTOR('',#37,1.);
#37 = DIRECTION('',(0.,1.,0.));
#38 = ORIENTED_EDGE('',*,*,#39,.T.);
#39 = EDGE_CURVE('',#32,#40,#42,.T.);
#40 = VERTEX_POINT('',#41);
#41 = CARTESIAN_POINT('',(114.75,7.3,25.25));
#42 = LINE('',#43,#44);
#43 = CARTESIAN_POINT('',(114.75,7.3,21.));
#44 = VECTOR('',#45,1.);
#45 = DIRECTION('',(0.,0.,1.));
#46 = ORIENTED_EDGE('',*,*,#47,.T.);
#47 = EDGE_CURVE('',#40,#24,#48,.T.);
#48 = LINE('',#49,#50);
#49 = CARTESIAN_POINT('',(114.75,1.8,25.25));
#50 = VECTOR('',#51,1.);
#51 = DIRECTION('',(0.,-1.,0.));
#52 = PLANE('',#53);
#53 = AXIS2_PLACEMENT_3D('',#54,#55,#56);
#54 = CARTESIAN_POINT('',(114.75,1.8,21.));
#55 = DIRECTION('',(1.,0.,0.));
#56 = DIRECTION('',(0.,0.,1.));
#57 = ADVANCED_FACE('',(#58),#83,.F.);
#58 = FACE_BOUND('',#59,.F.);
#59 = EDGE_LOOP('',(#60,#61,#69,#77));
#60 = ORIENTED_EDGE('',*,*,#31,.F.);
#61 = ORIENTED_EDGE('',*,*,#62,.T.);
#62 = EDGE_CURVE('',#22,#63,#65,.T.);
#63 = VERTEX_POINT('',#64);
#64 = CARTESIAN_POINT('',(115.6,1.8,21.));
#65 = LINE('',#66,#67);
#66 = CARTESIAN_POINT('',(114.75,1.8,21.));
#67 = VECTOR('',#68,1.);
#68 = DIRECTION('',(1.,0.,0.));
#69 = ORIENTED_EDGE('',*,*,#70,.F.);
#70 = EDGE_CURVE('',#71,#63,#73,.T.);
#71 = VERTEX_POINT('',#72);
#72 = CARTESIAN_POINT('',(115.6,7.3,21.));
#73 = LINE('',#74,#75);
#74 = CARTESIAN_POINT('',(115.6,1.8,21.));
#75 = VECTOR('',#76,1.);
#76 = DIRECTION('',(0.,-1.,0.));
#77 = ORIENTED_EDGE('',*,*,#78,.F.);
#78 = EDGE_CURVE('',#32,#71,#79,.T.);
#79 = LINE('',#80,#81);
#80 = CARTESIAN_POINT('',(114.75,7.3,21.));
#81 = VECTOR('',#82,1.);
#82 = DIRECTION('',(1.,0.,0.));
#83 = PLANE('',#84);
#84 = AXIS2_PLACEMENT_3D('',#85,#86,#87);
#85 = CARTESIAN_POINT('',(114.75,1.8,21.));
#86 = DIRECTION('',(0.,0.,1.));
#87 = DIRECTION('',(1.,0.,0.));
#88 = ADVANCED_FACE('',(#89),#198,.T.);
#89 = FACE_BOUND('',#90,.T.);
#90 = EDGE_LOOP('',(#91,#101,#109,#117,#125,#133,#141,#149,#158,#166,
    #175,#183,#192));
#91 = ORIENTED_EDGE('',*,*,#92,.T.);
#92 = EDGE_CURVE('',#93,#95,#97,.T.);
#93 = VERTEX_POINT('',#94);
#94 = CARTESIAN_POINT('',(7.,1.6,-1.110223024625E-16));
#95 = VERTEX_POINT('',#96);
#96 = CARTESIAN_POINT('',(7.,14.2,9.992007221626E-16));
#97 = LINE('',#98,#99);
#98 = CARTESIAN_POINT('',(7.,0.,0.));
#99 = VECTOR('',#100,1.);
#100 = DIRECTION('',(0.,1.,0.));
#101 = ORIENTED_EDGE('',*,*,#102,.T.);
#102 = EDGE_CURVE('',#95,#103,#105,.T.);
#103 = VERTEX_POINT('',#104);
#104 = CARTESIAN_POINT('',(36.,14.2,0.));
#105 = LINE('',#106,#107);
#106 = CARTESIAN_POINT('',(7.,14.2,0.));
#107 = VECTOR('',#108,1.);
#108 = DIRECTION('',(1.,0.,0.));
#109 = ORIENTED_EDGE('',*,*,#110,.T.);
#110 = EDGE_CURVE('',#103,#111,#113,.T.);
#111 = VERTEX_POINT('',#112);
#112 = CARTESIAN_POINT('',(36.,13.8,0.));
#113 = LINE('',#114,#115);
#114 = CARTESIAN_POINT('',(36.,6.9,0.));
#115 = VECTOR('',#116,1.);
#116 = DIRECTION('',(0.,-1.,0.));
#117 = ORIENTED_EDGE('',*,*,#118,.T.);
#118 = EDGE_CURVE('',#111,#119,#121,.T.);
#119 = VERTEX_POINT('',#120);
#120 = CARTESIAN_POINT('',(44.,13.8,0.));
#121 = LINE('',#122,#123);
#122 = CARTESIAN_POINT('',(21.5,13.8,0.));
#123 = VECTOR('',#124,1.);
#124 = DIRECTION('',(1.,0.,0.));
#125 = ORIENTED_EDGE('',*,*,#126,.F.);
#126 = EDGE_CURVE('',#127,#119,#129,.T.);
#127 = VERTEX_POINT('',#128);
#128 = CARTESIAN_POINT('',(44.,14.2,0.));
#129 = LINE('',#130,#131);
#130 = CARTESIAN_POINT('',(44.,6.9,0.));
#131 = VECTOR('',#132,1.);
#132 = DIRECTION('',(0.,-1.,0.));
#133 = ORIENTED_EDGE('',*,*,#134,.T.);
#134 = EDGE_CURVE('',#127,#135,#137,.T.);
#135 = VERTEX_POINT('',#136);
#136 = CARTESIAN_POINT('',(111.,14.2,4.996003610813E-16));
#137 = LINE('',#138,#139);
#138 = CARTESIAN_POINT('',(7.,14.2,0.));
#139 = VECTOR('',#140,1.);
#140 = DIRECTION('',(1.,0.,0.));
#141 = ORIENTED_EDGE('',*,*,#142,.F.);
#142 = EDGE_CURVE('',#143,#135,#145,.T.);
#143 = VERTEX_POINT('',#144);
#144 = CARTESIAN_POINT('',(111.,6.888080681437,-3.10862446895E-15));
#145 = LINE('',#146,#147);
#146 = CARTESIAN_POINT('',(111.,0.,-3.10862446895E-15));
#147 = VECTOR('',#148,1.);
#148 = DIRECTION('',(0.,1.,0.));
#149 = ORIENTED_EDGE('',*,*,#150,.F.);
#150 = EDGE_CURVE('',#151,#143,#153,.T.);
#151 = VERTEX_POINT('',#152);
#152 = CARTESIAN_POINT('',(108.36,8.,0.));
#153 = CIRCLE('',#154,3.69);
#154 = AXIS2_PLACEMENT_3D('',#155,#156,#157);
#155 = CARTESIAN_POINT('',(108.36,4.31,0.));
#156 = DIRECTION('',(0.,1.110223024625E-16,-1.));
#157 = DIRECTION('',(1.,-8.725330003829E-16,-9.687062267704E-32));
#158 = ORIENTED_EDGE('',*,*,#159,.T.);
#159 = EDGE_CURVE('',#151,#160,#162,.T.);
#160 = VERTEX_POINT('',#161);
#161 = CARTESIAN_POINT('',(102.94,8.,0.));
#162 = LINE('',#163,#164);
#163 = CARTESIAN_POINT('',(57.68,8.,0.));
#164 = VECTOR('',#165,1.);
#165 = DIRECTION('',(-1.,-0.,-0.));
#166 = ORIENTED_EDGE('',*,*,#167,.F.);
#167 = EDGE_CURVE('',#168,#160,#170,.T.);
#168 = VERTEX_POINT('',#169);
#169 = CARTESIAN_POINT('',(99.25,4.31,0.));
#170 = CIRCLE('',#171,3.69);
#171 = AXIS2_PLACEMENT_3D('',#172,#173,#174);
#172 = CARTESIAN_POINT('',(102.94,4.31,0.));
#173 = DIRECTION('',(0.,1.110223024625E-16,-1.));
#174 = DIRECTION('',(0.,1.,1.110223024625E-16));
#175 = ORIENTED_EDGE('',*,*,#176,.T.);
#176 = EDGE_CURVE('',#168,#177,#179,.T.);
#177 = VERTEX_POINT('',#178);
#178 = CARTESIAN_POINT('',(99.25,4.29,0.));
#179 = LINE('',#180,#181);
#180 = CARTESIAN_POINT('',(99.25,2.155,0.));
#181 = VECTOR('',#182,1.);
#182 = DIRECTION('',(0.,-1.,0.));
#183 = ORIENTED_EDGE('',*,*,#184,.F.);
#184 = EDGE_CURVE('',#185,#177,#187,.T.);
#185 = VERTEX_POINT('',#186);
#186 = CARTESIAN_POINT('',(100.41413381193,1.6,0.));
#187 = CIRCLE('',#188,3.69);
#188 = AXIS2_PLACEMENT_3D('',#189,#190,#191);
#189 = CARTESIAN_POINT('',(102.94,4.29,0.));
#190 = DIRECTION('',(0.,1.110223024625E-16,-1.));
#191 = DIRECTION('',(-1.,8.725330003829E-16,9.687062267704E-32));
#192 = ORIENTED_EDGE('',*,*,#193,.F.);
#193 = EDGE_CURVE('',#93,#185,#194,.T.);
#194 = LINE('',#195,#196);
#195 = CARTESIAN_POINT('',(7.,1.6,0.));
#196 = VECTOR('',#197,1.);
#197 = DIRECTION('',(1.,0.,0.));
#198 = PLANE('',#199);
#199 = AXIS2_PLACEMENT_3D('',#200,#201,#202);
#200 = CARTESIAN_POINT('',(7.,0.,0.));
#201 = DIRECTION('',(0.,0.,-1.));
#202 = DIRECTION('',(1.,0.,0.));
#203 = ADVANCED_FACE('',(#204),#231,.T.);
#204 = FACE_BOUND('',#205,.T.);
#205 = EDGE_LOOP('',(#206,#216,#223,#224));
#206 = ORIENTED_EDGE('',*,*,#207,.T.);
#207 = EDGE_CURVE('',#208,#210,#212,.T.);
#208 = VERTEX_POINT('',#209);
#209 = CARTESIAN_POINT('',(-1.110223024625E-16,1.6,7.));
#210 = VERTEX_POINT('',#211);
#211 = CARTESIAN_POINT('',(7.216449660064E-16,14.2,7.));
#212 = LINE('',#213,#214);
#213 = CARTESIAN_POINT('',(0.,0.,7.));
#214 = VECTOR('',#215,1.);
#215 = DIRECTION('',(0.,1.,0.));
#216 = ORIENTED_EDGE('',*,*,#217,.T.);
#217 = EDGE_CURVE('',#210,#95,#218,.T.);
#218 = CIRCLE('',#219,7.);
#219 = AXIS2_PLACEMENT_3D('',#220,#221,#222);
#220 = CARTESIAN_POINT('',(7.,14.2,7.));
#221 = DIRECTION('',(-0.,-1.,-0.));
#222 = DIRECTION('',(-1.,0.,0.));
#223 = ORIENTED_EDGE('',*,*,#92,.F.);
#224 = ORIENTED_EDGE('',*,*,#225,.F.);
#225 = EDGE_CURVE('',#208,#93,#226,.T.);
#226 = CIRCLE('',#227,7.);
#227 = AXIS2_PLACEMENT_3D('',#228,#229,#230);
#228 = CARTESIAN_POINT('',(7.,1.6,7.));
#229 = DIRECTION('',(-0.,-1.,-0.));
#230 = DIRECTION('',(-1.,0.,0.));
#231 = CYLINDRICAL_SURFACE('',#232,7.);
#232 = AXIS2_PLACEMENT_3D('',#233,#234,#235);
#233 = CARTESIAN_POINT('',(7.,0.,7.));
#234 = DIRECTION('',(0.,-1.,0.));
#235 = DIRECTION('',(-1.,0.,0.));
#236 = ADVANCED_FACE('',(#237),#296,.T.);
#237 = FACE_BOUND('',#238,.T.);
#238 = EDGE_LOOP('',(#239,#247,#248,#257,#265,#274,#282,#290));
#239 = ORIENTED_EDGE('',*,*,#240,.F.);
#240 = EDGE_CURVE('',#93,#241,#243,.T.);
#241 = VERTEX_POINT('',#242);
#242 = CARTESIAN_POINT('',(7.,-1.110223024625E-16,1.6));
#243 = LINE('',#244,#245);
#244 = CARTESIAN_POINT('',(7.,0.8,0.8));
#245 = VECTOR('',#246,1.);
#246 = DIRECTION('',(0.,-0.707106781187,0.707106781187));
#247 = ORIENTED_EDGE('',*,*,#193,.T.);
#248 = ORIENTED_EDGE('',*,*,#249,.F.);
#249 = EDGE_CURVE('',#250,#185,#252,.T.);
#250 = VERTEX_POINT('',#251);
#251 = CARTESIAN_POINT('',(102.94,0.6,1.));
#252 = ELLIPSE('',#253,5.218448045157,3.69);
#253 = AXIS2_PLACEMENT_3D('',#254,#255,#256);
#254 = CARTESIAN_POINT('',(102.94,4.29,-2.69));
#255 = DIRECTION('',(0.,-0.707106781187,-0.707106781187));
#256 = DIRECTION('',(0.,0.707106781187,-0.707106781187));
#257 = ORIENTED_EDGE('',*,*,#258,.T.);
#258 = EDGE_CURVE('',#250,#259,#261,.T.);
#259 = VERTEX_POINT('',#260);
#260 = CARTESIAN_POINT('',(108.36,0.6,1.));
#261 = LINE('',#262,#263);
#262 = CARTESIAN_POINT('',(54.97,0.6,1.));
#263 = VECTOR('',#264,1.);
#264 = DIRECTION('',(1.,0.,0.));
#265 = ORIENTED_EDGE('',*,*,#266,.F.);
#266 = EDGE_CURVE('',#267,#259,#269,.T.);
#267 = VERTEX_POINT('',#268);
#268 = CARTESIAN_POINT('',(110.88586618806,1.6,0.));
#269 = ELLIPSE('',#270,5.218448045157,3.69);
#270 = AXIS2_PLACEMENT_3D('',#271,#272,#273);
#271 = CARTESIAN_POINT('',(108.36,4.29,-2.69));
#272 = DIRECTION('',(0.,-0.707106781187,-0.707106781187));
#273 = DIRECTION('',(0.,0.707106781187,-0.707106781187));
#274 = ORIENTED_EDGE('',*,*,#275,.T.);
#275 = EDGE_CURVE('',#267,#276,#278,.T.);
#276 = VERTEX_POINT('',#277);
#277 = CARTESIAN_POINT('',(111.,1.6,-1.110223024625E-16));
#278 = LINE('',#279,#280);
#279 = CARTESIAN_POINT('',(7.,1.6,0.));
#280 = VECTOR('',#281,1.);
#281 = DIRECTION('',(1.,0.,0.));
#282 = ORIENTED_EDGE('',*,*,#283,.T.);
#283 = EDGE_CURVE('',#276,#284,#286,.T.);
#284 = VERTEX_POINT('',#285);
#285 = CARTESIAN_POINT('',(111.,-1.110223024625E-16,1.6));
#286 = LINE('',#287,#288);
#287 = CARTESIAN_POINT('',(111.,0.8,0.8));
#288 = VECTOR('',#289,1.);
#289 = DIRECTION('',(0.,-0.707106781187,0.707106781187));
#290 = ORIENTED_EDGE('',*,*,#291,.F.);
#291 = EDGE_CURVE('',#241,#284,#292,.T.);
#292 = LINE('',#293,#294);
#293 = CARTESIAN_POINT('',(7.,0.,1.6));
#294 = VECTOR('',#295,1.);
#295 = DIRECTION('',(1.,0.,0.));
#296 = PLANE('',#297);
#297 = AXIS2_PLACEMENT_3D('',#298,#299,#300);
#298 = CARTESIAN_POINT('',(7.,0.8,0.8));
#299 = DIRECTION('',(0.,-0.707106781187,-0.707106781187));
#300 = DIRECTION('',(1.,0.,0.));
#301 = ADVANCED_FACE('',(#302),#329,.F.);
#302 = FACE_BOUND('',#303,.T.);
#303 = EDGE_LOOP('',(#304,#305,#313,#322,#328));
#304 = ORIENTED_EDGE('',*,*,#184,.T.);
#305 = ORIENTED_EDGE('',*,*,#306,.T.);
#306 = EDGE_CURVE('',#177,#307,#309,.T.);
#307 = VERTEX_POINT('',#308);
#308 = CARTESIAN_POINT('',(99.25,4.29,1.9));
#309 = LINE('',#310,#311);
#310 = CARTESIAN_POINT('',(99.25,4.29,-1.));
#311 = VECTOR('',#312,1.);
#312 = DIRECTION('',(0.,0.,1.));
#313 = ORIENTED_EDGE('',*,*,#314,.T.);
#314 = EDGE_CURVE('',#307,#315,#317,.T.);
#315 = VERTEX_POINT('',#316);
#316 = CARTESIAN_POINT('',(102.94,0.6,1.9));
#317 = CIRCLE('',#318,3.69);
#318 = AXIS2_PLACEMENT_3D('',#319,#320,#321);
#319 = CARTESIAN_POINT('',(102.94,4.29,1.9));
#320 = DIRECTION('',(0.,-1.110223024625E-16,1.));
#321 = DIRECTION('',(-1.,8.725330003829E-16,9.687062267704E-32));
#322 = ORIENTED_EDGE('',*,*,#323,.F.);
#323 = EDGE_CURVE('',#250,#315,#324,.T.);
#324 = LINE('',#325,#326);
#325 = CARTESIAN_POINT('',(102.94,0.6,-1.));
#326 = VECTOR('',#327,1.);
#327 = DIRECTION('',(0.,0.,1.));
#328 = ORIENTED_EDGE('',*,*,#249,.T.);
#329 = CYLINDRICAL_SURFACE('',#330,3.69);
#330 = AXIS2_PLACEMENT_3D('',#331,#332,#333);
#331 = CARTESIAN_POINT('',(102.94,4.29,-1.));
#332 = DIRECTION('',(0.,1.110223024625E-16,-1.));
#333 = DIRECTION('',(-1.,8.725330003829E-16,9.687062267704E-32));
#334 = ADVANCED_FACE('',(#335),#353,.T.);
#335 = FACE_BOUND('',#336,.T.);
#336 = EDGE_LOOP('',(#337,#338,#346,#352));
#337 = ORIENTED_EDGE('',*,*,#176,.F.);
#338 = ORIENTED_EDGE('',*,*,#339,.T.);
#339 = EDGE_CURVE('',#168,#340,#342,.T.);
#340 = VERTEX_POINT('',#341);
#341 = CARTESIAN_POINT('',(99.25,4.31,1.9));
#342 = LINE('',#343,#344);
#343 = CARTESIAN_POINT('',(99.25,4.31,-1.));
#344 = VECTOR('',#345,1.);
#345 = DIRECTION('',(0.,0.,1.));
#346 = ORIENTED_EDGE('',*,*,#347,.T.);
#347 = EDGE_CURVE('',#340,#307,#348,.T.);
#348 = LINE('',#349,#350);
#349 = CARTESIAN_POINT('',(99.25,4.31,1.9));
#350 = VECTOR('',#351,1.);
#351 = DIRECTION('',(0.,-1.,-1.110223024625E-16));
#352 = ORIENTED_EDGE('',*,*,#306,.F.);
#353 = PLANE('',#354);
#354 = AXIS2_PLACEMENT_3D('',#355,#356,#357);
#355 = CARTESIAN_POINT('',(99.25,4.31,-1.));
#356 = DIRECTION('',(1.,0.,0.));
#357 = DIRECTION('',(0.,-1.,-1.110223024625E-16));
#358 = ADVANCED_FACE('',(#359),#378,.F.);
#359 = FACE_BOUND('',#360,.T.);
#360 = EDGE_LOOP('',(#361,#362,#370,#377));
#361 = ORIENTED_EDGE('',*,*,#167,.T.);
#362 = ORIENTED_EDGE('',*,*,#363,.T.);
#363 = EDGE_CURVE('',#160,#364,#366,.T.);
#364 = VERTEX_POINT('',#365);
#365 = CARTESIAN_POINT('',(102.94,8.,1.9));
#366 = LINE('',#367,#368);
#367 = CARTESIAN_POINT('',(102.94,8.,-1.));
#368 = VECTOR('',#369,1.);
#369 = DIRECTION('',(0.,0.,1.));
#370 = ORIENTED_EDGE('',*,*,#371,.T.);
#371 = EDGE_CURVE('',#364,#340,#372,.T.);
#372 = CIRCLE('',#373,3.69);
#373 = AXIS2_PLACEMENT_3D('',#374,#375,#376);
#374 = CARTESIAN_POINT('',(102.94,4.31,1.9));
#375 = DIRECTION('',(0.,-1.110223024625E-16,1.));
#376 = DIRECTION('',(0.,1.,1.110223024625E-16));
#377 = ORIENTED_EDGE('',*,*,#339,.F.);
#378 = CYLINDRICAL_SURFACE('',#379,3.69);
#379 = AXIS2_PLACEMENT_3D('',#380,#381,#382);
#380 = CARTESIAN_POINT('',(102.94,4.31,-1.));
#381 = DIRECTION('',(0.,1.110223024625E-16,-1.));
#382 = DIRECTION('',(0.,1.,1.110223024625E-16));
#383 = ADVANCED_FACE('',(#384),#402,.T.);
#384 = FACE_BOUND('',#385,.T.);
#385 = EDGE_LOOP('',(#386,#387,#395,#401));
#386 = ORIENTED_EDGE('',*,*,#159,.F.);
#387 = ORIENTED_EDGE('',*,*,#388,.T.);
#388 = EDGE_CURVE('',#151,#389,#391,.T.);
#389 = VERTEX_POINT('',#390);
#390 = CARTESIAN_POINT('',(108.36,8.,1.9));
#391 = LINE('',#392,#393);
#392 = CARTESIAN_POINT('',(108.36,8.,-1.));
#393 = VECTOR('',#394,1.);
#394 = DIRECTION('',(0.,0.,1.));
#395 = ORIENTED_EDGE('',*,*,#396,.T.);
#396 = EDGE_CURVE('',#389,#364,#397,.T.);
#397 = LINE('',#398,#399);
#398 = CARTESIAN_POINT('',(108.36,8.,1.9));
#399 = VECTOR('',#400,1.);
#400 = DIRECTION('',(-1.,0.,0.));
#401 = ORIENTED_EDGE('',*,*,#363,.F.);
#402 = PLANE('',#403);
#403 = AXIS2_PLACEMENT_3D('',#404,#405,#406);
#404 = CARTESIAN_POINT('',(108.36,8.,-1.));
#405 = DIRECTION('',(0.,-1.,0.));
#406 = DIRECTION('',(-1.,0.,0.));
#407 = ADVANCED_FACE('',(#408),#444,.F.);
#408 = FACE_BOUND('',#409,.T.);
#409 = EDGE_LOOP('',(#410,#427,#435,#442,#443));
#410 = ORIENTED_EDGE('',*,*,#411,.F.);
#411 = EDGE_CURVE('',#412,#143,#414,.T.);
#412 = VERTEX_POINT('',#413);
#413 = CARTESIAN_POINT('',(112.05,4.31,7.919802335025E-02));
#414 = B_SPLINE_CURVE_WITH_KNOTS('',6,(#415,#416,#417,#418,#419,#420,
    #421,#422,#423,#424,#425,#426),.UNSPECIFIED.,.F.,.F.,(7,5,7),(0.,
    0.785107795661,1.),.UNSPECIFIED.);
#415 = CARTESIAN_POINT('',(112.05,4.31,7.919802335018E-02));
#416 = CARTESIAN_POINT('',(112.05,4.667636338928,7.919802335018E-02));
#417 = CARTESIAN_POINT('',(112.00840579379,5.024891772219,
    7.288782160943E-02));
#418 = CARTESIAN_POINT('',(111.92537894949,5.378917889406,
    6.02901415578E-02));
#419 = CARTESIAN_POINT('',(111.79980030376,5.726616400249,
    4.31564481009E-02));
#420 = CARTESIAN_POINT('',(111.62955765826,6.063854344793,
    2.495987792419E-02));
#421 = CARTESIAN_POINT('',(111.35235962202,6.471738868742,
    8.619353977015E-03));
#422 = CARTESIAN_POINT('',(111.28922848365,6.558135665428,
    5.509286987955E-03));
#423 = CARTESIAN_POINT('',(111.22247895717,6.643136606079,
    2.933197308642E-03));
#424 = CARTESIAN_POINT('',(111.15205778479,6.726582251262,
    1.040664001833E-03));
#425 = CARTESIAN_POINT('',(111.07791407835,6.80829529367,
    -5.892540391664E-15));
#426 = CARTESIAN_POINT('',(111.,6.888080681437,-6.050715484207E-15));
#427 = ORIENTED_EDGE('',*,*,#428,.T.);
#428 = EDGE_CURVE('',#412,#429,#431,.T.);
#429 = VERTEX_POINT('',#430);
#430 = CARTESIAN_POINT('',(112.05,4.31,1.9));
#431 = LINE('',#432,#433);
#432 = CARTESIAN_POINT('',(112.05,4.31,-1.));
#433 = VECTOR('',#434,1.);
#434 = DIRECTION('',(0.,0.,1.));
#435 = ORIENTED_EDGE('',*,*,#436,.T.);
#436 = EDGE_CURVE('',#429,#389,#437,.T.);
#437 = CIRCLE('',#438,3.69);
#438 = AXIS2_PLACEMENT_3D('',#439,#440,#441);
#439 = CARTESIAN_POINT('',(108.36,4.31,1.9));
#440 = DIRECTION('',(0.,-1.110223024625E-16,1.));
#441 = DIRECTION('',(1.,-8.725330003829E-16,-9.687062267704E-32));
#442 = ORIENTED_EDGE('',*,*,#388,.F.);
#443 = ORIENTED_EDGE('',*,*,#150,.T.);
#444 = CYLINDRICAL_SURFACE('',#445,3.69);
#445 = AXIS2_PLACEMENT_3D('',#446,#447,#448);
#446 = CARTESIAN_POINT('',(108.36,4.31,-1.));
#447 = DIRECTION('',(0.,1.110223024625E-16,-1.));
#448 = DIRECTION('',(1.,-8.725330003829E-16,-9.687062267704E-32));
#449 = ADVANCED_FACE('',(#450),#509,.T.);
#450 = FACE_BOUND('',#451,.T.);
#451 = EDGE_LOOP('',(#452,#461,#469,#486,#492,#493,#494,#503));
#452 = ORIENTED_EDGE('',*,*,#453,.F.);
#453 = EDGE_CURVE('',#276,#454,#456,.T.);
#454 = VERTEX_POINT('',#455);
#455 = CARTESIAN_POINT('',(118.,1.6,7.));
#456 = CIRCLE('',#457,7.);
#457 = AXIS2_PLACEMENT_3D('',#458,#459,#460);
#458 = CARTESIAN_POINT('',(111.,1.6,7.));
#459 = DIRECTION('',(0.,-1.,0.));
#460 = DIRECTION('',(2.030122102172E-15,0.,-1.));
#461 = ORIENTED_EDGE('',*,*,#462,.T.);
#462 = EDGE_CURVE('',#276,#463,#465,.T.);
#463 = VERTEX_POINT('',#464);
#464 = CARTESIAN_POINT('',(111.,1.711919318564,-3.10862446895E-15));
#465 = LINE('',#466,#467);
#466 = CARTESIAN_POINT('',(111.,0.,-3.10862446895E-15));
#467 = VECTOR('',#468,1.);
#468 = DIRECTION('',(0.,1.,0.));
#469 = ORIENTED_EDGE('',*,*,#470,.T.);
#470 = EDGE_CURVE('',#463,#471,#473,.T.);
#471 = VERTEX_POINT('',#472);
#472 = CARTESIAN_POINT('',(112.05,4.29,7.919802335025E-02));
#473 = B_SPLINE_CURVE_WITH_KNOTS('',6,(#474,#475,#476,#477,#478,#479,
    #480,#481,#482,#483,#484,#485),.UNSPECIFIED.,.F.,.F.,(7,5,7),(0.,
    0.214998089564,1.),.UNSPECIFIED.);
#474 = CARTESIAN_POINT('',(111.,1.711919318563,-6.383782391595E-15));
#475 = CARTESIAN_POINT('',(111.07795246715,1.791744017137,
    -6.2255293651E-15));
#476 = CARTESIAN_POINT('',(111.15213078437,1.873498207129,
    1.041689728906E-03));
#477 = CARTESIAN_POINT('',(111.22258289527,1.956986566715,
    2.935992198876E-03));
#478 = CARTESIAN_POINT('',(111.28935979924,2.042031567809,
    5.514356324519E-03));
#479 = CARTESIAN_POINT('',(111.35251486312,2.128473594511,
    8.62700304458E-03));
#480 = CARTESIAN_POINT('',(111.62967206914,2.536372414486,
    2.497211758091E-02));
#481 = CARTESIAN_POINT('',(111.79986793388,2.873570709911,
    4.316566138983E-02));
#482 = CARTESIAN_POINT('',(111.92541252485,3.221225191082,
    6.029524293194E-02));
#483 = CARTESIAN_POINT('',(112.00841700077,3.57520453237,
    7.288951975324E-02));
#484 = CARTESIAN_POINT('',(112.05,3.932411845885,7.919802335018E-02));
#485 = CARTESIAN_POINT('',(112.05,4.29,7.919802335018E-02));
#486 = ORIENTED_EDGE('',*,*,#487,.F.);
#487 = EDGE_CURVE('',#412,#471,#488,.T.);
#488 = LINE('',#489,#490);
#489 = CARTESIAN_POINT('',(112.05,0.,7.919802335018E-02));
#490 = VECTOR('',#491,1.);
#491 = DIRECTION('',(0.,-1.,0.));
#492 = ORIENTED_EDGE('',*,*,#411,.T.);
#493 = ORIENTED_EDGE('',*,*,#142,.T.);
#494 = ORIENTED_EDGE('',*,*,#495,.T.);
#495 = EDGE_CURVE('',#135,#496,#498,.T.);
#496 = VERTEX_POINT('',#497);
#497 = CARTESIAN_POINT('',(118.,14.2,7.));
#498 = CIRCLE('',#499,7.);
#499 = AXIS2_PLACEMENT_3D('',#500,#501,#502);
#500 = CARTESIAN_POINT('',(111.,14.2,7.));
#501 = DIRECTION('',(0.,-1.,0.));
#502 = DIRECTION('',(2.030122102172E-15,0.,-1.));
#503 = ORIENTED_EDGE('',*,*,#504,.F.);
#504 = EDGE_CURVE('',#454,#496,#505,.T.);
#505 = LINE('',#506,#507);
#506 = CARTESIAN_POINT('',(118.,0.,7.));
#507 = VECTOR('',#508,1.);
#508 = DIRECTION('',(0.,1.,0.));
#509 = CYLINDRICAL_SURFACE('',#510,7.);
#510 = AXIS2_PLACEMENT_3D('',#511,#512,#513);
#511 = CARTESIAN_POINT('',(111.,0.,7.));
#512 = DIRECTION('',(0.,-1.,0.));
#513 = DIRECTION('',(2.030122102172E-15,0.,-1.));
#514 = ADVANCED_FACE('',(#515),#540,.F.);
#515 = FACE_BOUND('',#516,.F.);
#516 = EDGE_LOOP('',(#517,#525,#526,#534));
#517 = ORIENTED_EDGE('',*,*,#518,.F.);
#518 = EDGE_CURVE('',#127,#519,#521,.T.);
#519 = VERTEX_POINT('',#520);
#520 = CARTESIAN_POINT('',(44.,15.,0.8));
#521 = LINE('',#522,#523);
#522 = CARTESIAN_POINT('',(44.,14.05,-0.15));
#523 = VECTOR('',#524,1.);
#524 = DIRECTION('',(0.,0.707106781187,0.707106781187));
#525 = ORIENTED_EDGE('',*,*,#134,.T.);
#526 = ORIENTED_EDGE('',*,*,#527,.T.);
#527 = EDGE_CURVE('',#135,#528,#530,.T.);
#528 = VERTEX_POINT('',#529);
#529 = CARTESIAN_POINT('',(111.,15.,0.8));
#530 = LINE('',#531,#532);
#531 = CARTESIAN_POINT('',(111.,14.6,0.4));
#532 = VECTOR('',#533,1.);
#533 = DIRECTION('',(0.,0.707106781187,0.707106781187));
#534 = ORIENTED_EDGE('',*,*,#535,.F.);
#535 = EDGE_CURVE('',#519,#528,#536,.T.);
#536 = LINE('',#537,#538);
#537 = CARTESIAN_POINT('',(7.,15.,0.8));
#538 = VECTOR('',#539,1.);
#539 = DIRECTION('',(1.,0.,0.));
#540 = PLANE('',#541);
#541 = AXIS2_PLACEMENT_3D('',#542,#543,#544);
#542 = CARTESIAN_POINT('',(7.,14.6,0.4));
#543 = DIRECTION('',(6.983161618628E-18,-0.707106781187,0.707106781187)
  );
#544 = DIRECTION('',(1.,4.937840934654E-18,-4.937840934654E-18));
#545 = ADVANCED_FACE('',(#546),#572,.F.);
#546 = FACE_BOUND('',#547,.F.);
#547 = EDGE_LOOP('',(#548,#556,#557,#558,#566));
#548 = ORIENTED_EDGE('',*,*,#549,.F.);
#549 = EDGE_CURVE('',#119,#550,#552,.T.);
#550 = VERTEX_POINT('',#551);
#551 = CARTESIAN_POINT('',(44.,13.8,1.6));
#552 = LINE('',#553,#554);
#553 = CARTESIAN_POINT('',(44.,13.8,-1.));
#554 = VECTOR('',#555,1.);
#555 = DIRECTION('',(0.,0.,1.));
#556 = ORIENTED_EDGE('',*,*,#126,.F.);
#557 = ORIENTED_EDGE('',*,*,#518,.T.);
#558 = ORIENTED_EDGE('',*,*,#559,.T.);
#559 = EDGE_CURVE('',#519,#560,#562,.T.);
#560 = VERTEX_POINT('',#561);
#561 = CARTESIAN_POINT('',(44.,15.,1.6));
#562 = LINE('',#563,#564);
#563 = CARTESIAN_POINT('',(44.,15.,15.875));
#564 = VECTOR('',#565,1.);
#565 = DIRECTION('',(0.,0.,1.));
#566 = ORIENTED_EDGE('',*,*,#567,.T.);
#567 = EDGE_CURVE('',#560,#550,#568,.T.);
#568 = LINE('',#569,#570);
#569 = CARTESIAN_POINT('',(44.,13.2,1.6));
#570 = VECTOR('',#571,1.);
#571 = DIRECTION('',(0.,-1.,0.));
#572 = PLANE('',#573);
#573 = AXIS2_PLACEMENT_3D('',#574,#575,#576);
#574 = CARTESIAN_POINT('',(44.,13.8,-1.));
#575 = DIRECTION('',(1.,0.,0.));
#576 = DIRECTION('',(0.,0.,1.));
#577 = ADVANCED_FACE('',(#578),#596,.T.);
#578 = FACE_BOUND('',#579,.T.);
#579 = EDGE_LOOP('',(#580,#581,#582,#590));
#580 = ORIENTED_EDGE('',*,*,#549,.F.);
#581 = ORIENTED_EDGE('',*,*,#118,.F.);
#582 = ORIENTED_EDGE('',*,*,#583,.T.);
#583 = EDGE_CURVE('',#111,#584,#586,.T.);
#584 = VERTEX_POINT('',#585);
#585 = CARTESIAN_POINT('',(36.,13.8,1.6));
#586 = LINE('',#587,#588);
#587 = CARTESIAN_POINT('',(36.,13.8,-1.));
#588 = VECTOR('',#589,1.);
#589 = DIRECTION('',(0.,0.,1.));
#590 = ORIENTED_EDGE('',*,*,#591,.T.);
#591 = EDGE_CURVE('',#584,#550,#592,.T.);
#592 = LINE('',#593,#594);
#593 = CARTESIAN_POINT('',(19.8,13.8,1.6));
#594 = VECTOR('',#595,1.);
#595 = DIRECTION('',(1.,0.,0.));
#596 = PLANE('',#597);
#597 = AXIS2_PLACEMENT_3D('',#598,#599,#600);
#598 = CARTESIAN_POINT('',(36.,13.8,-1.));
#599 = DIRECTION('',(0.,1.,0.));
#600 = DIRECTION('',(0.,0.,1.));
#601 = ADVANCED_FACE('',(#602),#628,.T.);
#602 = FACE_BOUND('',#603,.T.);
#603 = EDGE_LOOP('',(#604,#605,#606,#614,#622));
#604 = ORIENTED_EDGE('',*,*,#583,.F.);
#605 = ORIENTED_EDGE('',*,*,#110,.F.);
#606 = ORIENTED_EDGE('',*,*,#607,.T.);
#607 = EDGE_CURVE('',#103,#608,#610,.T.);
#608 = VERTEX_POINT('',#609);
#609 = CARTESIAN_POINT('',(36.,15.,0.8));
#610 = LINE('',#611,#612);
#611 = CARTESIAN_POINT('',(36.,14.05,-0.15));
#612 = VECTOR('',#613,1.);
#613 = DIRECTION('',(0.,0.707106781187,0.707106781187));
#614 = ORIENTED_EDGE('',*,*,#615,.T.);
#615 = EDGE_CURVE('',#608,#616,#618,.T.);
#616 = VERTEX_POINT('',#617);
#617 = CARTESIAN_POINT('',(36.,15.,1.6));
#618 = LINE('',#619,#620);
#619 = CARTESIAN_POINT('',(36.,15.,15.875));
#620 = VECTOR('',#621,1.);
#621 = DIRECTION('',(0.,0.,1.));
#622 = ORIENTED_EDGE('',*,*,#623,.T.);
#623 = EDGE_CURVE('',#616,#584,#624,.T.);
#624 = LINE('',#625,#626);
#625 = CARTESIAN_POINT('',(36.,13.2,1.6));
#626 = VECTOR('',#627,1.);
#627 = DIRECTION('',(0.,-1.,0.));
#628 = PLANE('',#629);
#629 = AXIS2_PLACEMENT_3D('',#630,#631,#632);
#630 = CARTESIAN_POINT('',(36.,13.8,-1.));
#631 = DIRECTION('',(1.,0.,0.));
#632 = DIRECTION('',(0.,0.,1.));
#633 = ADVANCED_FACE('',(#634),#652,.F.);
#634 = FACE_BOUND('',#635,.F.);
#635 = EDGE_LOOP('',(#636,#644,#645,#646));
#636 = ORIENTED_EDGE('',*,*,#637,.F.);
#637 = EDGE_CURVE('',#95,#638,#640,.T.);
#638 = VERTEX_POINT('',#639);
#639 = CARTESIAN_POINT('',(7.,15.,0.8));
#640 = LINE('',#641,#642);
#641 = CARTESIAN_POINT('',(7.,14.6,0.4));
#642 = VECTOR('',#643,1.);
#643 = DIRECTION('',(0.,0.707106781187,0.707106781187));
#644 = ORIENTED_EDGE('',*,*,#102,.T.);
#645 = ORIENTED_EDGE('',*,*,#607,.T.);
#646 = ORIENTED_EDGE('',*,*,#647,.F.);
#647 = EDGE_CURVE('',#638,#608,#648,.T.);
#648 = LINE('',#649,#650);
#649 = CARTESIAN_POINT('',(7.,15.,0.8));
#650 = VECTOR('',#651,1.);
#651 = DIRECTION('',(1.,0.,0.));
#652 = PLANE('',#653);
#653 = AXIS2_PLACEMENT_3D('',#654,#655,#656);
#654 = CARTESIAN_POINT('',(7.,14.6,0.4));
#655 = DIRECTION('',(6.983161618628E-18,-0.707106781187,0.707106781187)
  );
#656 = DIRECTION('',(1.,4.937840934654E-18,-4.937840934654E-18));
#657 = ADVANCED_FACE('',(#658),#683,.T.);
#658 = FACE_BOUND('',#659,.T.);
#659 = EDGE_LOOP('',(#660,#670,#676,#677));
#660 = ORIENTED_EDGE('',*,*,#661,.T.);
#661 = EDGE_CURVE('',#662,#664,#666,.T.);
#662 = VERTEX_POINT('',#663);
#663 = CARTESIAN_POINT('',(0.,1.6,58.5));
#664 = VERTEX_POINT('',#665);
#665 = CARTESIAN_POINT('',(0.,14.2,58.5));
#666 = LINE('',#667,#668);
#667 = CARTESIAN_POINT('',(0.,0.,58.5));
#668 = VECTOR('',#669,1.);
#669 = DIRECTION('',(0.,1.,0.));
#670 = ORIENTED_EDGE('',*,*,#671,.T.);
#671 = EDGE_CURVE('',#664,#210,#672,.T.);
#672 = LINE('',#673,#674);
#673 = CARTESIAN_POINT('',(0.,14.2,58.5));
#674 = VECTOR('',#675,1.);
#675 = DIRECTION('',(0.,0.,-1.));
#676 = ORIENTED_EDGE('',*,*,#207,.F.);
#677 = ORIENTED_EDGE('',*,*,#678,.F.);
#678 = EDGE_CURVE('',#662,#208,#679,.T.);
#679 = LINE('',#680,#681);
#680 = CARTESIAN_POINT('',(0.,1.6,58.5));
#681 = VECTOR('',#682,1.);
#682 = DIRECTION('',(0.,0.,-1.));
#683 = PLANE('',#684);
#684 = AXIS2_PLACEMENT_3D('',#685,#686,#687);
#685 = CARTESIAN_POINT('',(0.,0.,58.5));
#686 = DIRECTION('',(-1.,0.,0.));
#687 = DIRECTION('',(0.,0.,-1.));
#688 = ADVANCED_FACE('',(#689),#782,.T.);
#689 = FACE_BOUND('',#690,.F.);
#690 = EDGE_LOOP('',(#691,#699,#700,#701,#710,#719,#766,#775));
#691 = ORIENTED_EDGE('',*,*,#692,.F.);
#692 = EDGE_CURVE('',#210,#693,#695,.T.);
#693 = VERTEX_POINT('',#694);
#694 = CARTESIAN_POINT('',(0.8,15.,7.));
#695 = LINE('',#696,#697);
#696 = CARTESIAN_POINT('',(0.4,14.6,7.));
#697 = VECTOR('',#698,1.);
#698 = DIRECTION('',(0.707106781187,0.707106781187,0.));
#699 = ORIENTED_EDGE('',*,*,#217,.T.);
#700 = ORIENTED_EDGE('',*,*,#637,.T.);
#701 = ORIENTED_EDGE('',*,*,#702,.F.);
#702 = EDGE_CURVE('',#703,#638,#705,.T.);
#703 = VERTEX_POINT('',#704);
#704 = CARTESIAN_POINT('',(3.953690757654,15.,1.6));
#705 = CIRCLE('',#706,6.2);
#706 = AXIS2_PLACEMENT_3D('',#707,#708,#709);
#707 = CARTESIAN_POINT('',(7.,15.,7.));
#708 = DIRECTION('',(-0.,-1.,-0.));
#709 = DIRECTION('',(-1.,0.,0.));
#710 = ORIENTED_EDGE('',*,*,#711,.T.);
#711 = EDGE_CURVE('',#703,#712,#714,.T.);
#712 = VERTEX_POINT('',#713);
#713 = CARTESIAN_POINT('',(3.6,14.818777546582,1.6));
#714 = HYPERBOLA('',#715,5.4,5.4);
#715 = AXIS2_PLACEMENT_3D('',#716,#717,#718);
#716 = CARTESIAN_POINT('',(7.,21.2,1.6));
#717 = DIRECTION('',(0.,0.,-1.));
#718 = DIRECTION('',(0.,-1.,0.));
#719 = ORIENTED_EDGE('',*,*,#720,.F.);
#720 = EDGE_CURVE('',#721,#712,#723,.T.);
#721 = VERTEX_POINT('',#722);
#722 = CARTESIAN_POINT('',(1.6,14.818777546582,3.6));
#723 = B_SPLINE_CURVE_WITH_KNOTS('',6,(#724,#725,#726,#727,#728,#729,
    #730,#731,#732,#733,#734,#735,#736,#737,#738,#739,#740,#741,#742,
    #743,#744,#745,#746,#747,#748,#749,#750,#751,#752,#753,#754,#755,
    #756,#757,#758,#759,#760,#761,#762,#763,#764,#765),.UNSPECIFIED.,.F.
  ,.F.,(7,5,5,5,5,5,5,5,7),(0.,0.253205569599,0.343767649005,
    0.395259471721,0.500442695422,0.605649508432,0.657167999752,
    0.749790318179,1.),.UNSPECIFIED.);
#724 = CARTESIAN_POINT('',(1.6,14.818777546582,3.6));
#725 = CARTESIAN_POINT('',(1.6,14.760338458187,3.490319757933));
#726 = CARTESIAN_POINT('',(1.607217721576,14.704315504069,3.376751041953
    ));
#727 = CARTESIAN_POINT('',(1.622613637109,14.651113461872,3.259280545056
    ));
#728 = CARTESIAN_POINT('',(1.647402391071,14.601457038491,3.138281435692
    ));
#729 = CARTESIAN_POINT('',(1.682923083462,14.556330841184,3.014608355802
    ));
#730 = CARTESIAN_POINT('',(1.747378642625,14.50281623067,2.844963755904)
  );
#731 = CARTESIAN_POINT('',(1.765882245909,14.489453604579,2.800124258509
    ));
#732 = CARTESIAN_POINT('',(1.785958701547,14.476882663646,2.755211584446
    ));
#733 = CARTESIAN_POINT('',(1.807650326203,14.465164392183,2.710317797508
    ));
#734 = CARTESIAN_POINT('',(1.830985706674,14.454361038294,2.665551292159
    ));
#735 = CARTESIAN_POINT('',(1.87018038201,14.438944698007,2.595725857781)
  );
#736 = CARTESIAN_POINT('',(1.884921609883,14.433671765925,2.570496795753
    ));
#737 = CARTESIAN_POINT('',(1.900198326008,14.428725300983,2.545372239527
    ));
#738 = CARTESIAN_POINT('',(1.916009512836,14.424115978941,2.520376652155
    ));
#739 = CARTESIAN_POINT('',(1.932351554689,14.419853880606,2.495535776448
    ));
#740 = CARTESIAN_POINT('',(1.983672098672,14.407970887646,2.420504986491
    ));
#741 = CARTESIAN_POINT('',(2.020319426096,14.401480460683,2.37088475259)
  );
#742 = CARTESIAN_POINT('',(2.05909729146,14.396558910305,2.322257744448)
  );
#743 = CARTESIAN_POINT('',(2.099900420575,14.393267349542,2.274863238883
    ));
#744 = CARTESIAN_POINT('',(2.142573449486,14.391639406867,2.228930379205
    ));
#745 = CARTESIAN_POINT('',(2.231242852948,14.391709256897,2.140400846847
    ));
#746 = CARTESIAN_POINT('',(2.277249562353,14.393407803629,2.097795349601
    ));
#747 = CARTESIAN_POINT('',(2.324710891769,14.396769878067,2.057066441883
    ));
#748 = CARTESIAN_POINT('',(2.373397075098,14.401761031445,2.018368311572
    ));
#749 = CARTESIAN_POINT('',(2.423068650374,14.408319454703,1.981804889167
    ));
#750 = CARTESIAN_POINT('',(2.498171949592,14.420301791427,1.930608596722
    ));
#751 = CARTESIAN_POINT('',(2.523039816562,14.424597027671,1.914305067832
    ));
#752 = CARTESIAN_POINT('',(2.548060699812,14.429239136357,1.89853323933)
  );
#753 = CARTESIAN_POINT('',(2.57320888066,14.434217984016,1.883296586494)
  );
#754 = CARTESIAN_POINT('',(2.598459936057,14.439522852952,1.868595993946
    ));
#755 = CARTESIAN_POINT('',(2.669331622999,14.4552455961,1.828961039472)
  );
#756 = CARTESIAN_POINT('',(2.715130099876,14.466366154491,1.805220015258
    ));
#757 = CARTESIAN_POINT('',(2.761053921543,14.478439610921,1.783197116587
    ));
#758 = CARTESIAN_POINT('',(2.806988106891,14.491399365365,1.762860756718
    ));
#759 = CARTESIAN_POINT('',(2.852835510317,14.50518033935,1.744164664461)
  );
#760 = CARTESIAN_POINT('',(3.02192229932,14.559006994343,1.680835812898)
  );
#761 = CARTESIAN_POINT('',(3.144003901555,14.603809985595,1.646237961685
    ));
#762 = CARTESIAN_POINT('',(3.263445614059,14.653001736087,1.62207090802)
  );
#763 = CARTESIAN_POINT('',(3.379438176728,14.705641290564,1.607047329632
    ));
#764 = CARTESIAN_POINT('',(3.491622256995,14.761032446971,1.6));
#765 = CARTESIAN_POINT('',(3.6,14.818777546582,1.6));
#766 = ORIENTED_EDGE('',*,*,#767,.T.);
#767 = EDGE_CURVE('',#721,#768,#770,.T.);
#768 = VERTEX_POINT('',#769);
#769 = CARTESIAN_POINT('',(1.6,15.,3.953690757654));
#770 = HYPERBOLA('',#771,5.4,5.4);
#771 = AXIS2_PLACEMENT_3D('',#772,#773,#774);
#772 = CARTESIAN_POINT('',(1.6,21.2,7.));
#773 = DIRECTION('',(-1.,0.,0.));
#774 = DIRECTION('',(-0.,-1.,-0.));
#775 = ORIENTED_EDGE('',*,*,#776,.F.);
#776 = EDGE_CURVE('',#693,#768,#777,.T.);
#777 = CIRCLE('',#778,6.2);
#778 = AXIS2_PLACEMENT_3D('',#779,#780,#781);
#779 = CARTESIAN_POINT('',(7.,15.,7.));
#780 = DIRECTION('',(-0.,-1.,-0.));
#781 = DIRECTION('',(-1.,0.,0.));
#782 = CONICAL_SURFACE('',#783,7.,0.785398163397);
#783 = AXIS2_PLACEMENT_3D('',#784,#785,#786);
#784 = CARTESIAN_POINT('',(7.,14.2,7.));
#785 = DIRECTION('',(0.,-1.,0.));
#786 = DIRECTION('',(-1.,0.,0.));
#787 = ADVANCED_FACE('',(#788),#807,.T.);
#788 = FACE_BOUND('',#789,.T.);
#789 = EDGE_LOOP('',(#790,#798,#799,#800));
#790 = ORIENTED_EDGE('',*,*,#791,.F.);
#791 = EDGE_CURVE('',#208,#792,#794,.T.);
#792 = VERTEX_POINT('',#793);
#793 = CARTESIAN_POINT('',(1.6,-1.110223024625E-16,7.));
#794 = LINE('',#795,#796);
#795 = CARTESIAN_POINT('',(0.8,0.8,7.));
#796 = VECTOR('',#797,1.);
#797 = DIRECTION('',(0.707106781187,-0.707106781187,0.));
#798 = ORIENTED_EDGE('',*,*,#225,.T.);
#799 = ORIENTED_EDGE('',*,*,#240,.T.);
#800 = ORIENTED_EDGE('',*,*,#801,.F.);
#801 = EDGE_CURVE('',#792,#241,#802,.T.);
#802 = CIRCLE('',#803,5.4);
#803 = AXIS2_PLACEMENT_3D('',#804,#805,#806);
#804 = CARTESIAN_POINT('',(7.,0.,7.));
#805 = DIRECTION('',(-0.,-1.,-0.));
#806 = DIRECTION('',(-1.,0.,0.));
#807 = CONICAL_SURFACE('',#808,7.,0.785398163397);
#808 = AXIS2_PLACEMENT_3D('',#809,#810,#811);
#809 = CARTESIAN_POINT('',(7.,1.6,7.));
#810 = DIRECTION('',(0.,1.,0.));
#811 = DIRECTION('',(-1.,0.,0.));
#812 = ADVANCED_FACE('',(#813,#866,#936,#1006,#1017),#1028,.T.);
#813 = FACE_BOUND('',#814,.T.);
#814 = EDGE_LOOP('',(#815,#816,#825,#833,#842,#850,#859,#865));
#815 = ORIENTED_EDGE('',*,*,#291,.T.);
#816 = ORIENTED_EDGE('',*,*,#817,.T.);
#817 = EDGE_CURVE('',#284,#818,#820,.T.);
#818 = VERTEX_POINT('',#819);
#819 = CARTESIAN_POINT('',(116.4,-2.22044604925E-16,7.));
#820 = CIRCLE('',#821,5.4);
#821 = AXIS2_PLACEMENT_3D('',#822,#823,#824);
#822 = CARTESIAN_POINT('',(111.,0.,7.));
#823 = DIRECTION('',(0.,-1.,0.));
#824 = DIRECTION('',(2.030122102172E-15,0.,-1.));
#825 = ORIENTED_EDGE('',*,*,#826,.T.);
#826 = EDGE_CURVE('',#818,#827,#829,.T.);
#827 = VERTEX_POINT('',#828);
#828 = CARTESIAN_POINT('',(116.4,7.771561172376E-16,58.5));
#829 = LINE('',#830,#831);
#830 = CARTESIAN_POINT('',(116.4,0.,7.));
#831 = VECTOR('',#832,1.);
#832 = DIRECTION('',(0.,0.,1.));
#833 = ORIENTED_EDGE('',*,*,#834,.T.);
#834 = EDGE_CURVE('',#827,#835,#837,.T.);
#835 = VERTEX_POINT('',#836);
#836 = CARTESIAN_POINT('',(111.,4.440892098501E-16,63.9));
#837 = CIRCLE('',#838,5.4);
#838 = AXIS2_PLACEMENT_3D('',#839,#840,#841);
#839 = CARTESIAN_POINT('',(111.,0.,58.5));
#840 = DIRECTION('',(0.,-1.,0.));
#841 = DIRECTION('',(1.,0.,1.015061051086E-15));
#842 = ORIENTED_EDGE('',*,*,#843,.T.);
#843 = EDGE_CURVE('',#835,#844,#846,.T.);
#844 = VERTEX_POINT('',#845);
#845 = CARTESIAN_POINT('',(7.,-9.992007221626E-16,63.9));
#846 = LINE('',#847,#848);
#847 = CARTESIAN_POINT('',(111.,0.,63.9));
#848 = VECTOR('',#849,1.);
#849 = DIRECTION('',(-1.,0.,0.));
#850 = ORIENTED_EDGE('',*,*,#851,.T.);
#851 = EDGE_CURVE('',#844,#852,#854,.T.);
#852 = VERTEX_POINT('',#853);
#853 = CARTESIAN_POINT('',(1.6,4.440892098501E-16,58.5));
#854 = CIRCLE('',#855,5.4);
#855 = AXIS2_PLACEMENT_3D('',#856,#857,#858);
#856 = CARTESIAN_POINT('',(7.,0.,58.5));
#857 = DIRECTION('',(0.,-1.,0.));
#858 = DIRECTION('',(0.,0.,1.));
#859 = ORIENTED_EDGE('',*,*,#860,.T.);
#860 = EDGE_CURVE('',#852,#792,#861,.T.);
#861 = LINE('',#862,#863);
#862 = CARTESIAN_POINT('',(1.6,0.,58.5));
#863 = VECTOR('',#864,1.);
#864 = DIRECTION('',(0.,0.,-1.));
#865 = ORIENTED_EDGE('',*,*,#801,.T.);
#866 = FACE_BOUND('',#867,.T.);
#867 = EDGE_LOOP('',(#868,#879,#887,#896,#904,#913,#921,#930));
#868 = ORIENTED_EDGE('',*,*,#869,.T.);
#869 = EDGE_CURVE('',#870,#872,#874,.T.);
#870 = VERTEX_POINT('',#871);
#871 = CARTESIAN_POINT('',(81.090070921986,1.387778780781E-17,9.25));
#872 = VERTEX_POINT('',#873);
#873 = CARTESIAN_POINT('',(78.5,1.387778780781E-17,6.659929078014));
#874 = CIRCLE('',#875,2.590070921986);
#875 = AXIS2_PLACEMENT_3D('',#876,#877,#878);
#876 = CARTESIAN_POINT('',(78.5,0.,9.25));
#877 = DIRECTION('',(-0.,1.,0.));
#878 = DIRECTION('',(0.,0.,-1.));
#879 = ORIENTED_EDGE('',*,*,#880,.T.);
#880 = EDGE_CURVE('',#872,#881,#883,.T.);
#881 = VERTEX_POINT('',#882);
#882 = CARTESIAN_POINT('',(15.3,1.387778780781E-17,6.659929078014));
#883 = LINE('',#884,#885);
#884 = CARTESIAN_POINT('',(37.15,-1.110223024625E-16,6.659929078014));
#885 = VECTOR('',#886,1.);
#886 = DIRECTION('',(-1.,0.,0.));
#887 = ORIENTED_EDGE('',*,*,#888,.T.);
#888 = EDGE_CURVE('',#881,#889,#891,.T.);
#889 = VERTEX_POINT('',#890);
#890 = CARTESIAN_POINT('',(12.709929078014,1.387778780781E-17,9.25));
#891 = CIRCLE('',#892,2.590070921986);
#892 = AXIS2_PLACEMENT_3D('',#893,#894,#895);
#893 = CARTESIAN_POINT('',(15.3,0.,9.25));
#894 = DIRECTION('',(0.,1.,-0.));
#895 = DIRECTION('',(-1.,0.,0.));
#896 = ORIENTED_EDGE('',*,*,#897,.T.);
#897 = EDGE_CURVE('',#889,#898,#900,.T.);
#898 = VERTEX_POINT('',#899);
#899 = CARTESIAN_POINT('',(12.709929078014,1.387778780781E-17,56.25));
#900 = LINE('',#901,#902);
#901 = CARTESIAN_POINT('',(12.709929078014,-1.110223024625E-16,44.5));
#902 = VECTOR('',#903,1.);
#903 = DIRECTION('',(0.,0.,1.));
#904 = ORIENTED_EDGE('',*,*,#905,.T.);
#905 = EDGE_CURVE('',#898,#906,#908,.T.);
#906 = VERTEX_POINT('',#907);
#907 = CARTESIAN_POINT('',(15.3,1.387778780781E-17,58.840070921986));
#908 = CIRCLE('',#909,2.590070921986);
#909 = AXIS2_PLACEMENT_3D('',#910,#911,#912);
#910 = CARTESIAN_POINT('',(15.3,0.,56.25));
#911 = DIRECTION('',(-0.,1.,0.));
#912 = DIRECTION('',(6.832141690001E-16,0.,1.));
#913 = ORIENTED_EDGE('',*,*,#914,.T.);
#914 = EDGE_CURVE('',#906,#915,#917,.T.);
#915 = VERTEX_POINT('',#916);
#916 = CARTESIAN_POINT('',(78.5,1.387778780781E-17,58.840070921986));
#917 = LINE('',#918,#919);
#918 = CARTESIAN_POINT('',(68.75,-3.330669073875E-16,58.840070921986));
#919 = VECTOR('',#920,1.);
#920 = DIRECTION('',(1.,0.,0.));
#921 = ORIENTED_EDGE('',*,*,#922,.T.);
#922 = EDGE_CURVE('',#915,#923,#925,.T.);
#923 = VERTEX_POINT('',#924);
#924 = CARTESIAN_POINT('',(81.090070921986,1.387778780781E-17,56.25));
#925 = CIRCLE('',#926,2.590070921986);
#926 = AXIS2_PLACEMENT_3D('',#927,#928,#929);
#927 = CARTESIAN_POINT('',(78.5,0.,56.25));
#928 = DIRECTION('',(-0.,1.,0.));
#929 = DIRECTION('',(1.,0.,0.));
#930 = ORIENTED_EDGE('',*,*,#931,.T.);
#931 = EDGE_CURVE('',#923,#870,#932,.T.);
#932 = LINE('',#933,#934);
#933 = CARTESIAN_POINT('',(81.090070921986,0.,21.));
#934 = VECTOR('',#935,1.);
#935 = DIRECTION('',(0.,0.,-1.));
#936 = FACE_BOUND('',#937,.T.);
#937 = EDGE_LOOP('',(#938,#949,#957,#966,#974,#983,#991,#1000));
#938 = ORIENTED_EDGE('',*,*,#939,.T.);
#939 = EDGE_CURVE('',#940,#942,#944,.T.);
#940 = VERTEX_POINT('',#941);
#941 = CARTESIAN_POINT('',(112.3400990099,8.673617379884E-18,29.45));
#942 = VERTEX_POINT('',#943);
#943 = CARTESIAN_POINT('',(110.35,8.673617379884E-18,27.459900990099));
#944 = CIRCLE('',#945,1.990099009901);
#945 = AXIS2_PLACEMENT_3D('',#946,#947,#948);
#946 = CARTESIAN_POINT('',(110.35,0.,29.45));
#947 = DIRECTION('',(-0.,1.,0.));
#948 = DIRECTION('',(0.,0.,-1.));
#949 = ORIENTED_EDGE('',*,*,#950,.T.);
#950 = EDGE_CURVE('',#942,#951,#953,.T.);
#951 = VERTEX_POINT('',#952);
#952 = CARTESIAN_POINT('',(91.35,8.673617379884E-18,27.459900990099));
#953 = LINE('',#954,#955);
#954 = CARTESIAN_POINT('',(75.175,-2.22044604925E-16,27.459900990099));
#955 = VECTOR('',#956,1.);
#956 = DIRECTION('',(-1.,0.,0.));
#957 = ORIENTED_EDGE('',*,*,#958,.T.);
#958 = EDGE_CURVE('',#951,#959,#961,.T.);
#959 = VERTEX_POINT('',#960);
#960 = CARTESIAN_POINT('',(89.359900990099,8.673617379884E-18,29.45));
#961 = CIRCLE('',#962,1.990099009901);
#962 = AXIS2_PLACEMENT_3D('',#963,#964,#965);
#963 = CARTESIAN_POINT('',(91.35,0.,29.45));
#964 = DIRECTION('',(0.,1.,-0.));
#965 = DIRECTION('',(-1.,-0.,-1.7763568394E-15));
#966 = ORIENTED_EDGE('',*,*,#967,.T.);
#967 = EDGE_CURVE('',#959,#968,#970,.T.);
#968 = VERTEX_POINT('',#969);
#969 = CARTESIAN_POINT('',(89.359900990099,8.673617379884E-18,56.45));
#970 = LINE('',#971,#972);
#971 = CARTESIAN_POINT('',(89.359900990099,-2.22044604925E-16,44.6));
#972 = VECTOR('',#973,1.);
#973 = DIRECTION('',(0.,0.,1.));
#974 = ORIENTED_EDGE('',*,*,#975,.T.);
#975 = EDGE_CURVE('',#968,#976,#978,.T.);
#976 = VERTEX_POINT('',#977);
#977 = CARTESIAN_POINT('',(91.35,8.673617379884E-18,58.440099009901));
#978 = CIRCLE('',#979,1.990099009901);
#979 = AXIS2_PLACEMENT_3D('',#980,#981,#982);
#980 = CARTESIAN_POINT('',(91.35,0.,56.45));
#981 = DIRECTION('',(0.,1.,0.));
#982 = DIRECTION('',(0.,0.,1.));
#983 = ORIENTED_EDGE('',*,*,#984,.T.);
#984 = EDGE_CURVE('',#976,#985,#987,.T.);
#985 = VERTEX_POINT('',#986);
#986 = CARTESIAN_POINT('',(110.35,8.673617379884E-18,58.440099009901));
#987 = LINE('',#988,#989);
#988 = CARTESIAN_POINT('',(84.675,-2.22044604925E-16,58.440099009901));
#989 = VECTOR('',#990,1.);
#990 = DIRECTION('',(1.,0.,0.));
#991 = ORIENTED_EDGE('',*,*,#992,.T.);
#992 = EDGE_CURVE('',#985,#993,#995,.T.);
#993 = VERTEX_POINT('',#994);
#994 = CARTESIAN_POINT('',(112.3400990099,8.673617379884E-18,56.45));
#995 = CIRCLE('',#996,1.990099009901);
#996 = AXIS2_PLACEMENT_3D('',#997,#998,#999);
#997 = CARTESIAN_POINT('',(110.35,0.,56.45));
#998 = DIRECTION('',(-0.,1.,0.));
#999 = DIRECTION('',(1.,0.,3.552713678801E-15));
#1000 = ORIENTED_EDGE('',*,*,#1001,.T.);
#1001 = EDGE_CURVE('',#993,#940,#1002,.T.);
#1002 = LINE('',#1003,#1004);
#1003 = CARTESIAN_POINT('',(112.3400990099,-2.22044604925E-16,31.1));
#1004 = VECTOR('',#1005,1.);
#1005 = DIRECTION('',(0.,0.,-1.));
#1006 = FACE_BOUND('',#1007,.T.);
#1007 = EDGE_LOOP('',(#1008));
#1008 = ORIENTED_EDGE('',*,*,#1009,.T.);
#1009 = EDGE_CURVE('',#1010,#1010,#1012,.T.);
#1010 = VERTEX_POINT('',#1011);
#1011 = CARTESIAN_POINT('',(102.2,0.,12.1));
#1012 = CIRCLE('',#1013,1.);
#1013 = AXIS2_PLACEMENT_3D('',#1014,#1015,#1016);
#1014 = CARTESIAN_POINT('',(102.2,0.,11.1));
#1015 = DIRECTION('',(0.,1.,0.));
#1016 = DIRECTION('',(0.,0.,1.));
#1017 = FACE_BOUND('',#1018,.T.);
#1018 = EDGE_LOOP('',(#1019));
#1019 = ORIENTED_EDGE('',*,*,#1020,.T.);
#1020 = EDGE_CURVE('',#1021,#1021,#1023,.T.);
#1021 = VERTEX_POINT('',#1022);
#1022 = CARTESIAN_POINT('',(109.3,0.,15.));
#1023 = CIRCLE('',#1024,3.9);
#1024 = AXIS2_PLACEMENT_3D('',#1025,#1026,#1027);
#1025 = CARTESIAN_POINT('',(109.3,0.,11.1));
#1026 = DIRECTION('',(0.,1.,0.));
#1027 = DIRECTION('',(0.,0.,1.));
#1028 = PLANE('',#1029);
#1029 = AXIS2_PLACEMENT_3D('',#1030,#1031,#1032);
#1030 = CARTESIAN_POINT('',(59.,0.,32.75));
#1031 = DIRECTION('',(-0.,-1.,-0.));
#1032 = DIRECTION('',(0.,0.,-1.));
#1033 = ADVANCED_FACE('',(#1034),#1045,.T.);
#1034 = FACE_BOUND('',#1035,.T.);
#1035 = EDGE_LOOP('',(#1036,#1037,#1038,#1044));
#1036 = ORIENTED_EDGE('',*,*,#283,.F.);
#1037 = ORIENTED_EDGE('',*,*,#453,.T.);
#1038 = ORIENTED_EDGE('',*,*,#1039,.T.);
#1039 = EDGE_CURVE('',#454,#818,#1040,.T.);
#1040 = LINE('',#1041,#1042);
#1041 = CARTESIAN_POINT('',(118.,1.6,7.));
#1042 = VECTOR('',#1043,1.);
#1043 = DIRECTION('',(-0.707106781187,-0.707106781187,3.348864022816E-16
    ));
#1044 = ORIENTED_EDGE('',*,*,#817,.F.);
#1045 = CONICAL_SURFACE('',#1046,7.,0.785398163397);
#1046 = AXIS2_PLACEMENT_3D('',#1047,#1048,#1049);
#1047 = CARTESIAN_POINT('',(111.,1.6,7.));
#1048 = DIRECTION('',(0.,1.,0.));
#1049 = DIRECTION('',(2.030122102172E-15,0.,-1.));
#1050 = ADVANCED_FACE('',(#1051),#1062,.T.);
#1051 = FACE_BOUND('',#1052,.T.);
#1052 = EDGE_LOOP('',(#1053,#1054,#1061));
#1053 = ORIENTED_EDGE('',*,*,#275,.F.);
#1054 = ORIENTED_EDGE('',*,*,#1055,.F.);
#1055 = EDGE_CURVE('',#463,#267,#1056,.T.);
#1056 = CIRCLE('',#1057,3.69);
#1057 = AXIS2_PLACEMENT_3D('',#1058,#1059,#1060);
#1058 = CARTESIAN_POINT('',(108.36,4.29,0.));
#1059 = DIRECTION('',(0.,1.110223024625E-16,-1.));
#1060 = DIRECTION('',(0.,-1.,-1.110223024625E-16));
#1061 = ORIENTED_EDGE('',*,*,#462,.F.);
#1062 = PLANE('',#1063);
#1063 = AXIS2_PLACEMENT_3D('',#1064,#1065,#1066);
#1064 = CARTESIAN_POINT('',(7.,0.,0.));
#1065 = DIRECTION('',(0.,0.,-1.));
#1066 = DIRECTION('',(1.,0.,0.));
#1067 = ADVANCED_FACE('',(#1068),#1096,.F.);
#1068 = FACE_BOUND('',#1069,.T.);
#1069 = EDGE_LOOP('',(#1070,#1071,#1079,#1088,#1094,#1095));
#1070 = ORIENTED_EDGE('',*,*,#266,.T.);
#1071 = ORIENTED_EDGE('',*,*,#1072,.T.);
#1072 = EDGE_CURVE('',#259,#1073,#1075,.T.);
#1073 = VERTEX_POINT('',#1074);
#1074 = CARTESIAN_POINT('',(108.36,0.6,1.9));
#1075 = LINE('',#1076,#1077);
#1076 = CARTESIAN_POINT('',(108.36,0.6,-1.));
#1077 = VECTOR('',#1078,1.);
#1078 = DIRECTION('',(0.,0.,1.));
#1079 = ORIENTED_EDGE('',*,*,#1080,.T.);
#1080 = EDGE_CURVE('',#1073,#1081,#1083,.T.);
#1081 = VERTEX_POINT('',#1082);
#1082 = CARTESIAN_POINT('',(112.05,4.29,1.9));
#1083 = CIRCLE('',#1084,3.69);
#1084 = AXIS2_PLACEMENT_3D('',#1085,#1086,#1087);
#1085 = CARTESIAN_POINT('',(108.36,4.29,1.9));
#1086 = DIRECTION('',(0.,-1.110223024625E-16,1.));
#1087 = DIRECTION('',(0.,-1.,-1.110223024625E-16));
#1088 = ORIENTED_EDGE('',*,*,#1089,.F.);
#1089 = EDGE_CURVE('',#471,#1081,#1090,.T.);
#1090 = LINE('',#1091,#1092);
#1091 = CARTESIAN_POINT('',(112.05,4.29,-1.));
#1092 = VECTOR('',#1093,1.);
#1093 = DIRECTION('',(0.,0.,1.));
#1094 = ORIENTED_EDGE('',*,*,#470,.F.);
#1095 = ORIENTED_EDGE('',*,*,#1055,.T.);
#1096 = CYLINDRICAL_SURFACE('',#1097,3.69);
#1097 = AXIS2_PLACEMENT_3D('',#1098,#1099,#1100);
#1098 = CARTESIAN_POINT('',(108.36,4.29,-1.));
#1099 = DIRECTION('',(0.,1.110223024625E-16,-1.));
#1100 = DIRECTION('',(0.,-1.,-1.110223024625E-16));
#1101 = ADVANCED_FACE('',(#1102),#1113,.T.);
#1102 = FACE_BOUND('',#1103,.T.);
#1103 = EDGE_LOOP('',(#1104,#1105,#1106,#1112));
#1104 = ORIENTED_EDGE('',*,*,#258,.F.);
#1105 = ORIENTED_EDGE('',*,*,#323,.T.);
#1106 = ORIENTED_EDGE('',*,*,#1107,.T.);
#1107 = EDGE_CURVE('',#315,#1073,#1108,.T.);
#1108 = LINE('',#1109,#1110);
#1109 = CARTESIAN_POINT('',(102.94,0.6,1.9));
#1110 = VECTOR('',#1111,1.);
#1111 = DIRECTION('',(1.,0.,0.));
#1112 = ORIENTED_EDGE('',*,*,#1072,.F.);
#1113 = PLANE('',#1114);
#1114 = AXIS2_PLACEMENT_3D('',#1115,#1116,#1117);
#1115 = CARTESIAN_POINT('',(102.94,0.6,-1.));
#1116 = DIRECTION('',(0.,1.,0.));
#1117 = DIRECTION('',(1.,0.,0.));
#1118 = ADVANCED_FACE('',(#1119,#1134),#1204,.F.);
#1119 = FACE_BOUND('',#1120,.F.);
#1120 = EDGE_LOOP('',(#1121,#1122,#1123,#1129,#1130,#1131,#1132,#1133));
#1121 = ORIENTED_EDGE('',*,*,#1107,.T.);
#1122 = ORIENTED_EDGE('',*,*,#1080,.T.);
#1123 = ORIENTED_EDGE('',*,*,#1124,.T.);
#1124 = EDGE_CURVE('',#1081,#429,#1125,.T.);
#1125 = LINE('',#1126,#1127);
#1126 = CARTESIAN_POINT('',(112.05,4.29,1.9));
#1127 = VECTOR('',#1128,1.);
#1128 = DIRECTION('',(0.,1.,1.110223024625E-16));
#1129 = ORIENTED_EDGE('',*,*,#436,.T.);
#1130 = ORIENTED_EDGE('',*,*,#396,.T.);
#1131 = ORIENTED_EDGE('',*,*,#371,.T.);
#1132 = ORIENTED_EDGE('',*,*,#347,.T.);
#1133 = ORIENTED_EDGE('',*,*,#314,.T.);
#1134 = FACE_BOUND('',#1135,.F.);
#1135 = EDGE_LOOP('',(#1136,#1146,#1155,#1163,#1172,#1180,#1189,#1197));
#1136 = ORIENTED_EDGE('',*,*,#1137,.F.);
#1137 = EDGE_CURVE('',#1138,#1140,#1142,.T.);
#1138 = VERTEX_POINT('',#1139);
#1139 = CARTESIAN_POINT('',(102.89,2.55,1.9));
#1140 = VERTEX_POINT('',#1141);
#1141 = CARTESIAN_POINT('',(108.41,2.55,1.9));
#1142 = LINE('',#1143,#1144);
#1143 = CARTESIAN_POINT('',(104.27,2.55,1.9));
#1144 = VECTOR('',#1145,1.);
#1145 = DIRECTION('',(1.,0.,0.));
#1146 = ORIENTED_EDGE('',*,*,#1147,.T.);
#1147 = EDGE_CURVE('',#1138,#1148,#1150,.T.);
#1148 = VERTEX_POINT('',#1149);
#1149 = CARTESIAN_POINT('',(101.15,4.29,1.9));
#1150 = CIRCLE('',#1151,1.74);
#1151 = AXIS2_PLACEMENT_3D('',#1152,#1153,#1154);
#1152 = CARTESIAN_POINT('',(102.89,4.29,1.9));
#1153 = DIRECTION('',(0.,1.110223024625E-16,-1.));
#1154 = DIRECTION('',(-1.,9.57088814332E-17,1.062582038283E-32));
#1155 = ORIENTED_EDGE('',*,*,#1156,.F.);
#1156 = EDGE_CURVE('',#1157,#1148,#1159,.T.);
#1157 = VERTEX_POINT('',#1158);
#1158 = CARTESIAN_POINT('',(101.15,4.31,1.9));
#1159 = LINE('',#1160,#1161);
#1160 = CARTESIAN_POINT('',(101.15,4.305,1.9));
#1161 = VECTOR('',#1162,1.);
#1162 = DIRECTION('',(0.,-1.,-1.110223024625E-16));
#1163 = ORIENTED_EDGE('',*,*,#1164,.T.);
#1164 = EDGE_CURVE('',#1157,#1165,#1167,.T.);
#1165 = VERTEX_POINT('',#1166);
#1166 = CARTESIAN_POINT('',(102.89,6.05,1.9));
#1167 = CIRCLE('',#1168,1.74);
#1168 = AXIS2_PLACEMENT_3D('',#1169,#1170,#1171);
#1169 = CARTESIAN_POINT('',(102.89,4.31,1.9));
#1170 = DIRECTION('',(0.,1.110223024625E-16,-1.));
#1171 = DIRECTION('',(-8.1671578823E-15,1.,1.110223024625E-16));
#1172 = ORIENTED_EDGE('',*,*,#1173,.F.);
#1173 = EDGE_CURVE('',#1174,#1165,#1176,.T.);
#1174 = VERTEX_POINT('',#1175);
#1175 = CARTESIAN_POINT('',(108.41,6.05,1.9));
#1176 = LINE('',#1177,#1178);
#1177 = CARTESIAN_POINT('',(107.03,6.05,1.9));
#1178 = VECTOR('',#1179,1.);
#1179 = DIRECTION('',(-1.,-0.,-0.));
#1180 = ORIENTED_EDGE('',*,*,#1181,.T.);
#1181 = EDGE_CURVE('',#1174,#1182,#1184,.T.);
#1182 = VERTEX_POINT('',#1183);
#1183 = CARTESIAN_POINT('',(110.15,4.31,1.9));
#1184 = CIRCLE('',#1185,1.74);
#1185 = AXIS2_PLACEMENT_3D('',#1186,#1187,#1188);
#1186 = CARTESIAN_POINT('',(108.41,4.31,1.9));
#1187 = DIRECTION('',(0.,1.110223024625E-16,-1.));
#1188 = DIRECTION('',(1.,-9.57088814332E-17,-1.062582038283E-32));
#1189 = ORIENTED_EDGE('',*,*,#1190,.F.);
#1190 = EDGE_CURVE('',#1191,#1182,#1193,.T.);
#1191 = VERTEX_POINT('',#1192);
#1192 = CARTESIAN_POINT('',(110.15,4.29,1.9));
#1193 = LINE('',#1194,#1195);
#1194 = CARTESIAN_POINT('',(110.15,4.295,1.9));
#1195 = VECTOR('',#1196,1.);
#1196 = DIRECTION('',(0.,1.,1.110223024625E-16));
#1197 = ORIENTED_EDGE('',*,*,#1198,.T.);
#1198 = EDGE_CURVE('',#1191,#1140,#1199,.T.);
#1199 = CIRCLE('',#1200,1.74);
#1200 = AXIS2_PLACEMENT_3D('',#1201,#1202,#1203);
#1201 = CARTESIAN_POINT('',(108.41,4.29,1.9));
#1202 = DIRECTION('',(0.,1.110223024625E-16,-1.));
#1203 = DIRECTION('',(8.1671578823E-15,-1.,-1.110223024625E-16));
#1204 = PLANE('',#1205);
#1205 = AXIS2_PLACEMENT_3D('',#1206,#1207,#1208);
#1206 = CARTESIAN_POINT('',(105.65,4.3,1.9));
#1207 = DIRECTION('',(-0.,-1.110223024625E-16,1.));
#1208 = DIRECTION('',(0.,-1.,-1.110223024625E-16));
#1209 = ADVANCED_FACE('',(#1210),#1216,.T.);
#1210 = FACE_BOUND('',#1211,.T.);
#1211 = EDGE_LOOP('',(#1212,#1213,#1214,#1215));
#1212 = ORIENTED_EDGE('',*,*,#487,.T.);
#1213 = ORIENTED_EDGE('',*,*,#1089,.T.);
#1214 = ORIENTED_EDGE('',*,*,#1124,.T.);
#1215 = ORIENTED_EDGE('',*,*,#428,.F.);
#1216 = PLANE('',#1217);
#1217 = AXIS2_PLACEMENT_3D('',#1218,#1219,#1220);
#1218 = CARTESIAN_POINT('',(112.05,4.29,-1.));
#1219 = DIRECTION('',(-1.,0.,0.));
#1220 = DIRECTION('',(0.,1.,1.110223024625E-16));
#1221 = ADVANCED_FACE('',(#1222),#1247,.T.);
#1222 = FACE_BOUND('',#1223,.T.);
#1223 = EDGE_LOOP('',(#1224,#1225,#1233,#1241));
#1224 = ORIENTED_EDGE('',*,*,#504,.T.);
#1225 = ORIENTED_EDGE('',*,*,#1226,.T.);
#1226 = EDGE_CURVE('',#496,#1227,#1229,.T.);
#1227 = VERTEX_POINT('',#1228);
#1228 = CARTESIAN_POINT('',(118.,14.2,58.5));
#1229 = LINE('',#1230,#1231);
#1230 = CARTESIAN_POINT('',(118.,14.2,7.));
#1231 = VECTOR('',#1232,1.);
#1232 = DIRECTION('',(0.,0.,1.));
#1233 = ORIENTED_EDGE('',*,*,#1234,.F.);
#1234 = EDGE_CURVE('',#1235,#1227,#1237,.T.);
#1235 = VERTEX_POINT('',#1236);
#1236 = CARTESIAN_POINT('',(118.,1.6,58.5));
#1237 = LINE('',#1238,#1239);
#1238 = CARTESIAN_POINT('',(118.,0.,58.5));
#1239 = VECTOR('',#1240,1.);
#1240 = DIRECTION('',(0.,1.,0.));
#1241 = ORIENTED_EDGE('',*,*,#1242,.F.);
#1242 = EDGE_CURVE('',#454,#1235,#1243,.T.);
#1243 = LINE('',#1244,#1245);
#1244 = CARTESIAN_POINT('',(118.,1.6,7.));
#1245 = VECTOR('',#1246,1.);
#1246 = DIRECTION('',(0.,0.,1.));
#1247 = PLANE('',#1248);
#1248 = AXIS2_PLACEMENT_3D('',#1249,#1250,#1251);
#1249 = CARTESIAN_POINT('',(118.,0.,7.));
#1250 = DIRECTION('',(1.,0.,0.));
#1251 = DIRECTION('',(0.,0.,1.));
#1252 = ADVANCED_FACE('',(#1253),#1346,.T.);
#1253 = FACE_BOUND('',#1254,.F.);
#1254 = EDGE_LOOP('',(#1255,#1256,#1257,#1265,#1274,#1283,#1330,#1339));
#1255 = ORIENTED_EDGE('',*,*,#527,.F.);
#1256 = ORIENTED_EDGE('',*,*,#495,.T.);
#1257 = ORIENTED_EDGE('',*,*,#1258,.T.);
#1258 = EDGE_CURVE('',#496,#1259,#1261,.T.);
#1259 = VERTEX_POINT('',#1260);
#1260 = CARTESIAN_POINT('',(117.2,15.,7.));
#1261 = LINE('',#1262,#1263);
#1262 = CARTESIAN_POINT('',(118.,14.2,7.));
#1263 = VECTOR('',#1264,1.);
#1264 = DIRECTION('',(-0.707106781187,0.707106781187,3.348864022816E-16)
  );
#1265 = ORIENTED_EDGE('',*,*,#1266,.F.);
#1266 = EDGE_CURVE('',#1267,#1259,#1269,.T.);
#1267 = VERTEX_POINT('',#1268);
#1268 = CARTESIAN_POINT('',(116.4,15.,3.953690757654));
#1269 = CIRCLE('',#1270,6.2);
#1270 = AXIS2_PLACEMENT_3D('',#1271,#1272,#1273);
#1271 = CARTESIAN_POINT('',(111.,15.,7.));
#1272 = DIRECTION('',(0.,-1.,0.));
#1273 = DIRECTION('',(2.030122102172E-15,0.,-1.));
#1274 = ORIENTED_EDGE('',*,*,#1275,.T.);
#1275 = EDGE_CURVE('',#1267,#1276,#1278,.T.);
#1276 = VERTEX_POINT('',#1277);
#1277 = CARTESIAN_POINT('',(116.4,14.818777546582,3.6));
#1278 = HYPERBOLA('',#1279,5.4,5.4);
#1279 = AXIS2_PLACEMENT_3D('',#1280,#1281,#1282);
#1280 = CARTESIAN_POINT('',(116.4,21.2,7.));
#1281 = DIRECTION('',(1.,0.,0.));
#1282 = DIRECTION('',(0.,-1.,0.));
#1283 = ORIENTED_EDGE('',*,*,#1284,.F.);
#1284 = EDGE_CURVE('',#1285,#1276,#1287,.T.);
#1285 = VERTEX_POINT('',#1286);
#1286 = CARTESIAN_POINT('',(114.4,14.818777546582,1.6));
#1287 = B_SPLINE_CURVE_WITH_KNOTS('',6,(#1288,#1289,#1290,#1291,#1292,
    #1293,#1294,#1295,#1296,#1297,#1298,#1299,#1300,#1301,#1302,#1303,
    #1304,#1305,#1306,#1307,#1308,#1309,#1310,#1311,#1312,#1313,#1314,
    #1315,#1316,#1317,#1318,#1319,#1320,#1321,#1322,#1323,#1324,#1325,
    #1326,#1327,#1328,#1329),.UNSPECIFIED.,.F.,.F.,(7,5,5,5,5,5,5,5,7),(
    0.,0.253205569599,0.343767649005,0.395259471721,0.500442695422,
    0.605649508433,0.657167999752,0.749790318179,1.),.UNSPECIFIED.);
#1288 = CARTESIAN_POINT('',(114.4,14.818777546583,1.6));
#1289 = CARTESIAN_POINT('',(114.50968024206,14.760338458187,1.6));
#1290 = CARTESIAN_POINT('',(114.62324895804,14.70431550407,
    1.607217721576));
#1291 = CARTESIAN_POINT('',(114.74071945494,14.651113461871,
    1.622613637109));
#1292 = CARTESIAN_POINT('',(114.8617185643,14.601457038492,
    1.647402391071));
#1293 = CARTESIAN_POINT('',(114.98539164419,14.556330841185,
    1.682923083462));
#1294 = CARTESIAN_POINT('',(115.15503624409,14.502816230671,
    1.747378642625));
#1295 = CARTESIAN_POINT('',(115.19987574149,14.489453604579,
    1.765882245909));
#1296 = CARTESIAN_POINT('',(115.24478841555,14.476882663646,
    1.785958701547));
#1297 = CARTESIAN_POINT('',(115.28968220249,14.465164392183,
    1.807650326203));
#1298 = CARTESIAN_POINT('',(115.33444870784,14.454361038294,
    1.830985706674));
#1299 = CARTESIAN_POINT('',(115.40427414221,14.438944698008,
    1.87018038201));
#1300 = CARTESIAN_POINT('',(115.42950320424,14.433671765925,
    1.884921609883));
#1301 = CARTESIAN_POINT('',(115.45462776047,14.428725300984,
    1.900198326008));
#1302 = CARTESIAN_POINT('',(115.47962334784,14.424115978941,
    1.916009512836));
#1303 = CARTESIAN_POINT('',(115.50446422355,14.419853880606,
    1.932351554689));
#1304 = CARTESIAN_POINT('',(115.5794950135,14.407970887647,
    1.983672098672));
#1305 = CARTESIAN_POINT('',(115.62911524741,14.401480460684,
    2.020319426096));
#1306 = CARTESIAN_POINT('',(115.67774225555,14.396558910305,
    2.05909729146));
#1307 = CARTESIAN_POINT('',(115.72513676111,14.393267349542,
    2.099900420575));
#1308 = CARTESIAN_POINT('',(115.77106962079,14.391639406868,
    2.142573449486));
#1309 = CARTESIAN_POINT('',(115.85959915315,14.391709256897,
    2.231242852948));
#1310 = CARTESIAN_POINT('',(115.90220465039,14.393407803629,
    2.277249562353));
#1311 = CARTESIAN_POINT('',(115.94293355811,14.396769878068,
    2.324710891769));
#1312 = CARTESIAN_POINT('',(115.98163168842,14.401761031445,
    2.373397075098));
#1313 = CARTESIAN_POINT('',(116.01819511083,14.408319454703,
    2.423068650374));
#1314 = CARTESIAN_POINT('',(116.06939140327,14.420301791428,
    2.498171949592));
#1315 = CARTESIAN_POINT('',(116.08569493216,14.424597027671,
    2.523039816562));
#1316 = CARTESIAN_POINT('',(116.10146676067,14.429239136357,
    2.548060699813));
#1317 = CARTESIAN_POINT('',(116.1167034135,14.434217984016,2.57320888066
    ));
#1318 = CARTESIAN_POINT('',(116.13140400605,14.439522852953,
    2.598459936057));
#1319 = CARTESIAN_POINT('',(116.17103896052,14.4552455961,2.669331622999
    ));
#1320 = CARTESIAN_POINT('',(116.19477998474,14.466366154491,
    2.715130099876));
#1321 = CARTESIAN_POINT('',(116.21680288341,14.478439610922,
    2.761053921543));
#1322 = CARTESIAN_POINT('',(116.23713924328,14.491399365366,
    2.806988106891));
#1323 = CARTESIAN_POINT('',(116.25583533553,14.50518033935,
    2.852835510317));
#1324 = CARTESIAN_POINT('',(116.3191641871,14.559006994344,3.02192229932
    ));
#1325 = CARTESIAN_POINT('',(116.35376203831,14.603809985596,
    3.144003901555));
#1326 = CARTESIAN_POINT('',(116.37792909198,14.653001736088,
    3.263445614058));
#1327 = CARTESIAN_POINT('',(116.39295267036,14.705641290564,
    3.379438176728));
#1328 = CARTESIAN_POINT('',(116.4,14.761032446971,3.491622256995));
#1329 = CARTESIAN_POINT('',(116.4,14.818777546583,3.6));
#1330 = ORIENTED_EDGE('',*,*,#1331,.T.);
#1331 = EDGE_CURVE('',#1285,#1332,#1334,.T.);
#1332 = VERTEX_POINT('',#1333);
#1333 = CARTESIAN_POINT('',(114.04630924234,15.,1.6));
#1334 = HYPERBOLA('',#1335,5.4,5.4);
#1335 = AXIS2_PLACEMENT_3D('',#1336,#1337,#1338);
#1336 = CARTESIAN_POINT('',(111.,21.2,1.6));
#1337 = DIRECTION('',(0.,0.,-1.));
#1338 = DIRECTION('',(0.,-1.,0.));
#1339 = ORIENTED_EDGE('',*,*,#1340,.F.);
#1340 = EDGE_CURVE('',#528,#1332,#1341,.T.);
#1341 = CIRCLE('',#1342,6.2);
#1342 = AXIS2_PLACEMENT_3D('',#1343,#1344,#1345);
#1343 = CARTESIAN_POINT('',(111.,15.,7.));
#1344 = DIRECTION('',(0.,-1.,0.));
#1345 = DIRECTION('',(2.030122102172E-15,0.,-1.));
#1346 = CONICAL_SURFACE('',#1347,7.,0.785398163397);
#1347 = AXIS2_PLACEMENT_3D('',#1348,#1349,#1350);
#1348 = CARTESIAN_POINT('',(111.,14.2,7.));
#1349 = DIRECTION('',(0.,-1.,0.));
#1350 = DIRECTION('',(2.030122102172E-15,0.,-1.));
#1351 = ADVANCED_FACE('',(#1352),#1363,.F.);
#1352 = FACE_BOUND('',#1353,.F.);
#1353 = EDGE_LOOP('',(#1354,#1360,#1361,#1362));
#1354 = ORIENTED_EDGE('',*,*,#1355,.F.);
#1355 = EDGE_CURVE('',#560,#1332,#1356,.T.);
#1356 = LINE('',#1357,#1358);
#1357 = CARTESIAN_POINT('',(31.3,15.,1.6));
#1358 = VECTOR('',#1359,1.);
#1359 = DIRECTION('',(1.,0.,0.));
#1360 = ORIENTED_EDGE('',*,*,#559,.F.);
#1361 = ORIENTED_EDGE('',*,*,#535,.T.);
#1362 = ORIENTED_EDGE('',*,*,#1340,.T.);
#1363 = PLANE('',#1364);
#1364 = AXIS2_PLACEMENT_3D('',#1365,#1366,#1367);
#1365 = CARTESIAN_POINT('',(59.,15.,32.75));
#1366 = DIRECTION('',(-0.,-1.,-0.));
#1367 = DIRECTION('',(0.,0.,-1.));
#1368 = ADVANCED_FACE('',(#1369),#1405,.F.);
#1369 = FACE_BOUND('',#1370,.F.);
#1370 = EDGE_LOOP('',(#1371,#1381,#1387,#1388,#1394,#1395,#1396,#1397,
    #1398,#1399));
#1371 = ORIENTED_EDGE('',*,*,#1372,.F.);
#1372 = EDGE_CURVE('',#1373,#1375,#1377,.T.);
#1373 = VERTEX_POINT('',#1374);
#1374 = CARTESIAN_POINT('',(3.6,12.6,1.6));
#1375 = VERTEX_POINT('',#1376);
#1376 = CARTESIAN_POINT('',(114.4,12.6,1.6));
#1377 = LINE('',#1378,#1379);
#1378 = CARTESIAN_POINT('',(3.6,12.6,1.6));
#1379 = VECTOR('',#1380,1.);
#1380 = DIRECTION('',(1.,0.,0.));
#1381 = ORIENTED_EDGE('',*,*,#1382,.T.);
#1382 = EDGE_CURVE('',#1373,#712,#1383,.T.);
#1383 = LINE('',#1384,#1385);
#1384 = CARTESIAN_POINT('',(3.6,12.6,1.6));
#1385 = VECTOR('',#1386,1.);
#1386 = DIRECTION('',(0.,1.,0.));
#1387 = ORIENTED_EDGE('',*,*,#711,.F.);
#1388 = ORIENTED_EDGE('',*,*,#1389,.T.);
#1389 = EDGE_CURVE('',#703,#616,#1390,.T.);
#1390 = LINE('',#1391,#1392);
#1391 = CARTESIAN_POINT('',(31.3,15.,1.6));
#1392 = VECTOR('',#1393,1.);
#1393 = DIRECTION('',(1.,0.,0.));
#1394 = ORIENTED_EDGE('',*,*,#623,.T.);
#1395 = ORIENTED_EDGE('',*,*,#591,.T.);
#1396 = ORIENTED_EDGE('',*,*,#567,.F.);
#1397 = ORIENTED_EDGE('',*,*,#1355,.T.);
#1398 = ORIENTED_EDGE('',*,*,#1331,.F.);
#1399 = ORIENTED_EDGE('',*,*,#1400,.F.);
#1400 = EDGE_CURVE('',#1375,#1285,#1401,.T.);
#1401 = LINE('',#1402,#1403);
#1402 = CARTESIAN_POINT('',(114.4,12.6,1.6));
#1403 = VECTOR('',#1404,1.);
#1404 = DIRECTION('',(0.,1.,0.));
#1405 = PLANE('',#1406);
#1406 = AXIS2_PLACEMENT_3D('',#1407,#1408,#1409);
#1407 = CARTESIAN_POINT('',(3.6,12.6,1.6));
#1408 = DIRECTION('',(0.,0.,-1.));
#1409 = DIRECTION('',(1.,0.,0.));
#1410 = ADVANCED_FACE('',(#1411),#1417,.F.);
#1411 = FACE_BOUND('',#1412,.F.);
#1412 = EDGE_LOOP('',(#1413,#1414,#1415,#1416));
#1413 = ORIENTED_EDGE('',*,*,#1389,.F.);
#1414 = ORIENTED_EDGE('',*,*,#702,.T.);
#1415 = ORIENTED_EDGE('',*,*,#647,.T.);
#1416 = ORIENTED_EDGE('',*,*,#615,.T.);
#1417 = PLANE('',#1418);
#1418 = AXIS2_PLACEMENT_3D('',#1419,#1420,#1421);
#1419 = CARTESIAN_POINT('',(59.,15.,32.75));
#1420 = DIRECTION('',(-0.,-1.,-0.));
#1421 = DIRECTION('',(0.,0.,-1.));
#1422 = ADVANCED_FACE('',(#1423),#1450,.T.);
#1423 = FACE_BOUND('',#1424,.T.);
#1424 = EDGE_LOOP('',(#1425,#1435,#1442,#1443));
#1425 = ORIENTED_EDGE('',*,*,#1426,.T.);
#1426 = EDGE_CURVE('',#1427,#1429,#1431,.T.);
#1427 = VERTEX_POINT('',#1428);
#1428 = CARTESIAN_POINT('',(7.,1.6,65.5));
#1429 = VERTEX_POINT('',#1430);
#1430 = CARTESIAN_POINT('',(7.,14.2,65.5));
#1431 = LINE('',#1432,#1433);
#1432 = CARTESIAN_POINT('',(7.,0.,65.5));
#1433 = VECTOR('',#1434,1.);
#1434 = DIRECTION('',(0.,1.,0.));
#1435 = ORIENTED_EDGE('',*,*,#1436,.T.);
#1436 = EDGE_CURVE('',#1429,#664,#1437,.T.);
#1437 = CIRCLE('',#1438,7.);
#1438 = AXIS2_PLACEMENT_3D('',#1439,#1440,#1441);
#1439 = CARTESIAN_POINT('',(7.,14.2,58.5));
#1440 = DIRECTION('',(0.,-1.,0.));
#1441 = DIRECTION('',(0.,0.,1.));
#1442 = ORIENTED_EDGE('',*,*,#661,.F.);
#1443 = ORIENTED_EDGE('',*,*,#1444,.F.);
#1444 = EDGE_CURVE('',#1427,#662,#1445,.T.);
#1445 = CIRCLE('',#1446,7.);
#1446 = AXIS2_PLACEMENT_3D('',#1447,#1448,#1449);
#1447 = CARTESIAN_POINT('',(7.,1.6,58.5));
#1448 = DIRECTION('',(0.,-1.,0.));
#1449 = DIRECTION('',(0.,0.,1.));
#1450 = CYLINDRICAL_SURFACE('',#1451,7.);
#1451 = AXIS2_PLACEMENT_3D('',#1452,#1453,#1454);
#1452 = CARTESIAN_POINT('',(7.,0.,58.5));
#1453 = DIRECTION('',(0.,-1.,0.));
#1454 = DIRECTION('',(0.,0.,1.));
#1455 = ADVANCED_FACE('',(#1456),#1474,.F.);
#1456 = FACE_BOUND('',#1457,.F.);
#1457 = EDGE_LOOP('',(#1458,#1466,#1467,#1468));
#1458 = ORIENTED_EDGE('',*,*,#1459,.F.);
#1459 = EDGE_CURVE('',#664,#1460,#1462,.T.);
#1460 = VERTEX_POINT('',#1461);
#1461 = CARTESIAN_POINT('',(0.8,15.,58.5));
#1462 = LINE('',#1463,#1464);
#1463 = CARTESIAN_POINT('',(0.,14.2,58.5));
#1464 = VECTOR('',#1465,1.);
#1465 = DIRECTION('',(0.707106781187,0.707106781187,-4.329780281177E-17)
  );
#1466 = ORIENTED_EDGE('',*,*,#671,.T.);
#1467 = ORIENTED_EDGE('',*,*,#692,.T.);
#1468 = ORIENTED_EDGE('',*,*,#1469,.F.);
#1469 = EDGE_CURVE('',#1460,#693,#1470,.T.);
#1470 = LINE('',#1471,#1472);
#1471 = CARTESIAN_POINT('',(0.8,15.,58.5));
#1472 = VECTOR('',#1473,1.);
#1473 = DIRECTION('',(0.,0.,-1.));
#1474 = PLANE('',#1475);
#1475 = AXIS2_PLACEMENT_3D('',#1476,#1477,#1478);
#1476 = CARTESIAN_POINT('',(0.4,14.6,58.5));
#1477 = DIRECTION('',(0.707106781187,-0.707106781187,-6.983161618628E-18
    ));
#1478 = DIRECTION('',(-4.937840934654E-18,4.937840934654E-18,-1.));
#1479 = ADVANCED_FACE('',(#1480),#1491,.T.);
#1480 = FACE_BOUND('',#1481,.T.);
#1481 = EDGE_LOOP('',(#1482,#1488,#1489,#1490));
#1482 = ORIENTED_EDGE('',*,*,#1483,.F.);
#1483 = EDGE_CURVE('',#662,#852,#1484,.T.);
#1484 = LINE('',#1485,#1486);
#1485 = CARTESIAN_POINT('',(0.,1.6,58.5));
#1486 = VECTOR('',#1487,1.);
#1487 = DIRECTION('',(0.707106781187,-0.707106781187,-4.329780281177E-17
    ));
#1488 = ORIENTED_EDGE('',*,*,#678,.T.);
#1489 = ORIENTED_EDGE('',*,*,#791,.T.);
#1490 = ORIENTED_EDGE('',*,*,#860,.F.);
#1491 = PLANE('',#1492);
#1492 = AXIS2_PLACEMENT_3D('',#1493,#1494,#1495);
#1493 = CARTESIAN_POINT('',(0.8,0.8,58.5));
#1494 = DIRECTION('',(-0.707106781187,-0.707106781187,0.));
#1495 = DIRECTION('',(0.,0.,-1.));
#1496 = ADVANCED_FACE('',(#1497),#1516,.F.);
#1497 = FACE_BOUND('',#1498,.F.);
#1498 = EDGE_LOOP('',(#1499,#1500,#1508,#1515));
#1499 = ORIENTED_EDGE('',*,*,#776,.T.);
#1500 = ORIENTED_EDGE('',*,*,#1501,.F.);
#1501 = EDGE_CURVE('',#1502,#768,#1504,.T.);
#1502 = VERTEX_POINT('',#1503);
#1503 = CARTESIAN_POINT('',(1.6,15.,61.546309242346));
#1504 = LINE('',#1505,#1506);
#1505 = CARTESIAN_POINT('',(1.6,15.,47.325));
#1506 = VECTOR('',#1507,1.);
#1507 = DIRECTION('',(0.,0.,-1.));
#1508 = ORIENTED_EDGE('',*,*,#1509,.T.);
#1509 = EDGE_CURVE('',#1502,#1460,#1510,.T.);
#1510 = CIRCLE('',#1511,6.2);
#1511 = AXIS2_PLACEMENT_3D('',#1512,#1513,#1514);
#1512 = CARTESIAN_POINT('',(7.,15.,58.5));
#1513 = DIRECTION('',(0.,-1.,0.));
#1514 = DIRECTION('',(0.,0.,1.));
#1515 = ORIENTED_EDGE('',*,*,#1469,.T.);
#1516 = PLANE('',#1517);
#1517 = AXIS2_PLACEMENT_3D('',#1518,#1519,#1520);
#1518 = CARTESIAN_POINT('',(59.,15.,32.75));
#1519 = DIRECTION('',(-0.,-1.,-0.));
#1520 = DIRECTION('',(0.,0.,-1.));
#1521 = ADVANCED_FACE('',(#1522),#1557,.F.);
#1522 = FACE_BOUND('',#1523,.F.);
#1523 = EDGE_LOOP('',(#1524,#1534,#1542,#1549,#1550,#1551));
#1524 = ORIENTED_EDGE('',*,*,#1525,.F.);
#1525 = EDGE_CURVE('',#1526,#1528,#1530,.T.);
#1526 = VERTEX_POINT('',#1527);
#1527 = CARTESIAN_POINT('',(1.6,12.6,61.9));
#1528 = VERTEX_POINT('',#1529);
#1529 = CARTESIAN_POINT('',(1.6,12.6,3.6));
#1530 = LINE('',#1531,#1532);
#1531 = CARTESIAN_POINT('',(1.6,12.6,61.9));
#1532 = VECTOR('',#1533,1.);
#1533 = DIRECTION('',(0.,0.,-1.));
#1534 = ORIENTED_EDGE('',*,*,#1535,.T.);
#1535 = EDGE_CURVE('',#1526,#1536,#1538,.T.);
#1536 = VERTEX_POINT('',#1537);
#1537 = CARTESIAN_POINT('',(1.6,14.818777546582,61.9));
#1538 = LINE('',#1539,#1540);
#1539 = CARTESIAN_POINT('',(1.6,12.6,61.9));
#1540 = VECTOR('',#1541,1.);
#1541 = DIRECTION('',(0.,1.,0.));
#1542 = ORIENTED_EDGE('',*,*,#1543,.F.);
#1543 = EDGE_CURVE('',#1502,#1536,#1544,.T.);
#1544 = HYPERBOLA('',#1545,5.4,5.4);
#1545 = AXIS2_PLACEMENT_3D('',#1546,#1547,#1548);
#1546 = CARTESIAN_POINT('',(1.6,21.2,58.5));
#1547 = DIRECTION('',(-1.,0.,0.));
#1548 = DIRECTION('',(-0.,-1.,-0.));
#1549 = ORIENTED_EDGE('',*,*,#1501,.T.);
#1550 = ORIENTED_EDGE('',*,*,#767,.F.);
#1551 = ORIENTED_EDGE('',*,*,#1552,.F.);
#1552 = EDGE_CURVE('',#1528,#721,#1553,.T.);
#1553 = LINE('',#1554,#1555);
#1554 = CARTESIAN_POINT('',(1.6,12.6,3.6));
#1555 = VECTOR('',#1556,1.);
#1556 = DIRECTION('',(0.,1.,0.));
#1557 = PLANE('',#1558);
#1558 = AXIS2_PLACEMENT_3D('',#1559,#1560,#1561);
#1559 = CARTESIAN_POINT('',(1.6,12.6,61.9));
#1560 = DIRECTION('',(-1.,0.,0.));
#1561 = DIRECTION('',(0.,0.,-1.));
#1562 = ADVANCED_FACE('',(#1563),#1575,.F.);
#1563 = FACE_BOUND('',#1564,.F.);
#1564 = EDGE_LOOP('',(#1565,#1572,#1573,#1574));
#1565 = ORIENTED_EDGE('',*,*,#1566,.F.);
#1566 = EDGE_CURVE('',#1528,#1373,#1567,.T.);
#1567 = CIRCLE('',#1568,2.);
#1568 = AXIS2_PLACEMENT_3D('',#1569,#1570,#1571);
#1569 = CARTESIAN_POINT('',(3.6,12.6,3.6));
#1570 = DIRECTION('',(0.,-1.,0.));
#1571 = DIRECTION('',(-1.,-0.,-4.440892098501E-16));
#1572 = ORIENTED_EDGE('',*,*,#1552,.T.);
#1573 = ORIENTED_EDGE('',*,*,#720,.T.);
#1574 = ORIENTED_EDGE('',*,*,#1382,.F.);
#1575 = CYLINDRICAL_SURFACE('',#1576,2.);
#1576 = AXIS2_PLACEMENT_3D('',#1577,#1578,#1579);
#1577 = CARTESIAN_POINT('',(3.6,12.6,3.6));
#1578 = DIRECTION('',(0.,-1.,0.));
#1579 = DIRECTION('',(-1.,-0.,-4.440892098501E-16));
#1580 = ADVANCED_FACE('',(#1581),#1592,.T.);
#1581 = FACE_BOUND('',#1582,.T.);
#1582 = EDGE_LOOP('',(#1583,#1584,#1585,#1591));
#1583 = ORIENTED_EDGE('',*,*,#1039,.F.);
#1584 = ORIENTED_EDGE('',*,*,#1242,.T.);
#1585 = ORIENTED_EDGE('',*,*,#1586,.T.);
#1586 = EDGE_CURVE('',#1235,#827,#1587,.T.);
#1587 = LINE('',#1588,#1589);
#1588 = CARTESIAN_POINT('',(117.2,0.8,58.5));
#1589 = VECTOR('',#1590,1.);
#1590 = DIRECTION('',(-0.707106781187,-0.707106781187,0.));
#1591 = ORIENTED_EDGE('',*,*,#826,.F.);
#1592 = PLANE('',#1593);
#1593 = AXIS2_PLACEMENT_3D('',#1594,#1595,#1596);
#1594 = CARTESIAN_POINT('',(117.2,0.8,7.));
#1595 = DIRECTION('',(0.707106781187,-0.707106781187,1.42286245208E-17)
  );
#1596 = DIRECTION('',(-1.006115688562E-17,1.006115688562E-17,1.));
#1597 = ADVANCED_FACE('',(#1598),#1609,.T.);
#1598 = FACE_BOUND('',#1599,.T.);
#1599 = EDGE_LOOP('',(#1600,#1606,#1607,#1608));
#1600 = ORIENTED_EDGE('',*,*,#1601,.F.);
#1601 = EDGE_CURVE('',#1427,#844,#1602,.T.);
#1602 = LINE('',#1603,#1604);
#1603 = CARTESIAN_POINT('',(7.,0.8,64.7));
#1604 = VECTOR('',#1605,1.);
#1605 = DIRECTION('',(0.,-0.707106781187,-0.707106781187));
#1606 = ORIENTED_EDGE('',*,*,#1444,.T.);
#1607 = ORIENTED_EDGE('',*,*,#1483,.T.);
#1608 = ORIENTED_EDGE('',*,*,#851,.F.);
#1609 = CONICAL_SURFACE('',#1610,7.,0.785398163397);
#1610 = AXIS2_PLACEMENT_3D('',#1611,#1612,#1613);
#1611 = CARTESIAN_POINT('',(7.,1.6,58.5));
#1612 = DIRECTION('',(0.,1.,0.));
#1613 = DIRECTION('',(0.,0.,1.));
#1614 = ADVANCED_FACE('',(#1615),#1634,.T.);
#1615 = FACE_BOUND('',#1616,.T.);
#1616 = EDGE_LOOP('',(#1617,#1618,#1627,#1633));
#1617 = ORIENTED_EDGE('',*,*,#1586,.F.);
#1618 = ORIENTED_EDGE('',*,*,#1619,.T.);
#1619 = EDGE_CURVE('',#1235,#1620,#1622,.T.);
#1620 = VERTEX_POINT('',#1621);
#1621 = CARTESIAN_POINT('',(111.,1.6,65.5));
#1622 = CIRCLE('',#1623,7.);
#1623 = AXIS2_PLACEMENT_3D('',#1624,#1625,#1626);
#1624 = CARTESIAN_POINT('',(111.,1.6,58.5));
#1625 = DIRECTION('',(0.,-1.,0.));
#1626 = DIRECTION('',(1.,0.,1.015061051086E-15));
#1627 = ORIENTED_EDGE('',*,*,#1628,.T.);
#1628 = EDGE_CURVE('',#1620,#835,#1629,.T.);
#1629 = LINE('',#1630,#1631);
#1630 = CARTESIAN_POINT('',(111.,1.6,65.5));
#1631 = VECTOR('',#1632,1.);
#1632 = DIRECTION('',(-1.36666144656E-15,-0.707106781187,-0.707106781187
    ));
#1633 = ORIENTED_EDGE('',*,*,#834,.F.);
#1634 = CONICAL_SURFACE('',#1635,7.,0.785398163397);
#1635 = AXIS2_PLACEMENT_3D('',#1636,#1637,#1638);
#1636 = CARTESIAN_POINT('',(111.,1.6,58.5));
#1637 = DIRECTION('',(0.,1.,0.));
#1638 = DIRECTION('',(1.,0.,1.015061051086E-15));
#1639 = ADVANCED_FACE('',(#1640),#1651,.T.);
#1640 = FACE_BOUND('',#1641,.T.);
#1641 = EDGE_LOOP('',(#1642,#1643,#1649,#1650));
#1642 = ORIENTED_EDGE('',*,*,#1628,.F.);
#1643 = ORIENTED_EDGE('',*,*,#1644,.T.);
#1644 = EDGE_CURVE('',#1620,#1427,#1645,.T.);
#1645 = LINE('',#1646,#1647);
#1646 = CARTESIAN_POINT('',(111.,1.6,65.5));
#1647 = VECTOR('',#1648,1.);
#1648 = DIRECTION('',(-1.,0.,0.));
#1649 = ORIENTED_EDGE('',*,*,#1601,.T.);
#1650 = ORIENTED_EDGE('',*,*,#843,.F.);
#1651 = PLANE('',#1652);
#1652 = AXIS2_PLACEMENT_3D('',#1653,#1654,#1655);
#1653 = CARTESIAN_POINT('',(111.,0.8,64.7));
#1654 = DIRECTION('',(-2.845724904161E-17,-0.707106781187,0.707106781187
    ));
#1655 = DIRECTION('',(-1.,2.012231377123E-17,-2.012231377123E-17));
#1656 = ADVANCED_FACE('',(#1657),#1681,.F.);
#1657 = FACE_BOUND('',#1658,.T.);
#1658 = EDGE_LOOP('',(#1659,#1666,#1667,#1674));
#1659 = ORIENTED_EDGE('',*,*,#1660,.F.);
#1660 = EDGE_CURVE('',#872,#1661,#1663,.T.);
#1661 = VERTEX_POINT('',#1662);
#1662 = CARTESIAN_POINT('',(78.5,1.4,8.05));
#1663 = B_SPLINE_CURVE_WITH_KNOTS('',1,(#1664,#1665),.UNSPECIFIED.,.F.,
  .F.,(2,2),(0.,1.),.PIECEWISE_BEZIER_KNOTS.);
#1664 = CARTESIAN_POINT('',(78.5,-1.E-02,6.65));
#1665 = CARTESIAN_POINT('',(78.5,1.4,8.05));
#1666 = ORIENTED_EDGE('',*,*,#869,.F.);
#1667 = ORIENTED_EDGE('',*,*,#1668,.T.);
#1668 = EDGE_CURVE('',#870,#1669,#1671,.T.);
#1669 = VERTEX_POINT('',#1670);
#1670 = CARTESIAN_POINT('',(79.7,1.4,9.25));
#1671 = B_SPLINE_CURVE_WITH_KNOTS('',1,(#1672,#1673),.UNSPECIFIED.,.F.,
  .F.,(2,2),(0.,1.),.PIECEWISE_BEZIER_KNOTS.);
#1672 = CARTESIAN_POINT('',(81.1,-1.E-02,9.25));
#1673 = CARTESIAN_POINT('',(79.7,1.4,9.25));
#1674 = ORIENTED_EDGE('',*,*,#1675,.F.);
#1675 = EDGE_CURVE('',#1661,#1669,#1676,.T.);
#1676 = CIRCLE('',#1677,1.2);
#1677 = AXIS2_PLACEMENT_3D('',#1678,#1679,#1680);
#1678 = CARTESIAN_POINT('',(78.5,1.4,9.25));
#1679 = DIRECTION('',(0.,-1.,0.));
#1680 = DIRECTION('',(0.,0.,-1.));
#1681 = CONICAL_SURFACE('',#1682,2.6,0.781839459559);
#1682 = AXIS2_PLACEMENT_3D('',#1683,#1684,#1685);
#1683 = CARTESIAN_POINT('',(78.5,-1.E-02,9.25));
#1684 = DIRECTION('',(0.,-1.,0.));
#1685 = DIRECTION('',(0.,0.,-1.));
#1686 = ADVANCED_FACE('',(#1687),#1704,.T.);
#1687 = FACE_BOUND('',#1688,.T.);
#1688 = EDGE_LOOP('',(#1689,#1690,#1691,#1698));
#1689 = ORIENTED_EDGE('',*,*,#1668,.F.);
#1690 = ORIENTED_EDGE('',*,*,#931,.F.);
#1691 = ORIENTED_EDGE('',*,*,#1692,.T.);
#1692 = EDGE_CURVE('',#923,#1693,#1695,.T.);
#1693 = VERTEX_POINT('',#1694);
#1694 = CARTESIAN_POINT('',(79.7,1.4,56.25));
#1695 = B_SPLINE_CURVE_WITH_KNOTS('',1,(#1696,#1697),.UNSPECIFIED.,.F.,
  .F.,(2,2),(0.,1.),.PIECEWISE_BEZIER_KNOTS.);
#1696 = CARTESIAN_POINT('',(81.1,-1.E-02,56.25));
#1697 = CARTESIAN_POINT('',(79.7,1.4,56.25));
#1698 = ORIENTED_EDGE('',*,*,#1699,.F.);
#1699 = EDGE_CURVE('',#1669,#1693,#1700,.T.);
#1700 = LINE('',#1701,#1702);
#1701 = CARTESIAN_POINT('',(79.7,1.4,9.25));
#1702 = VECTOR('',#1703,1.);
#1703 = DIRECTION('',(0.,0.,1.));
#1704 = PLANE('',#1705);
#1705 = AXIS2_PLACEMENT_3D('',#1706,#1707,#1708);
#1706 = CARTESIAN_POINT('',(79.7,1.4,9.25));
#1707 = DIRECTION('',(-0.709618681964,-0.704585925354,0.));
#1708 = DIRECTION('',(0.,0.,1.));
#1709 = ADVANCED_FACE('',(#1710),#1727,.T.);
#1710 = FACE_BOUND('',#1711,.T.);
#1711 = EDGE_LOOP('',(#1712,#1719,#1720,#1721));
#1712 = ORIENTED_EDGE('',*,*,#1713,.F.);
#1713 = EDGE_CURVE('',#881,#1714,#1716,.T.);
#1714 = VERTEX_POINT('',#1715);
#1715 = CARTESIAN_POINT('',(15.3,1.4,8.05));
#1716 = B_SPLINE_CURVE_WITH_KNOTS('',1,(#1717,#1718),.UNSPECIFIED.,.F.,
  .F.,(2,2),(0.,1.),.PIECEWISE_BEZIER_KNOTS.);
#1717 = CARTESIAN_POINT('',(15.3,-1.E-02,6.65));
#1718 = CARTESIAN_POINT('',(15.3,1.4,8.05));
#1719 = ORIENTED_EDGE('',*,*,#880,.F.);
#1720 = ORIENTED_EDGE('',*,*,#1660,.T.);
#1721 = ORIENTED_EDGE('',*,*,#1722,.F.);
#1722 = EDGE_CURVE('',#1714,#1661,#1723,.T.);
#1723 = LINE('',#1724,#1725);
#1724 = CARTESIAN_POINT('',(15.3,1.4,8.05));
#1725 = VECTOR('',#1726,1.);
#1726 = DIRECTION('',(1.,0.,0.));
#1727 = PLANE('',#1728);
#1728 = AXIS2_PLACEMENT_3D('',#1729,#1730,#1731);
#1729 = CARTESIAN_POINT('',(15.3,1.4,8.05));
#1730 = DIRECTION('',(0.,-0.704585925354,0.709618681964));
#1731 = DIRECTION('',(1.,0.,0.));
#1732 = ADVANCED_FACE('',(#1733),#1751,.F.);
#1733 = FACE_BOUND('',#1734,.T.);
#1734 = EDGE_LOOP('',(#1735,#1736,#1737,#1744));
#1735 = ORIENTED_EDGE('',*,*,#1692,.F.);
#1736 = ORIENTED_EDGE('',*,*,#922,.F.);
#1737 = ORIENTED_EDGE('',*,*,#1738,.T.);
#1738 = EDGE_CURVE('',#915,#1739,#1741,.T.);
#1739 = VERTEX_POINT('',#1740);
#1740 = CARTESIAN_POINT('',(78.5,1.4,57.45));
#1741 = B_SPLINE_CURVE_WITH_KNOTS('',1,(#1742,#1743),.UNSPECIFIED.,.F.,
  .F.,(2,2),(0.,1.),.PIECEWISE_BEZIER_KNOTS.);
#1742 = CARTESIAN_POINT('',(78.5,-1.E-02,58.85));
#1743 = CARTESIAN_POINT('',(78.5,1.4,57.45));
#1744 = ORIENTED_EDGE('',*,*,#1745,.F.);
#1745 = EDGE_CURVE('',#1693,#1739,#1746,.T.);
#1746 = CIRCLE('',#1747,1.2);
#1747 = AXIS2_PLACEMENT_3D('',#1748,#1749,#1750);
#1748 = CARTESIAN_POINT('',(78.5,1.4,56.25));
#1749 = DIRECTION('',(0.,-1.,0.));
#1750 = DIRECTION('',(1.,0.,-5.921189464668E-15));
#1751 = CONICAL_SURFACE('',#1752,2.6,0.781839459559);
#1752 = AXIS2_PLACEMENT_3D('',#1753,#1754,#1755);
#1753 = CARTESIAN_POINT('',(78.5,-1.E-02,56.25));
#1754 = DIRECTION('',(0.,-1.,0.));
#1755 = DIRECTION('',(1.,0.,0.));
#1756 = ADVANCED_FACE('',(#1757),#1775,.F.);
#1757 = FACE_BOUND('',#1758,.T.);
#1758 = EDGE_LOOP('',(#1759,#1766,#1767,#1768));
#1759 = ORIENTED_EDGE('',*,*,#1760,.F.);
#1760 = EDGE_CURVE('',#889,#1761,#1763,.T.);
#1761 = VERTEX_POINT('',#1762);
#1762 = CARTESIAN_POINT('',(14.1,1.4,9.25));
#1763 = B_SPLINE_CURVE_WITH_KNOTS('',1,(#1764,#1765),.UNSPECIFIED.,.F.,
  .F.,(2,2),(0.,1.),.PIECEWISE_BEZIER_KNOTS.);
#1764 = CARTESIAN_POINT('',(12.7,-1.E-02,9.25));
#1765 = CARTESIAN_POINT('',(14.1,1.4,9.25));
#1766 = ORIENTED_EDGE('',*,*,#888,.F.);
#1767 = ORIENTED_EDGE('',*,*,#1713,.T.);
#1768 = ORIENTED_EDGE('',*,*,#1769,.F.);
#1769 = EDGE_CURVE('',#1761,#1714,#1770,.T.);
#1770 = CIRCLE('',#1771,1.2);
#1771 = AXIS2_PLACEMENT_3D('',#1772,#1773,#1774);
#1772 = CARTESIAN_POINT('',(15.3,1.4,9.25));
#1773 = DIRECTION('',(0.,-1.,0.));
#1774 = DIRECTION('',(-1.,0.,0.));
#1775 = CONICAL_SURFACE('',#1776,2.6,0.781839459559);
#1776 = AXIS2_PLACEMENT_3D('',#1777,#1778,#1779);
#1777 = CARTESIAN_POINT('',(15.3,-1.E-02,9.25));
#1778 = DIRECTION('',(0.,-1.,0.));
#1779 = DIRECTION('',(-1.,0.,0.));
#1780 = ADVANCED_FACE('',(#1781),#1798,.T.);
#1781 = FACE_BOUND('',#1782,.T.);
#1782 = EDGE_LOOP('',(#1783,#1784,#1785,#1792));
#1783 = ORIENTED_EDGE('',*,*,#1738,.F.);
#1784 = ORIENTED_EDGE('',*,*,#914,.F.);
#1785 = ORIENTED_EDGE('',*,*,#1786,.T.);
#1786 = EDGE_CURVE('',#906,#1787,#1789,.T.);
#1787 = VERTEX_POINT('',#1788);
#1788 = CARTESIAN_POINT('',(15.3,1.4,57.45));
#1789 = B_SPLINE_CURVE_WITH_KNOTS('',1,(#1790,#1791),.UNSPECIFIED.,.F.,
  .F.,(2,2),(0.,1.),.PIECEWISE_BEZIER_KNOTS.);
#1790 = CARTESIAN_POINT('',(15.3,-1.E-02,58.85));
#1791 = CARTESIAN_POINT('',(15.3,1.4,57.45));
#1792 = ORIENTED_EDGE('',*,*,#1793,.F.);
#1793 = EDGE_CURVE('',#1739,#1787,#1794,.T.);
#1794 = LINE('',#1795,#1796);
#1795 = CARTESIAN_POINT('',(78.5,1.4,57.45));
#1796 = VECTOR('',#1797,1.);
#1797 = DIRECTION('',(-1.,0.,0.));
#1798 = PLANE('',#1799);
#1799 = AXIS2_PLACEMENT_3D('',#1800,#1801,#1802);
#1800 = CARTESIAN_POINT('',(78.5,1.4,57.45));
#1801 = DIRECTION('',(-0.,-0.704585925354,-0.709618681964));
#1802 = DIRECTION('',(-1.,0.,0.));
#1803 = ADVANCED_FACE('',(#1804),#1821,.T.);
#1804 = FACE_BOUND('',#1805,.T.);
#1805 = EDGE_LOOP('',(#1806,#1813,#1814,#1815));
#1806 = ORIENTED_EDGE('',*,*,#1807,.F.);
#1807 = EDGE_CURVE('',#898,#1808,#1810,.T.);
#1808 = VERTEX_POINT('',#1809);
#1809 = CARTESIAN_POINT('',(14.1,1.4,56.25));
#1810 = B_SPLINE_CURVE_WITH_KNOTS('',1,(#1811,#1812),.UNSPECIFIED.,.F.,
  .F.,(2,2),(0.,1.),.PIECEWISE_BEZIER_KNOTS.);
#1811 = CARTESIAN_POINT('',(12.7,-1.E-02,56.25));
#1812 = CARTESIAN_POINT('',(14.1,1.4,56.25));
#1813 = ORIENTED_EDGE('',*,*,#897,.F.);
#1814 = ORIENTED_EDGE('',*,*,#1760,.T.);
#1815 = ORIENTED_EDGE('',*,*,#1816,.F.);
#1816 = EDGE_CURVE('',#1808,#1761,#1817,.T.);
#1817 = LINE('',#1818,#1819);
#1818 = CARTESIAN_POINT('',(14.1,1.4,56.25));
#1819 = VECTOR('',#1820,1.);
#1820 = DIRECTION('',(0.,0.,-1.));
#1821 = PLANE('',#1822);
#1822 = AXIS2_PLACEMENT_3D('',#1823,#1824,#1825);
#1823 = CARTESIAN_POINT('',(14.1,1.4,56.25));
#1824 = DIRECTION('',(0.709618681964,-0.704585925354,0.));
#1825 = DIRECTION('',(0.,0.,-1.));
#1826 = ADVANCED_FACE('',(#1827),#1839,.F.);
#1827 = FACE_BOUND('',#1828,.T.);
#1828 = EDGE_LOOP('',(#1829,#1830,#1831,#1832));
#1829 = ORIENTED_EDGE('',*,*,#1786,.F.);
#1830 = ORIENTED_EDGE('',*,*,#905,.F.);
#1831 = ORIENTED_EDGE('',*,*,#1807,.T.);
#1832 = ORIENTED_EDGE('',*,*,#1833,.F.);
#1833 = EDGE_CURVE('',#1787,#1808,#1834,.T.);
#1834 = CIRCLE('',#1835,1.2);
#1835 = AXIS2_PLACEMENT_3D('',#1836,#1837,#1838);
#1836 = CARTESIAN_POINT('',(15.3,1.4,56.25));
#1837 = DIRECTION('',(0.,-1.,0.));
#1838 = DIRECTION('',(5.921189464668E-15,0.,1.));
#1839 = CONICAL_SURFACE('',#1840,2.6,0.781839459559);
#1840 = AXIS2_PLACEMENT_3D('',#1841,#1842,#1843);
#1841 = CARTESIAN_POINT('',(15.3,-1.E-02,56.25));
#1842 = DIRECTION('',(0.,-1.,0.));
#1843 = DIRECTION('',(6.832141690001E-16,0.,1.));
#1844 = ADVANCED_FACE('',(#1845),#1869,.F.);
#1845 = FACE_BOUND('',#1846,.T.);
#1846 = EDGE_LOOP('',(#1847,#1854,#1855,#1862));
#1847 = ORIENTED_EDGE('',*,*,#1848,.F.);
#1848 = EDGE_CURVE('',#942,#1849,#1851,.T.);
#1849 = VERTEX_POINT('',#1850);
#1850 = CARTESIAN_POINT('',(110.35,1.,28.45));
#1851 = B_SPLINE_CURVE_WITH_KNOTS('',1,(#1852,#1853),.UNSPECIFIED.,.F.,
  .F.,(2,2),(0.,1.),.PIECEWISE_BEZIER_KNOTS.);
#1852 = CARTESIAN_POINT('',(110.35,-1.E-02,27.45));
#1853 = CARTESIAN_POINT('',(110.35,1.,28.45));
#1854 = ORIENTED_EDGE('',*,*,#939,.F.);
#1855 = ORIENTED_EDGE('',*,*,#1856,.T.);
#1856 = EDGE_CURVE('',#940,#1857,#1859,.T.);
#1857 = VERTEX_POINT('',#1858);
#1858 = CARTESIAN_POINT('',(111.35,1.,29.45));
#1859 = B_SPLINE_CURVE_WITH_KNOTS('',1,(#1860,#1861),.UNSPECIFIED.,.F.,
  .F.,(2,2),(0.,1.),.PIECEWISE_BEZIER_KNOTS.);
#1860 = CARTESIAN_POINT('',(112.35,-1.E-02,29.45));
#1861 = CARTESIAN_POINT('',(111.35,1.,29.45));
#1862 = ORIENTED_EDGE('',*,*,#1863,.F.);
#1863 = EDGE_CURVE('',#1849,#1857,#1864,.T.);
#1864 = CIRCLE('',#1865,1.);
#1865 = AXIS2_PLACEMENT_3D('',#1866,#1867,#1868);
#1866 = CARTESIAN_POINT('',(110.35,1.,29.45));
#1867 = DIRECTION('',(0.,-1.,0.));
#1868 = DIRECTION('',(-1.42108547152E-14,-0.,-1.));
#1869 = CONICAL_SURFACE('',#1870,2.,0.780423080067);
#1870 = AXIS2_PLACEMENT_3D('',#1871,#1872,#1873);
#1871 = CARTESIAN_POINT('',(110.35,-1.E-02,29.45));
#1872 = DIRECTION('',(0.,-1.,0.));
#1873 = DIRECTION('',(0.,0.,-1.));
#1874 = ADVANCED_FACE('',(#1875),#1892,.T.);
#1875 = FACE_BOUND('',#1876,.T.);
#1876 = EDGE_LOOP('',(#1877,#1878,#1879,#1886));
#1877 = ORIENTED_EDGE('',*,*,#1856,.F.);
#1878 = ORIENTED_EDGE('',*,*,#1001,.F.);
#1879 = ORIENTED_EDGE('',*,*,#1880,.T.);
#1880 = EDGE_CURVE('',#993,#1881,#1883,.T.);
#1881 = VERTEX_POINT('',#1882);
#1882 = CARTESIAN_POINT('',(111.35,1.,56.45));
#1883 = B_SPLINE_CURVE_WITH_KNOTS('',1,(#1884,#1885),.UNSPECIFIED.,.F.,
  .F.,(2,2),(0.,1.),.PIECEWISE_BEZIER_KNOTS.);
#1884 = CARTESIAN_POINT('',(112.35,-1.E-02,56.45));
#1885 = CARTESIAN_POINT('',(111.35,1.,56.45));
#1886 = ORIENTED_EDGE('',*,*,#1887,.F.);
#1887 = EDGE_CURVE('',#1857,#1881,#1888,.T.);
#1888 = LINE('',#1889,#1890);
#1889 = CARTESIAN_POINT('',(111.35,1.,29.45));
#1890 = VECTOR('',#1891,1.);
#1891 = DIRECTION('',(0.,0.,1.));
#1892 = PLANE('',#1893);
#1893 = AXIS2_PLACEMENT_3D('',#1894,#1895,#1896);
#1894 = CARTESIAN_POINT('',(111.35,1.,29.45));
#1895 = DIRECTION('',(-0.710615930892,-0.703580129596,0.));
#1896 = DIRECTION('',(0.,0.,1.));
#1897 = ADVANCED_FACE('',(#1898),#1915,.T.);
#1898 = FACE_BOUND('',#1899,.T.);
#1899 = EDGE_LOOP('',(#1900,#1907,#1908,#1909));
#1900 = ORIENTED_EDGE('',*,*,#1901,.F.);
#1901 = EDGE_CURVE('',#951,#1902,#1904,.T.);
#1902 = VERTEX_POINT('',#1903);
#1903 = CARTESIAN_POINT('',(91.35,1.,28.45));
#1904 = B_SPLINE_CURVE_WITH_KNOTS('',1,(#1905,#1906),.UNSPECIFIED.,.F.,
  .F.,(2,2),(0.,1.),.PIECEWISE_BEZIER_KNOTS.);
#1905 = CARTESIAN_POINT('',(91.35,-1.E-02,27.45));
#1906 = CARTESIAN_POINT('',(91.35,1.,28.45));
#1907 = ORIENTED_EDGE('',*,*,#950,.F.);
#1908 = ORIENTED_EDGE('',*,*,#1848,.T.);
#1909 = ORIENTED_EDGE('',*,*,#1910,.F.);
#1910 = EDGE_CURVE('',#1902,#1849,#1911,.T.);
#1911 = LINE('',#1912,#1913);
#1912 = CARTESIAN_POINT('',(91.35,1.,28.45));
#1913 = VECTOR('',#1914,1.);
#1914 = DIRECTION('',(1.,0.,0.));
#1915 = PLANE('',#1916);
#1916 = AXIS2_PLACEMENT_3D('',#1917,#1918,#1919);
#1917 = CARTESIAN_POINT('',(91.35,1.,28.45));
#1918 = DIRECTION('',(0.,-0.703580129596,0.710615930892));
#1919 = DIRECTION('',(1.,0.,0.));
#1920 = ADVANCED_FACE('',(#1921),#1939,.F.);
#1921 = FACE_BOUND('',#1922,.T.);
#1922 = EDGE_LOOP('',(#1923,#1924,#1925,#1932));
#1923 = ORIENTED_EDGE('',*,*,#1880,.F.);
#1924 = ORIENTED_EDGE('',*,*,#992,.F.);
#1925 = ORIENTED_EDGE('',*,*,#1926,.T.);
#1926 = EDGE_CURVE('',#985,#1927,#1929,.T.);
#1927 = VERTEX_POINT('',#1928);
#1928 = CARTESIAN_POINT('',(110.35,1.,57.45));
#1929 = B_SPLINE_CURVE_WITH_KNOTS('',1,(#1930,#1931),.UNSPECIFIED.,.F.,
  .F.,(2,2),(0.,1.),.PIECEWISE_BEZIER_KNOTS.);
#1930 = CARTESIAN_POINT('',(110.35,-1.E-02,58.45));
#1931 = CARTESIAN_POINT('',(110.35,1.,57.45));
#1932 = ORIENTED_EDGE('',*,*,#1933,.F.);
#1933 = EDGE_CURVE('',#1881,#1927,#1934,.T.);
#1934 = CIRCLE('',#1935,1.);
#1935 = AXIS2_PLACEMENT_3D('',#1936,#1937,#1938);
#1936 = CARTESIAN_POINT('',(110.35,1.,56.45));
#1937 = DIRECTION('',(0.,-1.,0.));
#1938 = DIRECTION('',(1.,0.,-1.42108547152E-14));
#1939 = CONICAL_SURFACE('',#1940,2.,0.780423080067);
#1940 = AXIS2_PLACEMENT_3D('',#1941,#1942,#1943);
#1941 = CARTESIAN_POINT('',(110.35,-1.E-02,56.45));
#1942 = DIRECTION('',(0.,-1.,0.));
#1943 = DIRECTION('',(1.,0.,3.552713678801E-15));
#1944 = ADVANCED_FACE('',(#1945),#1963,.F.);
#1945 = FACE_BOUND('',#1946,.T.);
#1946 = EDGE_LOOP('',(#1947,#1954,#1955,#1956));
#1947 = ORIENTED_EDGE('',*,*,#1948,.F.);
#1948 = EDGE_CURVE('',#959,#1949,#1951,.T.);
#1949 = VERTEX_POINT('',#1950);
#1950 = CARTESIAN_POINT('',(90.35,1.,29.45));
#1951 = B_SPLINE_CURVE_WITH_KNOTS('',1,(#1952,#1953),.UNSPECIFIED.,.F.,
  .F.,(2,2),(0.,1.),.PIECEWISE_BEZIER_KNOTS.);
#1952 = CARTESIAN_POINT('',(89.35,-1.E-02,29.45));
#1953 = CARTESIAN_POINT('',(90.35,1.,29.45));
#1954 = ORIENTED_EDGE('',*,*,#958,.F.);
#1955 = ORIENTED_EDGE('',*,*,#1901,.T.);
#1956 = ORIENTED_EDGE('',*,*,#1957,.F.);
#1957 = EDGE_CURVE('',#1949,#1902,#1958,.T.);
#1958 = CIRCLE('',#1959,1.);
#1959 = AXIS2_PLACEMENT_3D('',#1960,#1961,#1962);
#1960 = CARTESIAN_POINT('',(91.35,1.,29.45));
#1961 = DIRECTION('',(0.,-1.,0.));
#1962 = DIRECTION('',(-1.,0.,7.105427357601E-15));
#1963 = CONICAL_SURFACE('',#1964,2.,0.780423080067);
#1964 = AXIS2_PLACEMENT_3D('',#1965,#1966,#1967);
#1965 = CARTESIAN_POINT('',(91.35,-1.E-02,29.45));
#1966 = DIRECTION('',(0.,-1.,0.));
#1967 = DIRECTION('',(-1.,-0.,-1.7763568394E-15));
#1968 = ADVANCED_FACE('',(#1969),#1986,.T.);
#1969 = FACE_BOUND('',#1970,.T.);
#1970 = EDGE_LOOP('',(#1971,#1972,#1973,#1980));
#1971 = ORIENTED_EDGE('',*,*,#1926,.F.);
#1972 = ORIENTED_EDGE('',*,*,#984,.F.);
#1973 = ORIENTED_EDGE('',*,*,#1974,.T.);
#1974 = EDGE_CURVE('',#976,#1975,#1977,.T.);
#1975 = VERTEX_POINT('',#1976);
#1976 = CARTESIAN_POINT('',(91.35,1.,57.45));
#1977 = B_SPLINE_CURVE_WITH_KNOTS('',1,(#1978,#1979),.UNSPECIFIED.,.F.,
  .F.,(2,2),(0.,1.),.PIECEWISE_BEZIER_KNOTS.);
#1978 = CARTESIAN_POINT('',(91.35,-1.E-02,58.45));
#1979 = CARTESIAN_POINT('',(91.35,1.,57.45));
#1980 = ORIENTED_EDGE('',*,*,#1981,.F.);
#1981 = EDGE_CURVE('',#1927,#1975,#1982,.T.);
#1982 = LINE('',#1983,#1984);
#1983 = CARTESIAN_POINT('',(110.35,1.,57.45));
#1984 = VECTOR('',#1985,1.);
#1985 = DIRECTION('',(-1.,0.,0.));
#1986 = PLANE('',#1987);
#1987 = AXIS2_PLACEMENT_3D('',#1988,#1989,#1990);
#1988 = CARTESIAN_POINT('',(110.35,1.,57.45));
#1989 = DIRECTION('',(-0.,-0.703580129596,-0.710615930892));
#1990 = DIRECTION('',(-1.,0.,0.));
#1991 = ADVANCED_FACE('',(#1992),#2009,.T.);
#1992 = FACE_BOUND('',#1993,.T.);
#1993 = EDGE_LOOP('',(#1994,#2001,#2002,#2003));
#1994 = ORIENTED_EDGE('',*,*,#1995,.F.);
#1995 = EDGE_CURVE('',#968,#1996,#1998,.T.);
#1996 = VERTEX_POINT('',#1997);
#1997 = CARTESIAN_POINT('',(90.35,1.,56.45));
#1998 = B_SPLINE_CURVE_WITH_KNOTS('',1,(#1999,#2000),.UNSPECIFIED.,.F.,
  .F.,(2,2),(0.,1.),.PIECEWISE_BEZIER_KNOTS.);
#1999 = CARTESIAN_POINT('',(89.35,-1.E-02,56.45));
#2000 = CARTESIAN_POINT('',(90.35,1.,56.45));
#2001 = ORIENTED_EDGE('',*,*,#967,.F.);
#2002 = ORIENTED_EDGE('',*,*,#1948,.T.);
#2003 = ORIENTED_EDGE('',*,*,#2004,.F.);
#2004 = EDGE_CURVE('',#1996,#1949,#2005,.T.);
#2005 = LINE('',#2006,#2007);
#2006 = CARTESIAN_POINT('',(90.35,1.,56.45));
#2007 = VECTOR('',#2008,1.);
#2008 = DIRECTION('',(0.,0.,-1.));
#2009 = PLANE('',#2010);
#2010 = AXIS2_PLACEMENT_3D('',#2011,#2012,#2013);
#2011 = CARTESIAN_POINT('',(90.35,1.,56.45));
#2012 = DIRECTION('',(0.710615930892,-0.703580129596,0.));
#2013 = DIRECTION('',(0.,0.,-1.));
#2014 = ADVANCED_FACE('',(#2015),#2027,.F.);
#2015 = FACE_BOUND('',#2016,.T.);
#2016 = EDGE_LOOP('',(#2017,#2018,#2019,#2020));
#2017 = ORIENTED_EDGE('',*,*,#1974,.F.);
#2018 = ORIENTED_EDGE('',*,*,#975,.F.);
#2019 = ORIENTED_EDGE('',*,*,#1995,.T.);
#2020 = ORIENTED_EDGE('',*,*,#2021,.F.);
#2021 = EDGE_CURVE('',#1975,#1996,#2022,.T.);
#2022 = CIRCLE('',#2023,1.);
#2023 = AXIS2_PLACEMENT_3D('',#2024,#2025,#2026);
#2024 = CARTESIAN_POINT('',(91.35,1.,56.45));
#2025 = DIRECTION('',(0.,-1.,0.));
#2026 = DIRECTION('',(1.42108547152E-14,0.,1.));
#2027 = CONICAL_SURFACE('',#2028,2.,0.780423080067);
#2028 = AXIS2_PLACEMENT_3D('',#2029,#2030,#2031);
#2029 = CARTESIAN_POINT('',(91.35,-1.E-02,56.45));
#2030 = DIRECTION('',(0.,-1.,0.));
#2031 = DIRECTION('',(0.,0.,1.));
#2032 = ADVANCED_FACE('',(#2033),#2052,.F.);
#2033 = FACE_BOUND('',#2034,.F.);
#2034 = EDGE_LOOP('',(#2035,#2044,#2050,#2051));
#2035 = ORIENTED_EDGE('',*,*,#2036,.F.);
#2036 = EDGE_CURVE('',#2037,#2037,#2039,.T.);
#2037 = VERTEX_POINT('',#2038);
#2038 = CARTESIAN_POINT('',(102.2,3.29,12.1));
#2039 = CIRCLE('',#2040,1.);
#2040 = AXIS2_PLACEMENT_3D('',#2041,#2042,#2043);
#2041 = CARTESIAN_POINT('',(102.2,3.29,11.1));
#2042 = DIRECTION('',(0.,1.,0.));
#2043 = DIRECTION('',(0.,0.,1.));
#2044 = ORIENTED_EDGE('',*,*,#2045,.F.);
#2045 = EDGE_CURVE('',#1010,#2037,#2046,.T.);
#2046 = LINE('',#2047,#2048);
#2047 = CARTESIAN_POINT('',(102.2,-1.,12.1));
#2048 = VECTOR('',#2049,1.);
#2049 = DIRECTION('',(0.,1.,0.));
#2050 = ORIENTED_EDGE('',*,*,#1009,.T.);
#2051 = ORIENTED_EDGE('',*,*,#2045,.T.);
#2052 = CYLINDRICAL_SURFACE('',#2053,1.);
#2053 = AXIS2_PLACEMENT_3D('',#2054,#2055,#2056);
#2054 = CARTESIAN_POINT('',(102.2,-1.,11.1));
#2055 = DIRECTION('',(0.,1.,0.));
#2056 = DIRECTION('',(0.,0.,1.));
#2057 = ADVANCED_FACE('',(#2058),#2077,.F.);
#2058 = FACE_BOUND('',#2059,.F.);
#2059 = EDGE_LOOP('',(#2060,#2069,#2075,#2076));
#2060 = ORIENTED_EDGE('',*,*,#2061,.F.);
#2061 = EDGE_CURVE('',#2062,#2062,#2064,.T.);
#2062 = VERTEX_POINT('',#2063);
#2063 = CARTESIAN_POINT('',(109.3,1.8,15.));
#2064 = CIRCLE('',#2065,3.9);
#2065 = AXIS2_PLACEMENT_3D('',#2066,#2067,#2068);
#2066 = CARTESIAN_POINT('',(109.3,1.8,11.1));
#2067 = DIRECTION('',(0.,1.,0.));
#2068 = DIRECTION('',(0.,0.,1.));
#2069 = ORIENTED_EDGE('',*,*,#2070,.F.);
#2070 = EDGE_CURVE('',#1021,#2062,#2071,.T.);
#2071 = LINE('',#2072,#2073);
#2072 = CARTESIAN_POINT('',(109.3,-1.,15.));
#2073 = VECTOR('',#2074,1.);
#2074 = DIRECTION('',(0.,1.,0.));
#2075 = ORIENTED_EDGE('',*,*,#1020,.T.);
#2076 = ORIENTED_EDGE('',*,*,#2070,.T.);
#2077 = CYLINDRICAL_SURFACE('',#2078,3.9);
#2078 = AXIS2_PLACEMENT_3D('',#2079,#2080,#2081);
#2079 = CARTESIAN_POINT('',(109.3,-1.,11.1));
#2080 = DIRECTION('',(0.,1.,0.));
#2081 = DIRECTION('',(0.,0.,1.));
#2082 = ADVANCED_FACE('',(#2083),#2108,.T.);
#2083 = FACE_BOUND('',#2084,.T.);
#2084 = EDGE_LOOP('',(#2085,#2086,#2094,#2102));
#2085 = ORIENTED_EDGE('',*,*,#1137,.F.);
#2086 = ORIENTED_EDGE('',*,*,#2087,.T.);
#2087 = EDGE_CURVE('',#1138,#2088,#2090,.T.);
#2088 = VERTEX_POINT('',#2089);
#2089 = CARTESIAN_POINT('',(102.89,2.55,2.4));
#2090 = LINE('',#2091,#2092);
#2091 = CARTESIAN_POINT('',(102.89,2.55,-1.));
#2092 = VECTOR('',#2093,1.);
#2093 = DIRECTION('',(0.,0.,1.));
#2094 = ORIENTED_EDGE('',*,*,#2095,.T.);
#2095 = EDGE_CURVE('',#2088,#2096,#2098,.T.);
#2096 = VERTEX_POINT('',#2097);
#2097 = CARTESIAN_POINT('',(108.41,2.55,2.4));
#2098 = LINE('',#2099,#2100);
#2099 = CARTESIAN_POINT('',(53.395,2.55,2.4));
#2100 = VECTOR('',#2101,1.);
#2101 = DIRECTION('',(1.,0.,0.));
#2102 = ORIENTED_EDGE('',*,*,#2103,.F.);
#2103 = EDGE_CURVE('',#1140,#2096,#2104,.T.);
#2104 = LINE('',#2105,#2106);
#2105 = CARTESIAN_POINT('',(108.41,2.55,-1.));
#2106 = VECTOR('',#2107,1.);
#2107 = DIRECTION('',(0.,0.,1.));
#2108 = PLANE('',#2109);
#2109 = AXIS2_PLACEMENT_3D('',#2110,#2111,#2112);
#2110 = CARTESIAN_POINT('',(102.89,2.55,-1.));
#2111 = DIRECTION('',(0.,1.,0.));
#2112 = DIRECTION('',(1.,0.,0.));
#2113 = ADVANCED_FACE('',(#2114),#2133,.F.);
#2114 = FACE_BOUND('',#2115,.T.);
#2115 = EDGE_LOOP('',(#2116,#2124,#2125,#2126));
#2116 = ORIENTED_EDGE('',*,*,#2117,.F.);
#2117 = EDGE_CURVE('',#1191,#2118,#2120,.T.);
#2118 = VERTEX_POINT('',#2119);
#2119 = CARTESIAN_POINT('',(110.15,4.29,2.4));
#2120 = LINE('',#2121,#2122);
#2121 = CARTESIAN_POINT('',(110.15,4.29,-1.));
#2122 = VECTOR('',#2123,1.);
#2123 = DIRECTION('',(0.,0.,1.));
#2124 = ORIENTED_EDGE('',*,*,#1198,.T.);
#2125 = ORIENTED_EDGE('',*,*,#2103,.T.);
#2126 = ORIENTED_EDGE('',*,*,#2127,.F.);
#2127 = EDGE_CURVE('',#2118,#2096,#2128,.T.);
#2128 = CIRCLE('',#2129,1.74);
#2129 = AXIS2_PLACEMENT_3D('',#2130,#2131,#2132);
#2130 = CARTESIAN_POINT('',(108.41,4.29,2.4));
#2131 = DIRECTION('',(0.,1.110223024625E-16,-1.));
#2132 = DIRECTION('',(8.1671578823E-15,-1.,-1.110223024625E-16));
#2133 = CYLINDRICAL_SURFACE('',#2134,1.74);
#2134 = AXIS2_PLACEMENT_3D('',#2135,#2136,#2137);
#2135 = CARTESIAN_POINT('',(108.41,4.29,-1.));
#2136 = DIRECTION('',(0.,1.110223024625E-16,-1.));
#2137 = DIRECTION('',(8.1671578823E-15,-1.,-1.110223024625E-16));
#2138 = ADVANCED_FACE('',(#2139),#2157,.T.);
#2139 = FACE_BOUND('',#2140,.T.);
#2140 = EDGE_LOOP('',(#2141,#2142,#2143,#2151));
#2141 = ORIENTED_EDGE('',*,*,#1190,.F.);
#2142 = ORIENTED_EDGE('',*,*,#2117,.T.);
#2143 = ORIENTED_EDGE('',*,*,#2144,.T.);
#2144 = EDGE_CURVE('',#2118,#2145,#2147,.T.);
#2145 = VERTEX_POINT('',#2146);
#2146 = CARTESIAN_POINT('',(110.15,4.31,2.4));
#2147 = LINE('',#2148,#2149);
#2148 = CARTESIAN_POINT('',(110.15,3.045,2.4));
#2149 = VECTOR('',#2150,1.);
#2150 = DIRECTION('',(0.,1.,0.));
#2151 = ORIENTED_EDGE('',*,*,#2152,.F.);
#2152 = EDGE_CURVE('',#1182,#2145,#2153,.T.);
#2153 = LINE('',#2154,#2155);
#2154 = CARTESIAN_POINT('',(110.15,4.31,-1.));
#2155 = VECTOR('',#2156,1.);
#2156 = DIRECTION('',(0.,0.,1.));
#2157 = PLANE('',#2158);
#2158 = AXIS2_PLACEMENT_3D('',#2159,#2160,#2161);
#2159 = CARTESIAN_POINT('',(110.15,4.29,-1.));
#2160 = DIRECTION('',(-1.,0.,0.));
#2161 = DIRECTION('',(0.,1.,1.110223024625E-16));
#2162 = ADVANCED_FACE('',(#2163),#2182,.F.);
#2163 = FACE_BOUND('',#2164,.T.);
#2164 = EDGE_LOOP('',(#2165,#2173,#2174,#2175));
#2165 = ORIENTED_EDGE('',*,*,#2166,.F.);
#2166 = EDGE_CURVE('',#1174,#2167,#2169,.T.);
#2167 = VERTEX_POINT('',#2168);
#2168 = CARTESIAN_POINT('',(108.41,6.05,2.4));
#2169 = LINE('',#2170,#2171);
#2170 = CARTESIAN_POINT('',(108.41,6.05,-1.));
#2171 = VECTOR('',#2172,1.);
#2172 = DIRECTION('',(0.,0.,1.));
#2173 = ORIENTED_EDGE('',*,*,#1181,.T.);
#2174 = ORIENTED_EDGE('',*,*,#2152,.T.);
#2175 = ORIENTED_EDGE('',*,*,#2176,.F.);
#2176 = EDGE_CURVE('',#2167,#2145,#2177,.T.);
#2177 = CIRCLE('',#2178,1.74);
#2178 = AXIS2_PLACEMENT_3D('',#2179,#2180,#2181);
#2179 = CARTESIAN_POINT('',(108.41,4.31,2.4));
#2180 = DIRECTION('',(0.,1.110223024625E-16,-1.));
#2181 = DIRECTION('',(1.,-9.57088814332E-17,-1.062582038283E-32));
#2182 = CYLINDRICAL_SURFACE('',#2183,1.74);
#2183 = AXIS2_PLACEMENT_3D('',#2184,#2185,#2186);
#2184 = CARTESIAN_POINT('',(108.41,4.31,-1.));
#2185 = DIRECTION('',(0.,1.110223024625E-16,-1.));
#2186 = DIRECTION('',(1.,-9.57088814332E-17,-1.062582038283E-32));
#2187 = ADVANCED_FACE('',(#2188),#2206,.T.);
#2188 = FACE_BOUND('',#2189,.T.);
#2189 = EDGE_LOOP('',(#2190,#2191,#2192,#2200));
#2190 = ORIENTED_EDGE('',*,*,#1173,.F.);
#2191 = ORIENTED_EDGE('',*,*,#2166,.T.);
#2192 = ORIENTED_EDGE('',*,*,#2193,.T.);
#2193 = EDGE_CURVE('',#2167,#2194,#2196,.T.);
#2194 = VERTEX_POINT('',#2195);
#2195 = CARTESIAN_POINT('',(102.89,6.05,2.4));
#2196 = LINE('',#2197,#2198);
#2197 = CARTESIAN_POINT('',(56.155,6.05,2.4));
#2198 = VECTOR('',#2199,1.);
#2199 = DIRECTION('',(-1.,-0.,-0.));
#2200 = ORIENTED_EDGE('',*,*,#2201,.F.);
#2201 = EDGE_CURVE('',#1165,#2194,#2202,.T.);
#2202 = LINE('',#2203,#2204);
#2203 = CARTESIAN_POINT('',(102.89,6.05,-1.));
#2204 = VECTOR('',#2205,1.);
#2205 = DIRECTION('',(0.,0.,1.));
#2206 = PLANE('',#2207);
#2207 = AXIS2_PLACEMENT_3D('',#2208,#2209,#2210);
#2208 = CARTESIAN_POINT('',(108.41,6.05,-1.));
#2209 = DIRECTION('',(0.,-1.,0.));
#2210 = DIRECTION('',(-1.,0.,0.));
#2211 = ADVANCED_FACE('',(#2212),#2231,.F.);
#2212 = FACE_BOUND('',#2213,.T.);
#2213 = EDGE_LOOP('',(#2214,#2222,#2223,#2224));
#2214 = ORIENTED_EDGE('',*,*,#2215,.F.);
#2215 = EDGE_CURVE('',#1157,#2216,#2218,.T.);
#2216 = VERTEX_POINT('',#2217);
#2217 = CARTESIAN_POINT('',(101.15,4.31,2.4));
#2218 = LINE('',#2219,#2220);
#2219 = CARTESIAN_POINT('',(101.15,4.31,-1.));
#2220 = VECTOR('',#2221,1.);
#2221 = DIRECTION('',(0.,0.,1.));
#2222 = ORIENTED_EDGE('',*,*,#1164,.T.);
#2223 = ORIENTED_EDGE('',*,*,#2201,.T.);
#2224 = ORIENTED_EDGE('',*,*,#2225,.F.);
#2225 = EDGE_CURVE('',#2216,#2194,#2226,.T.);
#2226 = CIRCLE('',#2227,1.74);
#2227 = AXIS2_PLACEMENT_3D('',#2228,#2229,#2230);
#2228 = CARTESIAN_POINT('',(102.89,4.31,2.4));
#2229 = DIRECTION('',(0.,1.110223024625E-16,-1.));
#2230 = DIRECTION('',(-8.1671578823E-15,1.,1.110223024625E-16));
#2231 = CYLINDRICAL_SURFACE('',#2232,1.74);
#2232 = AXIS2_PLACEMENT_3D('',#2233,#2234,#2235);
#2233 = CARTESIAN_POINT('',(102.89,4.31,-1.));
#2234 = DIRECTION('',(0.,1.110223024625E-16,-1.));
#2235 = DIRECTION('',(-8.1671578823E-15,1.,1.110223024625E-16));
#2236 = ADVANCED_FACE('',(#2237),#2255,.T.);
#2237 = FACE_BOUND('',#2238,.T.);
#2238 = EDGE_LOOP('',(#2239,#2240,#2241,#2249));
#2239 = ORIENTED_EDGE('',*,*,#1156,.F.);
#2240 = ORIENTED_EDGE('',*,*,#2215,.T.);
#2241 = ORIENTED_EDGE('',*,*,#2242,.T.);
#2242 = EDGE_CURVE('',#2216,#2243,#2245,.T.);
#2243 = VERTEX_POINT('',#2244);
#2244 = CARTESIAN_POINT('',(101.15,4.29,2.4));
#2245 = LINE('',#2246,#2247);
#2246 = CARTESIAN_POINT('',(101.15,3.055,2.4));
#2247 = VECTOR('',#2248,1.);
#2248 = DIRECTION('',(0.,-1.,0.));
#2249 = ORIENTED_EDGE('',*,*,#2250,.F.);
#2250 = EDGE_CURVE('',#1148,#2243,#2251,.T.);
#2251 = LINE('',#2252,#2253);
#2252 = CARTESIAN_POINT('',(101.15,4.29,-1.));
#2253 = VECTOR('',#2254,1.);
#2254 = DIRECTION('',(0.,0.,1.));
#2255 = PLANE('',#2256);
#2256 = AXIS2_PLACEMENT_3D('',#2257,#2258,#2259);
#2257 = CARTESIAN_POINT('',(101.15,4.31,-1.));
#2258 = DIRECTION('',(1.,0.,0.));
#2259 = DIRECTION('',(0.,-1.,-1.110223024625E-16));
#2260 = ADVANCED_FACE('',(#2261),#2273,.F.);
#2261 = FACE_BOUND('',#2262,.T.);
#2262 = EDGE_LOOP('',(#2263,#2264,#2265,#2266));
#2263 = ORIENTED_EDGE('',*,*,#2087,.F.);
#2264 = ORIENTED_EDGE('',*,*,#1147,.T.);
#2265 = ORIENTED_EDGE('',*,*,#2250,.T.);
#2266 = ORIENTED_EDGE('',*,*,#2267,.F.);
#2267 = EDGE_CURVE('',#2088,#2243,#2268,.T.);
#2268 = CIRCLE('',#2269,1.74);
#2269 = AXIS2_PLACEMENT_3D('',#2270,#2271,#2272);
#2270 = CARTESIAN_POINT('',(102.89,4.29,2.4));
#2271 = DIRECTION('',(0.,1.110223024625E-16,-1.));
#2272 = DIRECTION('',(-1.,9.57088814332E-17,1.062582038283E-32));
#2273 = CYLINDRICAL_SURFACE('',#2274,1.74);
#2274 = AXIS2_PLACEMENT_3D('',#2275,#2276,#2277);
#2275 = CARTESIAN_POINT('',(102.89,4.29,-1.));
#2276 = DIRECTION('',(0.,1.110223024625E-16,-1.));
#2277 = DIRECTION('',(-1.,9.57088814332E-17,1.062582038283E-32));
#2278 = ADVANCED_FACE('',(#2279),#2297,.F.);
#2279 = FACE_BOUND('',#2280,.F.);
#2280 = EDGE_LOOP('',(#2281,#2282,#2283,#2291));
#2281 = ORIENTED_EDGE('',*,*,#1258,.F.);
#2282 = ORIENTED_EDGE('',*,*,#1226,.T.);
#2283 = ORIENTED_EDGE('',*,*,#2284,.T.);
#2284 = EDGE_CURVE('',#1227,#2285,#2287,.T.);
#2285 = VERTEX_POINT('',#2286);
#2286 = CARTESIAN_POINT('',(117.2,15.,58.5));
#2287 = LINE('',#2288,#2289);
#2288 = CARTESIAN_POINT('',(117.6,14.6,58.5));
#2289 = VECTOR('',#2290,1.);
#2290 = DIRECTION('',(-0.707106781187,0.707106781187,0.));
#2291 = ORIENTED_EDGE('',*,*,#2292,.F.);
#2292 = EDGE_CURVE('',#1259,#2285,#2293,.T.);
#2293 = LINE('',#2294,#2295);
#2294 = CARTESIAN_POINT('',(117.2,15.,7.));
#2295 = VECTOR('',#2296,1.);
#2296 = DIRECTION('',(0.,0.,1.));
#2297 = PLANE('',#2298);
#2298 = AXIS2_PLACEMENT_3D('',#2299,#2300,#2301);
#2299 = CARTESIAN_POINT('',(117.6,14.6,7.));
#2300 = DIRECTION('',(-0.707106781187,-0.707106781187,
    -6.983161618628E-18));
#2301 = DIRECTION('',(-4.937840934654E-18,-4.937840934654E-18,1.));
#2302 = ADVANCED_FACE('',(#2303),#2462,.T.);
#2303 = FACE_BOUND('',#2304,.T.);
#2304 = EDGE_LOOP('',(#2305,#2306,#2315,#2323,#2340,#2349,#2368,#2376,
    #2395,#2404,#2421,#2429,#2438,#2446,#2455,#2461));
#2305 = ORIENTED_EDGE('',*,*,#1234,.T.);
#2306 = ORIENTED_EDGE('',*,*,#2307,.T.);
#2307 = EDGE_CURVE('',#1227,#2308,#2310,.T.);
#2308 = VERTEX_POINT('',#2309);
#2309 = CARTESIAN_POINT('',(111.,14.2,65.5));
#2310 = CIRCLE('',#2311,7.);
#2311 = AXIS2_PLACEMENT_3D('',#2312,#2313,#2314);
#2312 = CARTESIAN_POINT('',(111.,14.2,58.5));
#2313 = DIRECTION('',(0.,-1.,0.));
#2314 = DIRECTION('',(1.,0.,1.015061051086E-15));
#2315 = ORIENTED_EDGE('',*,*,#2316,.F.);
#2316 = EDGE_CURVE('',#2317,#2308,#2319,.T.);
#2317 = VERTEX_POINT('',#2318);
#2318 = CARTESIAN_POINT('',(111.,11.673141447076,65.5));
#2319 = LINE('',#2320,#2321);
#2320 = CARTESIAN_POINT('',(111.,0.,65.5));
#2321 = VECTOR('',#2322,1.);
#2322 = DIRECTION('',(0.,1.,0.));
#2323 = ORIENTED_EDGE('',*,*,#2324,.F.);
#2324 = EDGE_CURVE('',#2325,#2317,#2327,.T.);
#2325 = VERTEX_POINT('',#2326);
#2326 = CARTESIAN_POINT('',(111.64,12.,65.470681458796));
#2327 = B_SPLINE_CURVE_WITH_KNOTS('',6,(#2328,#2329,#2330,#2331,#2332,
    #2333,#2334,#2335,#2336,#2337,#2338,#2339),.UNSPECIFIED.,.F.,.F.,(7,
    5,7),(0.,0.58344210036,1.),.UNSPECIFIED.);
#2328 = CARTESIAN_POINT('',(111.64,12.,65.470681458796));
#2329 = CARTESIAN_POINT('',(111.56420773689,12.,65.477640182799));
#2330 = CARTESIAN_POINT('',(111.48855980452,11.991274129359,
    65.483588486747));
#2331 = CARTESIAN_POINT('',(111.41458933201,11.973885395943,
    65.488396707891));
#2332 = CARTESIAN_POINT('',(111.34379207814,11.948347146649,
    65.492074022946));
#2333 = CARTESIAN_POINT('',(111.27749761782,11.915604413161,
    65.494761994071));
#2334 = CARTESIAN_POINT('',(111.17328713006,11.849470426617,
    65.497989552747));
#2335 = CARTESIAN_POINT('',(111.13258825489,11.818886653148,
    65.498926504643));
#2336 = CARTESIAN_POINT('',(111.09478523445,11.785614943111,
    65.499526483631));
#2337 = CARTESIAN_POINT('',(111.06002292283,11.750002076488,
    65.499861622118));
#2338 = CARTESIAN_POINT('',(111.02840617138,11.712395005141,65.5));
#2339 = CARTESIAN_POINT('',(111.,11.673141447076,65.5));
#2340 = ORIENTED_EDGE('',*,*,#2341,.F.);
#2341 = EDGE_CURVE('',#2342,#2325,#2344,.T.);
#2342 = VERTEX_POINT('',#2343);
#2343 = CARTESIAN_POINT('',(111.66,12.,65.468816255291));
#2344 = CIRCLE('',#2345,7.);
#2345 = AXIS2_PLACEMENT_3D('',#2346,#2347,#2348);
#2346 = CARTESIAN_POINT('',(111.,12.,58.5));
#2347 = DIRECTION('',(0.,-1.,0.));
#2348 = DIRECTION('',(1.,0.,1.015061051086E-15));
#2349 = ORIENTED_EDGE('',*,*,#2350,.F.);
#2350 = EDGE_CURVE('',#2351,#2342,#2353,.T.);
#2351 = VERTEX_POINT('',#2352);
#2352 = CARTESIAN_POINT('',(112.45,11.21,65.348174939354));
#2353 = B_SPLINE_CURVE_WITH_KNOTS('',7,(#2354,#2355,#2356,#2357,#2358,
    #2359,#2360,#2361,#2362,#2363,#2364,#2365,#2366,#2367),
  .UNSPECIFIED.,.F.,.F.,(8,6,8),(0.,0.614794935902,1.),.UNSPECIFIED.);
#2354 = CARTESIAN_POINT('',(112.45,11.21,65.348174939354));
#2355 = CARTESIAN_POINT('',(112.45,11.31118312831,65.348174939354));
#2356 = CARTESIAN_POINT('',(112.43488052602,11.412568027306,
    65.35137623248));
#2357 = CARTESIAN_POINT('',(112.40453324547,11.512000343124,
    65.357801983699));
#2358 = CARTESIAN_POINT('',(112.35895700831,11.607232358034,
    65.36723196041));
#2359 = CARTESIAN_POINT('',(112.29834776236,11.695821833673,
    65.379177994922));
#2360 = CARTESIAN_POINT('',(112.22315383672,11.775061542277,
    65.392894658251));
#2361 = CARTESIAN_POINT('',(112.07867987714,11.883535659472,
    65.416619868229));
#2362 = CARTESIAN_POINT('',(112.01753823191,11.9204982573,
    65.426123054503));
#2363 = CARTESIAN_POINT('',(111.95157405174,11.95144615669,
    65.435693904297));
#2364 = CARTESIAN_POINT('',(111.88170422138,11.975430929346,
    65.445004659518));
#2365 = CARTESIAN_POINT('',(111.80901672455,11.991758652865,
    65.453760731469));
#2366 = CARTESIAN_POINT('',(111.73470279572,12.,65.461741331319));
#2367 = CARTESIAN_POINT('',(111.66,12.,65.46881625529));
#2368 = ORIENTED_EDGE('',*,*,#2369,.T.);
#2369 = EDGE_CURVE('',#2351,#2370,#2372,.T.);
#2370 = VERTEX_POINT('',#2371);
#2371 = CARTESIAN_POINT('',(112.45,5.79,65.348174939354));
#2372 = LINE('',#2373,#2374);
#2373 = CARTESIAN_POINT('',(112.45,0.,65.348174939354));
#2374 = VECTOR('',#2375,1.);
#2375 = DIRECTION('',(0.,-1.,0.));
#2376 = ORIENTED_EDGE('',*,*,#2377,.F.);
#2377 = EDGE_CURVE('',#2378,#2370,#2380,.T.);
#2378 = VERTEX_POINT('',#2379);
#2379 = CARTESIAN_POINT('',(111.66,5.,65.468816255291));
#2380 = B_SPLINE_CURVE_WITH_KNOTS('',7,(#2381,#2382,#2383,#2384,#2385,
    #2386,#2387,#2388,#2389,#2390,#2391,#2392,#2393,#2394),
  .UNSPECIFIED.,.F.,.F.,(8,6,8),(0.,0.385203732346,1.),.UNSPECIFIED.);
#2381 = CARTESIAN_POINT('',(111.66,5.,65.46881625529));
#2382 = CARTESIAN_POINT('',(111.73470181937,5.,65.461741423786));
#2383 = CARTESIAN_POINT('',(111.80901560345,5.008241132342,
    65.453760862355));
#2384 = CARTESIAN_POINT('',(111.88170346965,5.024568755018,
    65.445004766578));
#2385 = CARTESIAN_POINT('',(111.95157384948,5.04855364877,
    65.435693943082));
#2386 = CARTESIAN_POINT('',(112.01753845812,5.079501809376,
    65.426123023357));
#2387 = CARTESIAN_POINT('',(112.07868019536,5.116464579453,
    65.416619815972));
#2388 = CARTESIAN_POINT('',(112.22315382832,5.224938451416,
    65.39289465963));
#2389 = CARTESIAN_POINT('',(112.29834766239,5.304178086188,
    65.379178011687));
#2390 = CARTESIAN_POINT('',(112.35895691439,5.392767483526,
    65.36723198074));
#2391 = CARTESIAN_POINT('',(112.40453319559,5.487999497278,
    65.357801993997));
#2392 = CARTESIAN_POINT('',(112.43488052224,5.587431877441,
    65.351376233342));
#2393 = CARTESIAN_POINT('',(112.45,5.68881685803,65.348174939354));
#2394 = CARTESIAN_POINT('',(112.45,5.79,65.348174939354));
#2395 = ORIENTED_EDGE('',*,*,#2396,.T.);
#2396 = EDGE_CURVE('',#2378,#2397,#2399,.T.);
#2397 = VERTEX_POINT('',#2398);
#2398 = CARTESIAN_POINT('',(111.64,5.,65.470681458796));
#2399 = CIRCLE('',#2400,7.);
#2400 = AXIS2_PLACEMENT_3D('',#2401,#2402,#2403);
#2401 = CARTESIAN_POINT('',(111.,5.,58.5));
#2402 = DIRECTION('',(0.,-1.,0.));
#2403 = DIRECTION('',(1.,0.,1.015061051086E-15));
#2404 = ORIENTED_EDGE('',*,*,#2405,.F.);
#2405 = EDGE_CURVE('',#2406,#2397,#2408,.T.);
#2406 = VERTEX_POINT('',#2407);
#2407 = CARTESIAN_POINT('',(111.,5.326858552924,65.5));
#2408 = B_SPLINE_CURVE_WITH_KNOTS('',6,(#2409,#2410,#2411,#2412,#2413,
    #2414,#2415,#2416,#2417,#2418,#2419,#2420),.UNSPECIFIED.,.F.,.F.,(7,
    5,7),(0.,0.414550488241,1.),.UNSPECIFIED.);
#2409 = CARTESIAN_POINT('',(111.,5.326858552924,65.5));
#2410 = CARTESIAN_POINT('',(111.02826666813,5.28779776983,65.5));
#2411 = CARTESIAN_POINT('',(111.05971458479,5.250364409239,
    65.499862977398));
#2412 = CARTESIAN_POINT('',(111.09427940255,5.214903153216,
    65.499531368086));
#2413 = CARTESIAN_POINT('',(111.13185711092,5.181757372927,
    65.49893809158));
#2414 = CARTESIAN_POINT('',(111.17230402715,5.151269643543,
    65.498012112099));
#2415 = CARTESIAN_POINT('',(111.27635108809,5.084963161769,
    65.494808370939));
#2416 = CARTESIAN_POINT('',(111.3428136374,5.052006009222,
    65.492124809122));
#2417 = CARTESIAN_POINT('',(111.41382604632,5.026293390303,
    65.488446390107));
#2418 = CARTESIAN_POINT('',(111.48804379113,5.008784726331,
    65.483629138666));
#2419 = CARTESIAN_POINT('',(111.56395257463,5.,65.477663610042));
#2420 = CARTESIAN_POINT('',(111.64,5.,65.470681458796));
#2421 = ORIENTED_EDGE('',*,*,#2422,.F.);
#2422 = EDGE_CURVE('',#2423,#2406,#2425,.T.);
#2423 = VERTEX_POINT('',#2424);
#2424 = CARTESIAN_POINT('',(111.,2.8,65.5));
#2425 = LINE('',#2426,#2427);
#2426 = CARTESIAN_POINT('',(111.,0.,65.5));
#2427 = VECTOR('',#2428,1.);
#2428 = DIRECTION('',(0.,1.,0.));
#2429 = ORIENTED_EDGE('',*,*,#2430,.F.);
#2430 = EDGE_CURVE('',#2431,#2423,#2433,.T.);
#2431 = VERTEX_POINT('',#2432);
#2432 = CARTESIAN_POINT('',(112.55,2.8,65.32623615179));
#2433 = CIRCLE('',#2434,7.);
#2434 = AXIS2_PLACEMENT_3D('',#2435,#2436,#2437);
#2435 = CARTESIAN_POINT('',(111.,2.8,58.5));
#2436 = DIRECTION('',(0.,-1.,0.));
#2437 = DIRECTION('',(1.,0.,1.015061051086E-15));
#2438 = ORIENTED_EDGE('',*,*,#2439,.T.);
#2439 = EDGE_CURVE('',#2431,#2440,#2442,.T.);
#2440 = VERTEX_POINT('',#2441);
#2441 = CARTESIAN_POINT('',(112.55,1.8,65.32623615179));
#2442 = LINE('',#2443,#2444);
#2443 = CARTESIAN_POINT('',(112.55,0.,65.32623615179));
#2444 = VECTOR('',#2445,1.);
#2445 = DIRECTION('',(0.,-1.,0.));
#2446 = ORIENTED_EDGE('',*,*,#2447,.T.);
#2447 = EDGE_CURVE('',#2440,#2448,#2450,.T.);
#2448 = VERTEX_POINT('',#2449);
#2449 = CARTESIAN_POINT('',(111.,1.8,65.5));
#2450 = CIRCLE('',#2451,7.);
#2451 = AXIS2_PLACEMENT_3D('',#2452,#2453,#2454);
#2452 = CARTESIAN_POINT('',(111.,1.8,58.5));
#2453 = DIRECTION('',(0.,-1.,0.));
#2454 = DIRECTION('',(1.,0.,1.015061051086E-15));
#2455 = ORIENTED_EDGE('',*,*,#2456,.F.);
#2456 = EDGE_CURVE('',#1620,#2448,#2457,.T.);
#2457 = LINE('',#2458,#2459);
#2458 = CARTESIAN_POINT('',(111.,0.,65.5));
#2459 = VECTOR('',#2460,1.);
#2460 = DIRECTION('',(0.,1.,0.));
#2461 = ORIENTED_EDGE('',*,*,#1619,.F.);
#2462 = CYLINDRICAL_SURFACE('',#2463,7.);
#2463 = AXIS2_PLACEMENT_3D('',#2464,#2465,#2466);
#2464 = CARTESIAN_POINT('',(111.,0.,58.5));
#2465 = DIRECTION('',(0.,-1.,0.));
#2466 = DIRECTION('',(1.,0.,1.015061051086E-15));
#2467 = ADVANCED_FACE('',(#2468),#2487,.F.);
#2468 = FACE_BOUND('',#2469,.F.);
#2469 = EDGE_LOOP('',(#2470,#2479,#2480,#2481));
#2470 = ORIENTED_EDGE('',*,*,#2471,.F.);
#2471 = EDGE_CURVE('',#1375,#2472,#2474,.T.);
#2472 = VERTEX_POINT('',#2473);
#2473 = CARTESIAN_POINT('',(116.4,12.6,3.6));
#2474 = CIRCLE('',#2475,2.);
#2475 = AXIS2_PLACEMENT_3D('',#2476,#2477,#2478);
#2476 = CARTESIAN_POINT('',(114.4,12.6,3.6));
#2477 = DIRECTION('',(0.,-1.,0.));
#2478 = DIRECTION('',(0.,0.,-1.));
#2479 = ORIENTED_EDGE('',*,*,#1400,.T.);
#2480 = ORIENTED_EDGE('',*,*,#1284,.T.);
#2481 = ORIENTED_EDGE('',*,*,#2482,.F.);
#2482 = EDGE_CURVE('',#2472,#1276,#2483,.T.);
#2483 = LINE('',#2484,#2485);
#2484 = CARTESIAN_POINT('',(116.4,12.6,3.6));
#2485 = VECTOR('',#2486,1.);
#2486 = DIRECTION('',(0.,1.,0.));
#2487 = CYLINDRICAL_SURFACE('',#2488,2.);
#2488 = AXIS2_PLACEMENT_3D('',#2489,#2490,#2491);
#2489 = CARTESIAN_POINT('',(114.4,12.6,3.6));
#2490 = DIRECTION('',(0.,-1.,0.));
#2491 = DIRECTION('',(0.,0.,-1.));
#2492 = ADVANCED_FACE('',(#2493),#2528,.F.);
#2493 = FACE_BOUND('',#2494,.F.);
#2494 = EDGE_LOOP('',(#2495,#2503,#2504,#2505,#2513,#2522));
#2495 = ORIENTED_EDGE('',*,*,#2496,.F.);
#2496 = EDGE_CURVE('',#2472,#2497,#2499,.T.);
#2497 = VERTEX_POINT('',#2498);
#2498 = CARTESIAN_POINT('',(116.4,12.6,61.9));
#2499 = LINE('',#2500,#2501);
#2500 = CARTESIAN_POINT('',(116.4,12.6,3.6));
#2501 = VECTOR('',#2502,1.);
#2502 = DIRECTION('',(0.,0.,1.));
#2503 = ORIENTED_EDGE('',*,*,#2482,.T.);
#2504 = ORIENTED_EDGE('',*,*,#1275,.F.);
#2505 = ORIENTED_EDGE('',*,*,#2506,.T.);
#2506 = EDGE_CURVE('',#1267,#2507,#2509,.T.);
#2507 = VERTEX_POINT('',#2508);
#2508 = CARTESIAN_POINT('',(116.4,15.,61.546309242346));
#2509 = LINE('',#2510,#2511);
#2510 = CARTESIAN_POINT('',(116.4,15.,18.175));
#2511 = VECTOR('',#2512,1.);
#2512 = DIRECTION('',(0.,0.,1.));
#2513 = ORIENTED_EDGE('',*,*,#2514,.F.);
#2514 = EDGE_CURVE('',#2515,#2507,#2517,.T.);
#2515 = VERTEX_POINT('',#2516);
#2516 = CARTESIAN_POINT('',(116.4,14.818777546582,61.9));
#2517 = HYPERBOLA('',#2518,5.4,5.4);
#2518 = AXIS2_PLACEMENT_3D('',#2519,#2520,#2521);
#2519 = CARTESIAN_POINT('',(116.4,21.2,58.5));
#2520 = DIRECTION('',(1.,0.,0.));
#2521 = DIRECTION('',(0.,-1.,0.));
#2522 = ORIENTED_EDGE('',*,*,#2523,.F.);
#2523 = EDGE_CURVE('',#2497,#2515,#2524,.T.);
#2524 = LINE('',#2525,#2526);
#2525 = CARTESIAN_POINT('',(116.4,12.6,61.9));
#2526 = VECTOR('',#2527,1.);
#2527 = DIRECTION('',(0.,1.,0.));
#2528 = PLANE('',#2529);
#2529 = AXIS2_PLACEMENT_3D('',#2530,#2531,#2532);
#2530 = CARTESIAN_POINT('',(116.4,12.6,3.6));
#2531 = DIRECTION('',(1.,0.,0.));
#2532 = DIRECTION('',(0.,0.,1.));
#2533 = ADVANCED_FACE('',(#2534),#2546,.F.);
#2534 = FACE_BOUND('',#2535,.F.);
#2535 = EDGE_LOOP('',(#2536,#2537,#2538,#2539));
#2536 = ORIENTED_EDGE('',*,*,#2506,.F.);
#2537 = ORIENTED_EDGE('',*,*,#1266,.T.);
#2538 = ORIENTED_EDGE('',*,*,#2292,.T.);
#2539 = ORIENTED_EDGE('',*,*,#2540,.T.);
#2540 = EDGE_CURVE('',#2285,#2507,#2541,.T.);
#2541 = CIRCLE('',#2542,6.2);
#2542 = AXIS2_PLACEMENT_3D('',#2543,#2544,#2545);
#2543 = CARTESIAN_POINT('',(111.,15.,58.5));
#2544 = DIRECTION('',(0.,-1.,0.));
#2545 = DIRECTION('',(1.,0.,1.015061051086E-15));
#2546 = PLANE('',#2547);
#2547 = AXIS2_PLACEMENT_3D('',#2548,#2549,#2550);
#2548 = CARTESIAN_POINT('',(59.,15.,32.75));
#2549 = DIRECTION('',(-0.,-1.,-0.));
#2550 = DIRECTION('',(0.,0.,-1.));
#2551 = ADVANCED_FACE('',(#2552,#2583),#2653,.F.);
#2552 = FACE_BOUND('',#2553,.F.);
#2553 = EDGE_LOOP('',(#2554,#2555,#2556,#2557,#2566,#2574,#2581,#2582));
#2554 = ORIENTED_EDGE('',*,*,#1372,.T.);
#2555 = ORIENTED_EDGE('',*,*,#2471,.T.);
#2556 = ORIENTED_EDGE('',*,*,#2496,.T.);
#2557 = ORIENTED_EDGE('',*,*,#2558,.T.);
#2558 = EDGE_CURVE('',#2497,#2559,#2561,.T.);
#2559 = VERTEX_POINT('',#2560);
#2560 = CARTESIAN_POINT('',(114.4,12.6,63.9));
#2561 = CIRCLE('',#2562,2.);
#2562 = AXIS2_PLACEMENT_3D('',#2563,#2564,#2565);
#2563 = CARTESIAN_POINT('',(114.4,12.6,61.9));
#2564 = DIRECTION('',(0.,-1.,0.));
#2565 = DIRECTION('',(1.,0.,3.552713678801E-15));
#2566 = ORIENTED_EDGE('',*,*,#2567,.T.);
#2567 = EDGE_CURVE('',#2559,#2568,#2570,.T.);
#2568 = VERTEX_POINT('',#2569);
#2569 = CARTESIAN_POINT('',(3.6,12.6,63.9));
#2570 = LINE('',#2571,#2572);
#2571 = CARTESIAN_POINT('',(114.4,12.6,63.9));
#2572 = VECTOR('',#2573,1.);
#2573 = DIRECTION('',(-1.,0.,0.));
#2574 = ORIENTED_EDGE('',*,*,#2575,.T.);
#2575 = EDGE_CURVE('',#2568,#1526,#2576,.T.);
#2576 = CIRCLE('',#2577,2.);
#2577 = AXIS2_PLACEMENT_3D('',#2578,#2579,#2580);
#2578 = CARTESIAN_POINT('',(3.6,12.6,61.9));
#2579 = DIRECTION('',(0.,-1.,0.));
#2580 = DIRECTION('',(-2.442490654175E-15,0.,1.));
#2581 = ORIENTED_EDGE('',*,*,#1525,.T.);
#2582 = ORIENTED_EDGE('',*,*,#1566,.T.);
#2583 = FACE_BOUND('',#2584,.F.);
#2584 = EDGE_LOOP('',(#2585,#2596,#2604,#2613,#2621,#2630,#2638,#2647));
#2585 = ORIENTED_EDGE('',*,*,#2586,.F.);
#2586 = EDGE_CURVE('',#2587,#2589,#2591,.T.);
#2587 = VERTEX_POINT('',#2588);
#2588 = CARTESIAN_POINT('',(114.1,12.6,2.4));
#2589 = VERTEX_POINT('',#2590);
#2590 = CARTESIAN_POINT('',(115.6,12.6,3.9));
#2591 = CIRCLE('',#2592,1.5);
#2592 = AXIS2_PLACEMENT_3D('',#2593,#2594,#2595);
#2593 = CARTESIAN_POINT('',(114.1,12.6,3.9));
#2594 = DIRECTION('',(0.,-1.,0.));
#2595 = DIRECTION('',(0.,0.,-1.));
#2596 = ORIENTED_EDGE('',*,*,#2597,.T.);
#2597 = EDGE_CURVE('',#2587,#2598,#2600,.T.);
#2598 = VERTEX_POINT('',#2599);
#2599 = CARTESIAN_POINT('',(3.9,12.6,2.4));
#2600 = LINE('',#2601,#2602);
#2601 = CARTESIAN_POINT('',(31.45,12.6,2.4));
#2602 = VECTOR('',#2603,1.);
#2603 = DIRECTION('',(-1.,0.,0.));
#2604 = ORIENTED_EDGE('',*,*,#2605,.F.);
#2605 = EDGE_CURVE('',#2606,#2598,#2608,.T.);
#2606 = VERTEX_POINT('',#2607);
#2607 = CARTESIAN_POINT('',(2.4,12.6,3.9));
#2608 = CIRCLE('',#2609,1.5);
#2609 = AXIS2_PLACEMENT_3D('',#2610,#2611,#2612);
#2610 = CARTESIAN_POINT('',(3.9,12.6,3.9));
#2611 = DIRECTION('',(0.,-1.,0.));
#2612 = DIRECTION('',(-1.,0.,0.));
#2613 = ORIENTED_EDGE('',*,*,#2614,.T.);
#2614 = EDGE_CURVE('',#2606,#2615,#2617,.T.);
#2615 = VERTEX_POINT('',#2616);
#2616 = CARTESIAN_POINT('',(2.4,12.6,61.6));
#2617 = LINE('',#2618,#2619);
#2618 = CARTESIAN_POINT('',(2.4,12.6,47.175));
#2619 = VECTOR('',#2620,1.);
#2620 = DIRECTION('',(0.,0.,1.));
#2621 = ORIENTED_EDGE('',*,*,#2622,.F.);
#2622 = EDGE_CURVE('',#2623,#2615,#2625,.T.);
#2623 = VERTEX_POINT('',#2624);
#2624 = CARTESIAN_POINT('',(3.9,12.6,63.1));
#2625 = CIRCLE('',#2626,1.5);
#2626 = AXIS2_PLACEMENT_3D('',#2627,#2628,#2629);
#2627 = CARTESIAN_POINT('',(3.9,12.6,61.6));
#2628 = DIRECTION('',(0.,-1.,0.));
#2629 = DIRECTION('',(1.480297366167E-15,0.,1.));
#2630 = ORIENTED_EDGE('',*,*,#2631,.T.);
#2631 = EDGE_CURVE('',#2623,#2632,#2634,.T.);
#2632 = VERTEX_POINT('',#2633);
#2633 = CARTESIAN_POINT('',(114.1,12.6,63.1));
#2634 = LINE('',#2635,#2636);
#2635 = CARTESIAN_POINT('',(86.55,12.6,63.1));
#2636 = VECTOR('',#2637,1.);
#2637 = DIRECTION('',(1.,0.,0.));
#2638 = ORIENTED_EDGE('',*,*,#2639,.F.);
#2639 = EDGE_CURVE('',#2640,#2632,#2642,.T.);
#2640 = VERTEX_POINT('',#2641);
#2641 = CARTESIAN_POINT('',(115.6,12.6,61.6));
#2642 = CIRCLE('',#2643,1.5);
#2643 = AXIS2_PLACEMENT_3D('',#2644,#2645,#2646);
#2644 = CARTESIAN_POINT('',(114.1,12.6,61.6));
#2645 = DIRECTION('',(0.,-1.,0.));
#2646 = DIRECTION('',(1.,0.,9.473903143468E-15));
#2647 = ORIENTED_EDGE('',*,*,#2648,.T.);
#2648 = EDGE_CURVE('',#2640,#2589,#2649,.T.);
#2649 = LINE('',#2650,#2651);
#2650 = CARTESIAN_POINT('',(115.6,12.6,18.325));
#2651 = VECTOR('',#2652,1.);
#2652 = DIRECTION('',(0.,0.,-1.));
#2653 = PLANE('',#2654);
#2654 = AXIS2_PLACEMENT_3D('',#2655,#2656,#2657);
#2655 = CARTESIAN_POINT('',(59.,12.6,32.75));
#2656 = DIRECTION('',(-0.,-1.,-0.));
#2657 = DIRECTION('',(0.,0.,-1.));
#2658 = ADVANCED_FACE('',(#2659,#2718,#2788),#2858,.T.);
#2659 = FACE_BOUND('',#2660,.T.);
#2660 = EDGE_LOOP('',(#2661,#2662,#2663,#2671,#2679,#2685,#2686,#2695,
    #2703,#2710,#2711,#2717));
#2661 = ORIENTED_EDGE('',*,*,#1644,.F.);
#2662 = ORIENTED_EDGE('',*,*,#2456,.T.);
#2663 = ORIENTED_EDGE('',*,*,#2664,.T.);
#2664 = EDGE_CURVE('',#2448,#2665,#2667,.T.);
#2665 = VERTEX_POINT('',#2666);
#2666 = CARTESIAN_POINT('',(89.15,1.8,65.5));
#2667 = LINE('',#2668,#2669);
#2668 = CARTESIAN_POINT('',(100.075,1.8,65.5));
#2669 = VECTOR('',#2670,1.);
#2670 = DIRECTION('',(-1.,0.,0.));
#2671 = ORIENTED_EDGE('',*,*,#2672,.T.);
#2672 = EDGE_CURVE('',#2665,#2673,#2675,.T.);
#2673 = VERTEX_POINT('',#2674);
#2674 = CARTESIAN_POINT('',(89.15,2.8,65.5));
#2675 = LINE('',#2676,#2677);
#2676 = CARTESIAN_POINT('',(89.15,0.9,65.5));
#2677 = VECTOR('',#2678,1.);
#2678 = DIRECTION('',(0.,1.,0.));
#2679 = ORIENTED_EDGE('',*,*,#2680,.F.);
#2680 = EDGE_CURVE('',#2423,#2673,#2681,.T.);
#2681 = LINE('',#2682,#2683);
#2682 = CARTESIAN_POINT('',(100.075,2.8,65.5));
#2683 = VECTOR('',#2684,1.);
#2684 = DIRECTION('',(-1.,0.,0.));
#2685 = ORIENTED_EDGE('',*,*,#2422,.T.);
#2686 = ORIENTED_EDGE('',*,*,#2687,.T.);
#2687 = EDGE_CURVE('',#2406,#2688,#2690,.T.);
#2688 = VERTEX_POINT('',#2689);
#2689 = CARTESIAN_POINT('',(110.85,5.79,65.5));
#2690 = CIRCLE('',#2691,0.79);
#2691 = AXIS2_PLACEMENT_3D('',#2692,#2693,#2694);
#2692 = CARTESIAN_POINT('',(111.64,5.79,65.5));
#2693 = DIRECTION('',(0.,1.110223024625E-16,-1.));
#2694 = DIRECTION('',(-1.,-1.855056193045E-14,-2.059526097492E-30));
#2695 = ORIENTED_EDGE('',*,*,#2696,.T.);
#2696 = EDGE_CURVE('',#2688,#2697,#2699,.T.);
#2697 = VERTEX_POINT('',#2698);
#2698 = CARTESIAN_POINT('',(110.85,11.21,65.5));
#2699 = LINE('',#2700,#2701);
#2700 = CARTESIAN_POINT('',(110.85,5.605,65.5));
#2701 = VECTOR('',#2702,1.);
#2702 = DIRECTION('',(0.,1.,0.));
#2703 = ORIENTED_EDGE('',*,*,#2704,.T.);
#2704 = EDGE_CURVE('',#2697,#2317,#2705,.T.);
#2705 = CIRCLE('',#2706,0.79);
#2706 = AXIS2_PLACEMENT_3D('',#2707,#2708,#2709);
#2707 = CARTESIAN_POINT('',(111.64,11.21,65.5));
#2708 = DIRECTION('',(0.,1.110223024625E-16,-1.));
#2709 = DIRECTION('',(0.,1.,1.110223024625E-16));
#2710 = ORIENTED_EDGE('',*,*,#2316,.T.);
#2711 = ORIENTED_EDGE('',*,*,#2712,.T.);
#2712 = EDGE_CURVE('',#2308,#1429,#2713,.T.);
#2713 = LINE('',#2714,#2715);
#2714 = CARTESIAN_POINT('',(111.,14.2,65.5));
#2715 = VECTOR('',#2716,1.);
#2716 = DIRECTION('',(-1.,0.,0.));
#2717 = ORIENTED_EDGE('',*,*,#1426,.F.);
#2718 = FACE_BOUND('',#2719,.T.);
#2719 = EDGE_LOOP('',(#2720,#2731,#2739,#2748,#2756,#2765,#2773,#2782));
#2720 = ORIENTED_EDGE('',*,*,#2721,.T.);
#2721 = EDGE_CURVE('',#2722,#2724,#2726,.T.);
#2722 = VERTEX_POINT('',#2723);
#2723 = CARTESIAN_POINT('',(106.45,5.79,65.5));
#2724 = VERTEX_POINT('',#2725);
#2725 = CARTESIAN_POINT('',(105.66,5.,65.5));
#2726 = CIRCLE('',#2727,0.79);
#2727 = AXIS2_PLACEMENT_3D('',#2728,#2729,#2730);
#2728 = CARTESIAN_POINT('',(105.66,5.79,65.5));
#2729 = DIRECTION('',(0.,1.110223024625E-16,-1.));
#2730 = DIRECTION('',(0.,-1.,-1.110223024625E-16));
#2731 = ORIENTED_EDGE('',*,*,#2732,.T.);
#2732 = EDGE_CURVE('',#2724,#2733,#2735,.T.);
#2733 = VERTEX_POINT('',#2734);
#2734 = CARTESIAN_POINT('',(105.64,5.,65.5));
#2735 = LINE('',#2736,#2737);
#2736 = CARTESIAN_POINT('',(108.32,5.,65.5));
#2737 = VECTOR('',#2738,1.);
#2738 = DIRECTION('',(-1.,0.,0.));
#2739 = ORIENTED_EDGE('',*,*,#2740,.T.);
#2740 = EDGE_CURVE('',#2733,#2741,#2743,.T.);
#2741 = VERTEX_POINT('',#2742);
#2742 = CARTESIAN_POINT('',(104.85,5.79,65.5));
#2743 = CIRCLE('',#2744,0.79);
#2744 = AXIS2_PLACEMENT_3D('',#2745,#2746,#2747);
#2745 = CARTESIAN_POINT('',(105.64,5.79,65.5));
#2746 = DIRECTION('',(0.,1.110223024625E-16,-1.));
#2747 = DIRECTION('',(-1.,-1.855056193045E-14,-2.059526097492E-30));
#2748 = ORIENTED_EDGE('',*,*,#2749,.T.);
#2749 = EDGE_CURVE('',#2741,#2750,#2752,.T.);
#2750 = VERTEX_POINT('',#2751);
#2751 = CARTESIAN_POINT('',(104.85,11.21,65.5));
#2752 = LINE('',#2753,#2754);
#2753 = CARTESIAN_POINT('',(104.85,5.605,65.5));
#2754 = VECTOR('',#2755,1.);
#2755 = DIRECTION('',(0.,1.,0.));
#2756 = ORIENTED_EDGE('',*,*,#2757,.T.);
#2757 = EDGE_CURVE('',#2750,#2758,#2760,.T.);
#2758 = VERTEX_POINT('',#2759);
#2759 = CARTESIAN_POINT('',(105.64,12.,65.5));
#2760 = CIRCLE('',#2761,0.79);
#2761 = AXIS2_PLACEMENT_3D('',#2762,#2763,#2764);
#2762 = CARTESIAN_POINT('',(105.64,11.21,65.5));
#2763 = DIRECTION('',(0.,1.110223024625E-16,-1.));
#2764 = DIRECTION('',(0.,1.,1.110223024625E-16));
#2765 = ORIENTED_EDGE('',*,*,#2766,.T.);
#2766 = EDGE_CURVE('',#2758,#2767,#2769,.T.);
#2767 = VERTEX_POINT('',#2768);
#2768 = CARTESIAN_POINT('',(105.66,12.,65.5));
#2769 = LINE('',#2770,#2771);
#2770 = CARTESIAN_POINT('',(108.33,12.,65.5));
#2771 = VECTOR('',#2772,1.);
#2772 = DIRECTION('',(1.,0.,0.));
#2773 = ORIENTED_EDGE('',*,*,#2774,.T.);
#2774 = EDGE_CURVE('',#2767,#2775,#2777,.T.);
#2775 = VERTEX_POINT('',#2776);
#2776 = CARTESIAN_POINT('',(106.45,11.21,65.5));
#2777 = CIRCLE('',#2778,0.79);
#2778 = AXIS2_PLACEMENT_3D('',#2779,#2780,#2781);
#2779 = CARTESIAN_POINT('',(105.66,11.21,65.5));
#2780 = DIRECTION('',(0.,1.110223024625E-16,-1.));
#2781 = DIRECTION('',(1.,1.855056193045E-14,2.059526097492E-30));
#2782 = ORIENTED_EDGE('',*,*,#2783,.T.);
#2783 = EDGE_CURVE('',#2775,#2722,#2784,.T.);
#2784 = LINE('',#2785,#2786);
#2785 = CARTESIAN_POINT('',(106.45,2.895,65.5));
#2786 = VECTOR('',#2787,1.);
#2787 = DIRECTION('',(0.,-1.,0.));
#2788 = FACE_BOUND('',#2789,.T.);
#2789 = EDGE_LOOP('',(#2790,#2801,#2809,#2818,#2826,#2835,#2843,#2852));
#2790 = ORIENTED_EDGE('',*,*,#2791,.T.);
#2791 = EDGE_CURVE('',#2792,#2794,#2796,.T.);
#2792 = VERTEX_POINT('',#2793);
#2793 = CARTESIAN_POINT('',(100.45,5.79,65.5));
#2794 = VERTEX_POINT('',#2795);
#2795 = CARTESIAN_POINT('',(99.66,5.,65.5));
#2796 = CIRCLE('',#2797,0.79);
#2797 = AXIS2_PLACEMENT_3D('',#2798,#2799,#2800);
#2798 = CARTESIAN_POINT('',(99.66,5.79,65.5));
#2799 = DIRECTION('',(0.,1.110223024625E-16,-1.));
#2800 = DIRECTION('',(0.,-1.,-1.110223024625E-16));
#2801 = ORIENTED_EDGE('',*,*,#2802,.T.);
#2802 = EDGE_CURVE('',#2794,#2803,#2805,.T.);
#2803 = VERTEX_POINT('',#2804);
#2804 = CARTESIAN_POINT('',(99.64,5.,65.5));
#2805 = LINE('',#2806,#2807);
#2806 = CARTESIAN_POINT('',(105.32,5.,65.5));
#2807 = VECTOR('',#2808,1.);
#2808 = DIRECTION('',(-1.,0.,0.));
#2809 = ORIENTED_EDGE('',*,*,#2810,.T.);
#2810 = EDGE_CURVE('',#2803,#2811,#2813,.T.);
#2811 = VERTEX_POINT('',#2812);
#2812 = CARTESIAN_POINT('',(98.85,5.79,65.5));
#2813 = CIRCLE('',#2814,0.79);
#2814 = AXIS2_PLACEMENT_3D('',#2815,#2816,#2817);
#2815 = CARTESIAN_POINT('',(99.64,5.79,65.5));
#2816 = DIRECTION('',(0.,1.110223024625E-16,-1.));
#2817 = DIRECTION('',(-1.,-1.855056193045E-14,-2.059526097492E-30));
#2818 = ORIENTED_EDGE('',*,*,#2819,.T.);
#2819 = EDGE_CURVE('',#2811,#2820,#2822,.T.);
#2820 = VERTEX_POINT('',#2821);
#2821 = CARTESIAN_POINT('',(98.85,11.21,65.5));
#2822 = LINE('',#2823,#2824);
#2823 = CARTESIAN_POINT('',(98.85,5.605,65.5));
#2824 = VECTOR('',#2825,1.);
#2825 = DIRECTION('',(0.,1.,0.));
#2826 = ORIENTED_EDGE('',*,*,#2827,.T.);
#2827 = EDGE_CURVE('',#2820,#2828,#2830,.T.);
#2828 = VERTEX_POINT('',#2829);
#2829 = CARTESIAN_POINT('',(99.64,12.,65.5));
#2830 = CIRCLE('',#2831,0.79);
#2831 = AXIS2_PLACEMENT_3D('',#2832,#2833,#2834);
#2832 = CARTESIAN_POINT('',(99.64,11.21,65.5));
#2833 = DIRECTION('',(0.,1.110223024625E-16,-1.));
#2834 = DIRECTION('',(0.,1.,1.110223024625E-16));
#2835 = ORIENTED_EDGE('',*,*,#2836,.T.);
#2836 = EDGE_CURVE('',#2828,#2837,#2839,.T.);
#2837 = VERTEX_POINT('',#2838);
#2838 = CARTESIAN_POINT('',(99.66,12.,65.5));
#2839 = LINE('',#2840,#2841);
#2840 = CARTESIAN_POINT('',(105.33,12.,65.5));
#2841 = VECTOR('',#2842,1.);
#2842 = DIRECTION('',(1.,0.,0.));
#2843 = ORIENTED_EDGE('',*,*,#2844,.T.);
#2844 = EDGE_CURVE('',#2837,#2845,#2847,.T.);
#2845 = VERTEX_POINT('',#2846);
#2846 = CARTESIAN_POINT('',(100.45,11.21,65.5));
#2847 = CIRCLE('',#2848,0.79);
#2848 = AXIS2_PLACEMENT_3D('',#2849,#2850,#2851);
#2849 = CARTESIAN_POINT('',(99.66,11.21,65.5));
#2850 = DIRECTION('',(0.,1.110223024625E-16,-1.));
#2851 = DIRECTION('',(1.,1.855056193045E-14,2.059526097492E-30));
#2852 = ORIENTED_EDGE('',*,*,#2853,.T.);
#2853 = EDGE_CURVE('',#2845,#2792,#2854,.T.);
#2854 = LINE('',#2855,#2856);
#2855 = CARTESIAN_POINT('',(100.45,2.895,65.5));
#2856 = VECTOR('',#2857,1.);
#2857 = DIRECTION('',(0.,-1.,0.));
#2858 = PLANE('',#2859);
#2859 = AXIS2_PLACEMENT_3D('',#2860,#2861,#2862);
#2860 = CARTESIAN_POINT('',(111.,0.,65.5));
#2861 = DIRECTION('',(0.,0.,1.));
#2862 = DIRECTION('',(-1.,0.,0.));
#2863 = ADVANCED_FACE('',(#2864),#2941,.T.);
#2864 = FACE_BOUND('',#2865,.F.);
#2865 = EDGE_LOOP('',(#2866,#2874,#2875,#2876,#2877,#2878,#2925,#2934));
#2866 = ORIENTED_EDGE('',*,*,#2867,.F.);
#2867 = EDGE_CURVE('',#1429,#2868,#2870,.T.);
#2868 = VERTEX_POINT('',#2869);
#2869 = CARTESIAN_POINT('',(7.,15.,64.7));
#2870 = LINE('',#2871,#2872);
#2871 = CARTESIAN_POINT('',(7.,14.6,65.1));
#2872 = VECTOR('',#2873,1.);
#2873 = DIRECTION('',(0.,0.707106781187,-0.707106781187));
#2874 = ORIENTED_EDGE('',*,*,#1436,.T.);
#2875 = ORIENTED_EDGE('',*,*,#1459,.T.);
#2876 = ORIENTED_EDGE('',*,*,#1509,.F.);
#2877 = ORIENTED_EDGE('',*,*,#1543,.T.);
#2878 = ORIENTED_EDGE('',*,*,#2879,.F.);
#2879 = EDGE_CURVE('',#2880,#1536,#2882,.T.);
#2880 = VERTEX_POINT('',#2881);
#2881 = CARTESIAN_POINT('',(3.6,14.818777546582,63.9));
#2882 = B_SPLINE_CURVE_WITH_KNOTS('',6,(#2883,#2884,#2885,#2886,#2887,
    #2888,#2889,#2890,#2891,#2892,#2893,#2894,#2895,#2896,#2897,#2898,
    #2899,#2900,#2901,#2902,#2903,#2904,#2905,#2906,#2907,#2908,#2909,
    #2910,#2911,#2912,#2913,#2914,#2915,#2916,#2917,#2918,#2919,#2920,
    #2921,#2922,#2923,#2924),.UNSPECIFIED.,.F.,.F.,(7,5,5,5,5,5,5,5,7),(
    0.,0.253205569599,0.343767649005,0.395259471721,0.500442695422,
    0.605649508432,0.657167999752,0.749790318179,1.),.UNSPECIFIED.);
#2883 = CARTESIAN_POINT('',(3.6,14.818777546582,63.9));
#2884 = CARTESIAN_POINT('',(3.490319757933,14.760338458187,63.9));
#2885 = CARTESIAN_POINT('',(3.376751041953,14.704315504069,
    63.892782278424));
#2886 = CARTESIAN_POINT('',(3.259280545056,14.651113461871,
    63.877386362891));
#2887 = CARTESIAN_POINT('',(3.138281435692,14.601457038491,
    63.852597608929));
#2888 = CARTESIAN_POINT('',(3.014608355802,14.556330841184,
    63.817076916538));
#2889 = CARTESIAN_POINT('',(2.844963755904,14.50281623067,
    63.752621357375));
#2890 = CARTESIAN_POINT('',(2.800124258509,14.489453604579,
    63.734117754091));
#2891 = CARTESIAN_POINT('',(2.755211584446,14.476882663646,
    63.714041298452));
#2892 = CARTESIAN_POINT('',(2.710317797508,14.465164392183,
    63.692349673797));
#2893 = CARTESIAN_POINT('',(2.665551292159,14.454361038294,
    63.669014293326));
#2894 = CARTESIAN_POINT('',(2.595725857781,14.438944698008,
    63.62981961799));
#2895 = CARTESIAN_POINT('',(2.570496795753,14.433671765925,
    63.615078390117));
#2896 = CARTESIAN_POINT('',(2.545372239527,14.428725300983,
    63.599801673992));
#2897 = CARTESIAN_POINT('',(2.520376652155,14.424115978941,
    63.583990487164));
#2898 = CARTESIAN_POINT('',(2.495535776448,14.419853880606,
    63.567648445311));
#2899 = CARTESIAN_POINT('',(2.420504986491,14.407970887647,
    63.516327901328));
#2900 = CARTESIAN_POINT('',(2.37088475259,14.401480460683,
    63.479680573904));
#2901 = CARTESIAN_POINT('',(2.322257744448,14.396558910305,
    63.44090270854));
#2902 = CARTESIAN_POINT('',(2.274863238883,14.393267349542,
    63.400099579425));
#2903 = CARTESIAN_POINT('',(2.228930379205,14.391639406867,
    63.357426550514));
#2904 = CARTESIAN_POINT('',(2.140400846847,14.391709256897,
    63.268757147052));
#2905 = CARTESIAN_POINT('',(2.097795349601,14.393407803629,
    63.222750437647));
#2906 = CARTESIAN_POINT('',(2.057066441883,14.396769878067,
    63.175289108231));
#2907 = CARTESIAN_POINT('',(2.018368311572,14.401761031445,
    63.126602924902));
#2908 = CARTESIAN_POINT('',(1.981804889167,14.408319454703,
    63.076931349626));
#2909 = CARTESIAN_POINT('',(1.930608596722,14.420301791427,
    63.001828050408));
#2910 = CARTESIAN_POINT('',(1.914305067832,14.424597027671,
    62.976960183438));
#2911 = CARTESIAN_POINT('',(1.89853323933,14.429239136357,
    62.951939300187));
#2912 = CARTESIAN_POINT('',(1.883296586494,14.434217984016,
    62.92679111934));
#2913 = CARTESIAN_POINT('',(1.868595993946,14.439522852952,
    62.901540063943));
#2914 = CARTESIAN_POINT('',(1.828961039472,14.4552455961,62.830668377001
    ));
#2915 = CARTESIAN_POINT('',(1.805220015258,14.466366154491,
    62.784869900124));
#2916 = CARTESIAN_POINT('',(1.783197116587,14.478439610922,
    62.738946078457));
#2917 = CARTESIAN_POINT('',(1.762860756718,14.491399365366,
    62.693011893109));
#2918 = CARTESIAN_POINT('',(1.744164664461,14.50518033935,
    62.647164489683));
#2919 = CARTESIAN_POINT('',(1.680835812898,14.559006994343,
    62.47807770068));
#2920 = CARTESIAN_POINT('',(1.646237961684,14.603809985595,
    62.355996098445));
#2921 = CARTESIAN_POINT('',(1.62207090802,14.653001736087,
    62.236554385941));
#2922 = CARTESIAN_POINT('',(1.607047329631,14.705641290564,
    62.120561823272));
#2923 = CARTESIAN_POINT('',(1.6,14.761032446971,62.008377743005));
#2924 = CARTESIAN_POINT('',(1.6,14.818777546583,61.9));
#2925 = ORIENTED_EDGE('',*,*,#2926,.T.);
#2926 = EDGE_CURVE('',#2880,#2927,#2929,.T.);
#2927 = VERTEX_POINT('',#2928);
#2928 = CARTESIAN_POINT('',(3.953690757654,15.,63.9));
#2929 = HYPERBOLA('',#2930,5.4,5.4);
#2930 = AXIS2_PLACEMENT_3D('',#2931,#2932,#2933);
#2931 = CARTESIAN_POINT('',(7.,21.2,63.9));
#2932 = DIRECTION('',(-0.,0.,1.));
#2933 = DIRECTION('',(0.,-1.,0.));
#2934 = ORIENTED_EDGE('',*,*,#2935,.F.);
#2935 = EDGE_CURVE('',#2868,#2927,#2936,.T.);
#2936 = CIRCLE('',#2937,6.2);
#2937 = AXIS2_PLACEMENT_3D('',#2938,#2939,#2940);
#2938 = CARTESIAN_POINT('',(7.,15.,58.5));
#2939 = DIRECTION('',(0.,-1.,0.));
#2940 = DIRECTION('',(0.,0.,1.));
#2941 = CONICAL_SURFACE('',#2942,7.,0.785398163397);
#2942 = AXIS2_PLACEMENT_3D('',#2943,#2944,#2945);
#2943 = CARTESIAN_POINT('',(7.,14.2,58.5));
#2944 = DIRECTION('',(0.,-1.,0.));
#2945 = DIRECTION('',(0.,0.,1.));
#2946 = ADVANCED_FACE('',(#2947),#2958,.F.);
#2947 = FACE_BOUND('',#2948,.F.);
#2948 = EDGE_LOOP('',(#2949,#2950,#2956,#2957));
#2949 = ORIENTED_EDGE('',*,*,#2575,.F.);
#2950 = ORIENTED_EDGE('',*,*,#2951,.T.);
#2951 = EDGE_CURVE('',#2568,#2880,#2952,.T.);
#2952 = LINE('',#2953,#2954);
#2953 = CARTESIAN_POINT('',(3.6,12.6,63.9));
#2954 = VECTOR('',#2955,1.);
#2955 = DIRECTION('',(0.,1.,0.));
#2956 = ORIENTED_EDGE('',*,*,#2879,.T.);
#2957 = ORIENTED_EDGE('',*,*,#1535,.F.);
#2958 = CYLINDRICAL_SURFACE('',#2959,2.);
#2959 = AXIS2_PLACEMENT_3D('',#2960,#2961,#2962);
#2960 = CARTESIAN_POINT('',(3.6,12.6,61.9));
#2961 = DIRECTION('',(0.,-1.,0.));
#2962 = DIRECTION('',(-2.442490654175E-15,0.,1.));
#2963 = ADVANCED_FACE('',(#2964),#2990,.F.);
#2964 = FACE_BOUND('',#2965,.F.);
#2965 = EDGE_LOOP('',(#2966,#2967,#2975,#2984));
#2966 = ORIENTED_EDGE('',*,*,#1675,.F.);
#2967 = ORIENTED_EDGE('',*,*,#2968,.T.);
#2968 = EDGE_CURVE('',#1661,#2969,#2971,.T.);
#2969 = VERTEX_POINT('',#2970);
#2970 = CARTESIAN_POINT('',(78.5,1.8,8.05));
#2971 = LINE('',#2972,#2973);
#2972 = CARTESIAN_POINT('',(78.5,0.,8.05));
#2973 = VECTOR('',#2974,1.);
#2974 = DIRECTION('',(0.,1.,0.));
#2975 = ORIENTED_EDGE('',*,*,#2976,.T.);
#2976 = EDGE_CURVE('',#2969,#2977,#2979,.T.);
#2977 = VERTEX_POINT('',#2978);
#2978 = CARTESIAN_POINT('',(79.7,1.8,9.25));
#2979 = CIRCLE('',#2980,1.2);
#2980 = AXIS2_PLACEMENT_3D('',#2981,#2982,#2983);
#2981 = CARTESIAN_POINT('',(78.5,1.8,9.25));
#2982 = DIRECTION('',(0.,-1.,0.));
#2983 = DIRECTION('',(0.,0.,-1.));
#2984 = ORIENTED_EDGE('',*,*,#2985,.F.);
#2985 = EDGE_CURVE('',#1669,#2977,#2986,.T.);
#2986 = LINE('',#2987,#2988);
#2987 = CARTESIAN_POINT('',(79.7,0.,9.25));
#2988 = VECTOR('',#2989,1.);
#2989 = DIRECTION('',(0.,1.,0.));
#2990 = CYLINDRICAL_SURFACE('',#2991,1.2);
#2991 = AXIS2_PLACEMENT_3D('',#2992,#2993,#2994);
#2992 = CARTESIAN_POINT('',(78.5,0.,9.25));
#2993 = DIRECTION('',(0.,-1.,0.));
#2994 = DIRECTION('',(0.,0.,-1.));
#2995 = ADVANCED_FACE('',(#2996),#3014,.F.);
#2996 = FACE_BOUND('',#2997,.F.);
#2997 = EDGE_LOOP('',(#2998,#2999,#3000,#3008));
#2998 = ORIENTED_EDGE('',*,*,#1699,.F.);
#2999 = ORIENTED_EDGE('',*,*,#2985,.T.);
#3000 = ORIENTED_EDGE('',*,*,#3001,.T.);
#3001 = EDGE_CURVE('',#2977,#3002,#3004,.T.);
#3002 = VERTEX_POINT('',#3003);
#3003 = CARTESIAN_POINT('',(79.7,1.8,56.25));
#3004 = LINE('',#3005,#3006);
#3005 = CARTESIAN_POINT('',(79.7,1.8,21.));
#3006 = VECTOR('',#3007,1.);
#3007 = DIRECTION('',(0.,0.,1.));
#3008 = ORIENTED_EDGE('',*,*,#3009,.F.);
#3009 = EDGE_CURVE('',#1693,#3002,#3010,.T.);
#3010 = LINE('',#3011,#3012);
#3011 = CARTESIAN_POINT('',(79.7,0.,56.25));
#3012 = VECTOR('',#3013,1.);
#3013 = DIRECTION('',(0.,1.,0.));
#3014 = PLANE('',#3015);
#3015 = AXIS2_PLACEMENT_3D('',#3016,#3017,#3018);
#3016 = CARTESIAN_POINT('',(79.7,0.,9.25));
#3017 = DIRECTION('',(1.,0.,0.));
#3018 = DIRECTION('',(0.,0.,1.));
#3019 = ADVANCED_FACE('',(#3020),#3038,.F.);
#3020 = FACE_BOUND('',#3021,.F.);
#3021 = EDGE_LOOP('',(#3022,#3023,#3031,#3037));
#3022 = ORIENTED_EDGE('',*,*,#1722,.F.);
#3023 = ORIENTED_EDGE('',*,*,#3024,.T.);
#3024 = EDGE_CURVE('',#1714,#3025,#3027,.T.);
#3025 = VERTEX_POINT('',#3026);
#3026 = CARTESIAN_POINT('',(15.3,1.8,8.05));
#3027 = LINE('',#3028,#3029);
#3028 = CARTESIAN_POINT('',(15.3,0.,8.05));
#3029 = VECTOR('',#3030,1.);
#3030 = DIRECTION('',(0.,1.,0.));
#3031 = ORIENTED_EDGE('',*,*,#3032,.T.);
#3032 = EDGE_CURVE('',#3025,#2969,#3033,.T.);
#3033 = LINE('',#3034,#3035);
#3034 = CARTESIAN_POINT('',(37.15,1.8,8.05));
#3035 = VECTOR('',#3036,1.);
#3036 = DIRECTION('',(1.,0.,0.));
#3037 = ORIENTED_EDGE('',*,*,#2968,.F.);
#3038 = PLANE('',#3039);
#3039 = AXIS2_PLACEMENT_3D('',#3040,#3041,#3042);
#3040 = CARTESIAN_POINT('',(15.3,0.,8.05));
#3041 = DIRECTION('',(0.,0.,-1.));
#3042 = DIRECTION('',(1.,0.,0.));
#3043 = ADVANCED_FACE('',(#3044),#3063,.F.);
#3044 = FACE_BOUND('',#3045,.F.);
#3045 = EDGE_LOOP('',(#3046,#3047,#3048,#3057));
#3046 = ORIENTED_EDGE('',*,*,#1745,.F.);
#3047 = ORIENTED_EDGE('',*,*,#3009,.T.);
#3048 = ORIENTED_EDGE('',*,*,#3049,.T.);
#3049 = EDGE_CURVE('',#3002,#3050,#3052,.T.);
#3050 = VERTEX_POINT('',#3051);
#3051 = CARTESIAN_POINT('',(78.5,1.8,57.45));
#3052 = CIRCLE('',#3053,1.2);
#3053 = AXIS2_PLACEMENT_3D('',#3054,#3055,#3056);
#3054 = CARTESIAN_POINT('',(78.5,1.8,56.25));
#3055 = DIRECTION('',(0.,-1.,0.));
#3056 = DIRECTION('',(1.,0.,-5.921189464668E-15));
#3057 = ORIENTED_EDGE('',*,*,#3058,.F.);
#3058 = EDGE_CURVE('',#1739,#3050,#3059,.T.);
#3059 = LINE('',#3060,#3061);
#3060 = CARTESIAN_POINT('',(78.5,0.,57.45));
#3061 = VECTOR('',#3062,1.);
#3062 = DIRECTION('',(0.,1.,0.));
#3063 = CYLINDRICAL_SURFACE('',#3064,1.2);
#3064 = AXIS2_PLACEMENT_3D('',#3065,#3066,#3067);
#3065 = CARTESIAN_POINT('',(78.5,0.,56.25));
#3066 = DIRECTION('',(0.,-1.,0.));
#3067 = DIRECTION('',(1.,0.,-5.921189464668E-15));
#3068 = ADVANCED_FACE('',(#3069),#3088,.F.);
#3069 = FACE_BOUND('',#3070,.F.);
#3070 = EDGE_LOOP('',(#3071,#3072,#3080,#3087));
#3071 = ORIENTED_EDGE('',*,*,#1769,.F.);
#3072 = ORIENTED_EDGE('',*,*,#3073,.T.);
#3073 = EDGE_CURVE('',#1761,#3074,#3076,.T.);
#3074 = VERTEX_POINT('',#3075);
#3075 = CARTESIAN_POINT('',(14.1,1.8,9.25));
#3076 = LINE('',#3077,#3078);
#3077 = CARTESIAN_POINT('',(14.1,0.,9.25));
#3078 = VECTOR('',#3079,1.);
#3079 = DIRECTION('',(0.,1.,0.));
#3080 = ORIENTED_EDGE('',*,*,#3081,.T.);
#3081 = EDGE_CURVE('',#3074,#3025,#3082,.T.);
#3082 = CIRCLE('',#3083,1.2);
#3083 = AXIS2_PLACEMENT_3D('',#3084,#3085,#3086);
#3084 = CARTESIAN_POINT('',(15.3,1.8,9.25));
#3085 = DIRECTION('',(0.,-1.,0.));
#3086 = DIRECTION('',(-1.,0.,0.));
#3087 = ORIENTED_EDGE('',*,*,#3024,.F.);
#3088 = CYLINDRICAL_SURFACE('',#3089,1.2);
#3089 = AXIS2_PLACEMENT_3D('',#3090,#3091,#3092);
#3090 = CARTESIAN_POINT('',(15.3,0.,9.25));
#3091 = DIRECTION('',(0.,-1.,0.));
#3092 = DIRECTION('',(-1.,0.,0.));
#3093 = ADVANCED_FACE('',(#3094),#3112,.F.);
#3094 = FACE_BOUND('',#3095,.F.);
#3095 = EDGE_LOOP('',(#3096,#3097,#3098,#3106));
#3096 = ORIENTED_EDGE('',*,*,#1793,.F.);
#3097 = ORIENTED_EDGE('',*,*,#3058,.T.);
#3098 = ORIENTED_EDGE('',*,*,#3099,.T.);
#3099 = EDGE_CURVE('',#3050,#3100,#3102,.T.);
#3100 = VERTEX_POINT('',#3101);
#3101 = CARTESIAN_POINT('',(15.3,1.8,57.45));
#3102 = LINE('',#3103,#3104);
#3103 = CARTESIAN_POINT('',(68.75,1.8,57.45));
#3104 = VECTOR('',#3105,1.);
#3105 = DIRECTION('',(-1.,0.,0.));
#3106 = ORIENTED_EDGE('',*,*,#3107,.F.);
#3107 = EDGE_CURVE('',#1787,#3100,#3108,.T.);
#3108 = LINE('',#3109,#3110);
#3109 = CARTESIAN_POINT('',(15.3,0.,57.45));
#3110 = VECTOR('',#3111,1.);
#3111 = DIRECTION('',(0.,1.,0.));
#3112 = PLANE('',#3113);
#3113 = AXIS2_PLACEMENT_3D('',#3114,#3115,#3116);
#3114 = CARTESIAN_POINT('',(78.5,0.,57.45));
#3115 = DIRECTION('',(0.,0.,1.));
#3116 = DIRECTION('',(-1.,0.,0.));
#3117 = ADVANCED_FACE('',(#3118),#3136,.F.);
#3118 = FACE_BOUND('',#3119,.F.);
#3119 = EDGE_LOOP('',(#3120,#3121,#3129,#3135));
#3120 = ORIENTED_EDGE('',*,*,#1816,.F.);
#3121 = ORIENTED_EDGE('',*,*,#3122,.T.);
#3122 = EDGE_CURVE('',#1808,#3123,#3125,.T.);
#3123 = VERTEX_POINT('',#3124);
#3124 = CARTESIAN_POINT('',(14.1,1.8,56.25));
#3125 = LINE('',#3126,#3127);
#3126 = CARTESIAN_POINT('',(14.1,0.,56.25));
#3127 = VECTOR('',#3128,1.);
#3128 = DIRECTION('',(0.,1.,0.));
#3129 = ORIENTED_EDGE('',*,*,#3130,.T.);
#3130 = EDGE_CURVE('',#3123,#3074,#3131,.T.);
#3131 = LINE('',#3132,#3133);
#3132 = CARTESIAN_POINT('',(14.1,1.8,44.5));
#3133 = VECTOR('',#3134,1.);
#3134 = DIRECTION('',(0.,0.,-1.));
#3135 = ORIENTED_EDGE('',*,*,#3073,.F.);
#3136 = PLANE('',#3137);
#3137 = AXIS2_PLACEMENT_3D('',#3138,#3139,#3140);
#3138 = CARTESIAN_POINT('',(14.1,0.,56.25));
#3139 = DIRECTION('',(-1.,0.,0.));
#3140 = DIRECTION('',(0.,0.,-1.));
#3141 = ADVANCED_FACE('',(#3142),#3154,.F.);
#3142 = FACE_BOUND('',#3143,.F.);
#3143 = EDGE_LOOP('',(#3144,#3145,#3146,#3153));
#3144 = ORIENTED_EDGE('',*,*,#1833,.F.);
#3145 = ORIENTED_EDGE('',*,*,#3107,.T.);
#3146 = ORIENTED_EDGE('',*,*,#3147,.T.);
#3147 = EDGE_CURVE('',#3100,#3123,#3148,.T.);
#3148 = CIRCLE('',#3149,1.2);
#3149 = AXIS2_PLACEMENT_3D('',#3150,#3151,#3152);
#3150 = CARTESIAN_POINT('',(15.3,1.8,56.25));
#3151 = DIRECTION('',(0.,-1.,0.));
#3152 = DIRECTION('',(5.921189464668E-15,0.,1.));
#3153 = ORIENTED_EDGE('',*,*,#3122,.F.);
#3154 = CYLINDRICAL_SURFACE('',#3155,1.2);
#3155 = AXIS2_PLACEMENT_3D('',#3156,#3157,#3158);
#3156 = CARTESIAN_POINT('',(15.3,0.,56.25));
#3157 = DIRECTION('',(0.,-1.,0.));
#3158 = DIRECTION('',(5.921189464668E-15,0.,1.));
#3159 = ADVANCED_FACE('',(#3160),#3186,.F.);
#3160 = FACE_BOUND('',#3161,.F.);
#3161 = EDGE_LOOP('',(#3162,#3163,#3171,#3180));
#3162 = ORIENTED_EDGE('',*,*,#1863,.F.);
#3163 = ORIENTED_EDGE('',*,*,#3164,.T.);
#3164 = EDGE_CURVE('',#1849,#3165,#3167,.T.);
#3165 = VERTEX_POINT('',#3166);
#3166 = CARTESIAN_POINT('',(110.35,1.8,28.45));
#3167 = LINE('',#3168,#3169);
#3168 = CARTESIAN_POINT('',(110.35,0.,28.45));
#3169 = VECTOR('',#3170,1.);
#3170 = DIRECTION('',(0.,1.,0.));
#3171 = ORIENTED_EDGE('',*,*,#3172,.T.);
#3172 = EDGE_CURVE('',#3165,#3173,#3175,.T.);
#3173 = VERTEX_POINT('',#3174);
#3174 = CARTESIAN_POINT('',(111.35,1.8,29.45));
#3175 = CIRCLE('',#3176,1.);
#3176 = AXIS2_PLACEMENT_3D('',#3177,#3178,#3179);
#3177 = CARTESIAN_POINT('',(110.35,1.8,29.45));
#3178 = DIRECTION('',(0.,-1.,0.));
#3179 = DIRECTION('',(-1.42108547152E-14,-0.,-1.));
#3180 = ORIENTED_EDGE('',*,*,#3181,.F.);
#3181 = EDGE_CURVE('',#1857,#3173,#3182,.T.);
#3182 = LINE('',#3183,#3184);
#3183 = CARTESIAN_POINT('',(111.35,0.,29.45));
#3184 = VECTOR('',#3185,1.);
#3185 = DIRECTION('',(0.,1.,0.));
#3186 = CYLINDRICAL_SURFACE('',#3187,1.);
#3187 = AXIS2_PLACEMENT_3D('',#3188,#3189,#3190);
#3188 = CARTESIAN_POINT('',(110.35,0.,29.45));
#3189 = DIRECTION('',(0.,-1.,0.));
#3190 = DIRECTION('',(-1.42108547152E-14,-0.,-1.));
#3191 = ADVANCED_FACE('',(#3192),#3210,.F.);
#3192 = FACE_BOUND('',#3193,.F.);
#3193 = EDGE_LOOP('',(#3194,#3195,#3196,#3204));
#3194 = ORIENTED_EDGE('',*,*,#1887,.F.);
#3195 = ORIENTED_EDGE('',*,*,#3181,.T.);
#3196 = ORIENTED_EDGE('',*,*,#3197,.T.);
#3197 = EDGE_CURVE('',#3173,#3198,#3200,.T.);
#3198 = VERTEX_POINT('',#3199);
#3199 = CARTESIAN_POINT('',(111.35,1.8,56.45));
#3200 = LINE('',#3201,#3202);
#3201 = CARTESIAN_POINT('',(111.35,1.8,31.1));
#3202 = VECTOR('',#3203,1.);
#3203 = DIRECTION('',(0.,0.,1.));
#3204 = ORIENTED_EDGE('',*,*,#3205,.F.);
#3205 = EDGE_CURVE('',#1881,#3198,#3206,.T.);
#3206 = LINE('',#3207,#3208);
#3207 = CARTESIAN_POINT('',(111.35,0.,56.45));
#3208 = VECTOR('',#3209,1.);
#3209 = DIRECTION('',(0.,1.,0.));
#3210 = PLANE('',#3211);
#3211 = AXIS2_PLACEMENT_3D('',#3212,#3213,#3214);
#3212 = CARTESIAN_POINT('',(111.35,0.,29.45));
#3213 = DIRECTION('',(1.,0.,0.));
#3214 = DIRECTION('',(0.,0.,1.));
#3215 = ADVANCED_FACE('',(#3216),#3234,.F.);
#3216 = FACE_BOUND('',#3217,.F.);
#3217 = EDGE_LOOP('',(#3218,#3219,#3227,#3233));
#3218 = ORIENTED_EDGE('',*,*,#1910,.F.);
#3219 = ORIENTED_EDGE('',*,*,#3220,.T.);
#3220 = EDGE_CURVE('',#1902,#3221,#3223,.T.);
#3221 = VERTEX_POINT('',#3222);
#3222 = CARTESIAN_POINT('',(91.35,1.8,28.45));
#3223 = LINE('',#3224,#3225);
#3224 = CARTESIAN_POINT('',(91.35,0.,28.45));
#3225 = VECTOR('',#3226,1.);
#3226 = DIRECTION('',(0.,1.,0.));
#3227 = ORIENTED_EDGE('',*,*,#3228,.T.);
#3228 = EDGE_CURVE('',#3221,#3165,#3229,.T.);
#3229 = LINE('',#3230,#3231);
#3230 = CARTESIAN_POINT('',(75.175,1.8,28.45));
#3231 = VECTOR('',#3232,1.);
#3232 = DIRECTION('',(1.,0.,0.));
#3233 = ORIENTED_EDGE('',*,*,#3164,.F.);
#3234 = PLANE('',#3235);
#3235 = AXIS2_PLACEMENT_3D('',#3236,#3237,#3238);
#3236 = CARTESIAN_POINT('',(91.35,0.,28.45));
#3237 = DIRECTION('',(0.,0.,-1.));
#3238 = DIRECTION('',(1.,0.,0.));
#3239 = ADVANCED_FACE('',(#3240),#3259,.F.);
#3240 = FACE_BOUND('',#3241,.F.);
#3241 = EDGE_LOOP('',(#3242,#3243,#3244,#3253));
#3242 = ORIENTED_EDGE('',*,*,#1933,.F.);
#3243 = ORIENTED_EDGE('',*,*,#3205,.T.);
#3244 = ORIENTED_EDGE('',*,*,#3245,.T.);
#3245 = EDGE_CURVE('',#3198,#3246,#3248,.T.);
#3246 = VERTEX_POINT('',#3247);
#3247 = CARTESIAN_POINT('',(110.35,1.8,57.45));
#3248 = CIRCLE('',#3249,1.);
#3249 = AXIS2_PLACEMENT_3D('',#3250,#3251,#3252);
#3250 = CARTESIAN_POINT('',(110.35,1.8,56.45));
#3251 = DIRECTION('',(0.,-1.,0.));
#3252 = DIRECTION('',(1.,0.,-1.42108547152E-14));
#3253 = ORIENTED_EDGE('',*,*,#3254,.F.);
#3254 = EDGE_CURVE('',#1927,#3246,#3255,.T.);
#3255 = LINE('',#3256,#3257);
#3256 = CARTESIAN_POINT('',(110.35,0.,57.45));
#3257 = VECTOR('',#3258,1.);
#3258 = DIRECTION('',(0.,1.,0.));
#3259 = CYLINDRICAL_SURFACE('',#3260,1.);
#3260 = AXIS2_PLACEMENT_3D('',#3261,#3262,#3263);
#3261 = CARTESIAN_POINT('',(110.35,0.,56.45));
#3262 = DIRECTION('',(0.,-1.,0.));
#3263 = DIRECTION('',(1.,0.,-1.42108547152E-14));
#3264 = ADVANCED_FACE('',(#3265),#3284,.F.);
#3265 = FACE_BOUND('',#3266,.F.);
#3266 = EDGE_LOOP('',(#3267,#3268,#3276,#3283));
#3267 = ORIENTED_EDGE('',*,*,#1957,.F.);
#3268 = ORIENTED_EDGE('',*,*,#3269,.T.);
#3269 = EDGE_CURVE('',#1949,#3270,#3272,.T.);
#3270 = VERTEX_POINT('',#3271);
#3271 = CARTESIAN_POINT('',(90.35,1.8,29.45));
#3272 = LINE('',#3273,#3274);
#3273 = CARTESIAN_POINT('',(90.35,0.,29.45));
#3274 = VECTOR('',#3275,1.);
#3275 = DIRECTION('',(0.,1.,0.));
#3276 = ORIENTED_EDGE('',*,*,#3277,.T.);
#3277 = EDGE_CURVE('',#3270,#3221,#3278,.T.);
#3278 = CIRCLE('',#3279,1.);
#3279 = AXIS2_PLACEMENT_3D('',#3280,#3281,#3282);
#3280 = CARTESIAN_POINT('',(91.35,1.8,29.45));
#3281 = DIRECTION('',(0.,-1.,0.));
#3282 = DIRECTION('',(-1.,0.,7.105427357601E-15));
#3283 = ORIENTED_EDGE('',*,*,#3220,.F.);
#3284 = CYLINDRICAL_SURFACE('',#3285,1.);
#3285 = AXIS2_PLACEMENT_3D('',#3286,#3287,#3288);
#3286 = CARTESIAN_POINT('',(91.35,0.,29.45));
#3287 = DIRECTION('',(0.,-1.,0.));
#3288 = DIRECTION('',(-1.,0.,7.105427357601E-15));
#3289 = ADVANCED_FACE('',(#3290),#3308,.F.);
#3290 = FACE_BOUND('',#3291,.F.);
#3291 = EDGE_LOOP('',(#3292,#3293,#3294,#3302));
#3292 = ORIENTED_EDGE('',*,*,#1981,.F.);
#3293 = ORIENTED_EDGE('',*,*,#3254,.T.);
#3294 = ORIENTED_EDGE('',*,*,#3295,.T.);
#3295 = EDGE_CURVE('',#3246,#3296,#3298,.T.);
#3296 = VERTEX_POINT('',#3297);
#3297 = CARTESIAN_POINT('',(91.35,1.8,57.45));
#3298 = LINE('',#3299,#3300);
#3299 = CARTESIAN_POINT('',(84.675,1.8,57.45));
#3300 = VECTOR('',#3301,1.);
#3301 = DIRECTION('',(-1.,0.,0.));
#3302 = ORIENTED_EDGE('',*,*,#3303,.F.);
#3303 = EDGE_CURVE('',#1975,#3296,#3304,.T.);
#3304 = LINE('',#3305,#3306);
#3305 = CARTESIAN_POINT('',(91.35,0.,57.45));
#3306 = VECTOR('',#3307,1.);
#3307 = DIRECTION('',(0.,1.,0.));
#3308 = PLANE('',#3309);
#3309 = AXIS2_PLACEMENT_3D('',#3310,#3311,#3312);
#3310 = CARTESIAN_POINT('',(110.35,0.,57.45));
#3311 = DIRECTION('',(0.,0.,1.));
#3312 = DIRECTION('',(-1.,0.,0.));
#3313 = ADVANCED_FACE('',(#3314),#3332,.F.);
#3314 = FACE_BOUND('',#3315,.F.);
#3315 = EDGE_LOOP('',(#3316,#3317,#3325,#3331));
#3316 = ORIENTED_EDGE('',*,*,#2004,.F.);
#3317 = ORIENTED_EDGE('',*,*,#3318,.T.);
#3318 = EDGE_CURVE('',#1996,#3319,#3321,.T.);
#3319 = VERTEX_POINT('',#3320);
#3320 = CARTESIAN_POINT('',(90.35,1.8,56.45));
#3321 = LINE('',#3322,#3323);
#3322 = CARTESIAN_POINT('',(90.35,0.,56.45));
#3323 = VECTOR('',#3324,1.);
#3324 = DIRECTION('',(0.,1.,0.));
#3325 = ORIENTED_EDGE('',*,*,#3326,.T.);
#3326 = EDGE_CURVE('',#3319,#3270,#3327,.T.);
#3327 = LINE('',#3328,#3329);
#3328 = CARTESIAN_POINT('',(90.35,1.8,44.6));
#3329 = VECTOR('',#3330,1.);
#3330 = DIRECTION('',(0.,0.,-1.));
#3331 = ORIENTED_EDGE('',*,*,#3269,.F.);
#3332 = PLANE('',#3333);
#3333 = AXIS2_PLACEMENT_3D('',#3334,#3335,#3336);
#3334 = CARTESIAN_POINT('',(90.35,0.,56.45));
#3335 = DIRECTION('',(-1.,0.,0.));
#3336 = DIRECTION('',(0.,0.,-1.));
#3337 = ADVANCED_FACE('',(#3338),#3350,.F.);
#3338 = FACE_BOUND('',#3339,.F.);
#3339 = EDGE_LOOP('',(#3340,#3341,#3342,#3349));
#3340 = ORIENTED_EDGE('',*,*,#2021,.F.);
#3341 = ORIENTED_EDGE('',*,*,#3303,.T.);
#3342 = ORIENTED_EDGE('',*,*,#3343,.T.);
#3343 = EDGE_CURVE('',#3296,#3319,#3344,.T.);
#3344 = CIRCLE('',#3345,1.);
#3345 = AXIS2_PLACEMENT_3D('',#3346,#3347,#3348);
#3346 = CARTESIAN_POINT('',(91.35,1.8,56.45));
#3347 = DIRECTION('',(0.,-1.,0.));
#3348 = DIRECTION('',(1.42108547152E-14,0.,1.));
#3349 = ORIENTED_EDGE('',*,*,#3318,.F.);
#3350 = CYLINDRICAL_SURFACE('',#3351,1.);
#3351 = AXIS2_PLACEMENT_3D('',#3352,#3353,#3354);
#3352 = CARTESIAN_POINT('',(91.35,0.,56.45));
#3353 = DIRECTION('',(0.,-1.,0.));
#3354 = DIRECTION('',(1.42108547152E-14,0.,1.));
#3355 = ADVANCED_FACE('',(#3356,#3392),#3395,.T.);
#3356 = FACE_BOUND('',#3357,.T.);
#3357 = EDGE_LOOP('',(#3358,#3369,#3378,#3386));
#3358 = ORIENTED_EDGE('',*,*,#3359,.T.);
#3359 = EDGE_CURVE('',#3360,#3362,#3364,.T.);
#3360 = VERTEX_POINT('',#3361);
#3361 = CARTESIAN_POINT('',(101.,3.29,9.626908013734));
#3362 = VERTEX_POINT('',#3363);
#3363 = CARTESIAN_POINT('',(102.2,3.29,13.));
#3364 = CIRCLE('',#3365,1.9);
#3365 = AXIS2_PLACEMENT_3D('',#3366,#3367,#3368);
#3366 = CARTESIAN_POINT('',(102.2,3.29,11.1));
#3367 = DIRECTION('',(0.,1.,0.));
#3368 = DIRECTION('',(0.,0.,1.));
#3369 = ORIENTED_EDGE('',*,*,#3370,.T.);
#3370 = EDGE_CURVE('',#3362,#3371,#3373,.T.);
#3371 = VERTEX_POINT('',#3372);
#3372 = CARTESIAN_POINT('',(103.42780291578,3.29,9.65));
#3373 = CIRCLE('',#3374,1.9);
#3374 = AXIS2_PLACEMENT_3D('',#3375,#3376,#3377);
#3375 = CARTESIAN_POINT('',(102.2,3.29,11.1));
#3376 = DIRECTION('',(0.,1.,0.));
#3377 = DIRECTION('',(0.,0.,1.));
#3378 = ORIENTED_EDGE('',*,*,#3379,.F.);
#3379 = EDGE_CURVE('',#3380,#3371,#3382,.T.);
#3380 = VERTEX_POINT('',#3381);
#3381 = CARTESIAN_POINT('',(101.,3.29,9.65));
#3382 = LINE('',#3383,#3384);
#3383 = CARTESIAN_POINT('',(101.6,3.29,9.65));
#3384 = VECTOR('',#3385,1.);
#3385 = DIRECTION('',(1.,0.,0.));
#3386 = ORIENTED_EDGE('',*,*,#3387,.T.);
#3387 = EDGE_CURVE('',#3380,#3360,#3388,.T.);
#3388 = LINE('',#3389,#3390);
#3389 = CARTESIAN_POINT('',(101.,3.29,5.55));
#3390 = VECTOR('',#3391,1.);
#3391 = DIRECTION('',(0.,0.,-1.));
#3392 = FACE_BOUND('',#3393,.T.);
#3393 = EDGE_LOOP('',(#3394));
#3394 = ORIENTED_EDGE('',*,*,#2036,.F.);
#3395 = PLANE('',#3396);
#3396 = AXIS2_PLACEMENT_3D('',#3397,#3398,#3399);
#3397 = CARTESIAN_POINT('',(102.2,3.29,11.1));
#3398 = DIRECTION('',(0.,1.,0.));
#3399 = DIRECTION('',(0.,0.,1.));
#3400 = ADVANCED_FACE('',(#3401,#3426),#3436,.F.);
#3401 = FACE_BOUND('',#3402,.F.);
#3402 = EDGE_LOOP('',(#3403,#3413,#3419,#3420));
#3403 = ORIENTED_EDGE('',*,*,#3404,.F.);
#3404 = EDGE_CURVE('',#3405,#3407,#3409,.T.);
#3405 = VERTEX_POINT('',#3406);
#3406 = CARTESIAN_POINT('',(3.9,1.8,2.4));
#3407 = VERTEX_POINT('',#3408);
#3408 = CARTESIAN_POINT('',(114.1,1.8,2.4));
#3409 = LINE('',#3410,#3411);
#3410 = CARTESIAN_POINT('',(3.9,1.8,2.4));
#3411 = VECTOR('',#3412,1.);
#3412 = DIRECTION('',(1.,0.,0.));
#3413 = ORIENTED_EDGE('',*,*,#3414,.T.);
#3414 = EDGE_CURVE('',#3405,#2598,#3415,.T.);
#3415 = LINE('',#3416,#3417);
#3416 = CARTESIAN_POINT('',(3.9,1.8,2.4));
#3417 = VECTOR('',#3418,1.);
#3418 = DIRECTION('',(0.,1.,0.));
#3419 = ORIENTED_EDGE('',*,*,#2597,.F.);
#3420 = ORIENTED_EDGE('',*,*,#3421,.F.);
#3421 = EDGE_CURVE('',#3407,#2587,#3422,.T.);
#3422 = LINE('',#3423,#3424);
#3423 = CARTESIAN_POINT('',(114.1,1.8,2.4));
#3424 = VECTOR('',#3425,1.);
#3425 = DIRECTION('',(0.,1.,0.));
#3426 = FACE_BOUND('',#3427,.F.);
#3427 = EDGE_LOOP('',(#3428,#3429,#3430,#3431,#3432,#3433,#3434,#3435));
#3428 = ORIENTED_EDGE('',*,*,#2267,.F.);
#3429 = ORIENTED_EDGE('',*,*,#2095,.T.);
#3430 = ORIENTED_EDGE('',*,*,#2127,.F.);
#3431 = ORIENTED_EDGE('',*,*,#2144,.T.);
#3432 = ORIENTED_EDGE('',*,*,#2176,.F.);
#3433 = ORIENTED_EDGE('',*,*,#2193,.T.);
#3434 = ORIENTED_EDGE('',*,*,#2225,.F.);
#3435 = ORIENTED_EDGE('',*,*,#2242,.T.);
#3436 = PLANE('',#3437);
#3437 = AXIS2_PLACEMENT_3D('',#3438,#3439,#3440);
#3438 = CARTESIAN_POINT('',(3.9,1.8,2.4));
#3439 = DIRECTION('',(0.,0.,-1.));
#3440 = DIRECTION('',(1.,0.,0.));
#3441 = ADVANCED_FACE('',(#3442),#3519,.T.);
#3442 = FACE_BOUND('',#3443,.F.);
#3443 = EDGE_LOOP('',(#3444,#3445,#3446,#3454,#3463,#3472,#3517,#3518));
#3444 = ORIENTED_EDGE('',*,*,#2284,.F.);
#3445 = ORIENTED_EDGE('',*,*,#2307,.T.);
#3446 = ORIENTED_EDGE('',*,*,#3447,.T.);
#3447 = EDGE_CURVE('',#2308,#3448,#3450,.T.);
#3448 = VERTEX_POINT('',#3449);
#3449 = CARTESIAN_POINT('',(111.,15.,64.7));
#3450 = LINE('',#3451,#3452);
#3451 = CARTESIAN_POINT('',(111.,14.2,65.5));
#3452 = VECTOR('',#3453,1.);
#3453 = DIRECTION('',(-1.36666144656E-15,0.707106781187,-0.707106781187)
  );
#3454 = ORIENTED_EDGE('',*,*,#3455,.F.);
#3455 = EDGE_CURVE('',#3456,#3448,#3458,.T.);
#3456 = VERTEX_POINT('',#3457);
#3457 = CARTESIAN_POINT('',(114.04630924234,15.,63.9));
#3458 = CIRCLE('',#3459,6.2);
#3459 = AXIS2_PLACEMENT_3D('',#3460,#3461,#3462);
#3460 = CARTESIAN_POINT('',(111.,15.,58.5));
#3461 = DIRECTION('',(0.,-1.,0.));
#3462 = DIRECTION('',(1.,0.,1.015061051086E-15));
#3463 = ORIENTED_EDGE('',*,*,#3464,.T.);
#3464 = EDGE_CURVE('',#3456,#3465,#3467,.T.);
#3465 = VERTEX_POINT('',#3466);
#3466 = CARTESIAN_POINT('',(114.4,14.818777546582,63.9));
#3467 = HYPERBOLA('',#3468,5.4,5.4);
#3468 = AXIS2_PLACEMENT_3D('',#3469,#3470,#3471);
#3469 = CARTESIAN_POINT('',(111.,21.2,63.9));
#3470 = DIRECTION('',(-0.,0.,1.));
#3471 = DIRECTION('',(0.,-1.,0.));
#3472 = ORIENTED_EDGE('',*,*,#3473,.F.);
#3473 = EDGE_CURVE('',#2515,#3465,#3474,.T.);
#3474 = B_SPLINE_CURVE_WITH_KNOTS('',6,(#3475,#3476,#3477,#3478,#3479,
    #3480,#3481,#3482,#3483,#3484,#3485,#3486,#3487,#3488,#3489,#3490,
    #3491,#3492,#3493,#3494,#3495,#3496,#3497,#3498,#3499,#3500,#3501,
    #3502,#3503,#3504,#3505,#3506,#3507,#3508,#3509,#3510,#3511,#3512,
    #3513,#3514,#3515,#3516),.UNSPECIFIED.,.F.,.F.,(7,5,5,5,5,5,5,5,7),(
    0.,0.253205569599,0.343767649004,0.39525947172,0.500442695421,
    0.605649508432,0.657167999751,0.749790318178,1.),.UNSPECIFIED.);
#3475 = CARTESIAN_POINT('',(116.4,14.818777546583,61.9));
#3476 = CARTESIAN_POINT('',(116.4,14.760338458187,62.009680242067));
#3477 = CARTESIAN_POINT('',(116.39278227842,14.70431550407,
    62.123248958047));
#3478 = CARTESIAN_POINT('',(116.37738636289,14.651113461871,
    62.240719454944));
#3479 = CARTESIAN_POINT('',(116.35259760892,14.601457038492,
    62.361718564308));
#3480 = CARTESIAN_POINT('',(116.31707691653,14.556330841185,
    62.485391644198));
#3481 = CARTESIAN_POINT('',(116.25262135737,14.50281623067,
    62.655036244096));
#3482 = CARTESIAN_POINT('',(116.23411775409,14.489453604579,
    62.699875741491));
#3483 = CARTESIAN_POINT('',(116.21404129845,14.476882663646,
    62.744788415554));
#3484 = CARTESIAN_POINT('',(116.19234967379,14.465164392183,
    62.789682202492));
#3485 = CARTESIAN_POINT('',(116.16901429332,14.454361038294,
    62.834448707841));
#3486 = CARTESIAN_POINT('',(116.12981961799,14.438944698008,
    62.904274142219));
#3487 = CARTESIAN_POINT('',(116.11507839011,14.433671765925,
    62.929503204247));
#3488 = CARTESIAN_POINT('',(116.09980167399,14.428725300984,
    62.954627760473));
#3489 = CARTESIAN_POINT('',(116.08399048716,14.424115978941,
    62.979623347845));
#3490 = CARTESIAN_POINT('',(116.06764844531,14.419853880606,
    63.004464223552));
#3491 = CARTESIAN_POINT('',(116.01632790132,14.407970887647,
    63.079495013509));
#3492 = CARTESIAN_POINT('',(115.9796805739,14.401480460684,
    63.12911524741));
#3493 = CARTESIAN_POINT('',(115.94090270854,14.396558910305,
    63.177742255552));
#3494 = CARTESIAN_POINT('',(115.90009957942,14.393267349542,
    63.225136761117));
#3495 = CARTESIAN_POINT('',(115.85742655051,14.391639406868,
    63.271069620795));
#3496 = CARTESIAN_POINT('',(115.76875714705,14.391709256897,
    63.359599153153));
#3497 = CARTESIAN_POINT('',(115.72275043764,14.393407803629,
    63.402204650399));
#3498 = CARTESIAN_POINT('',(115.67528910823,14.396769878068,
    63.442933558117));
#3499 = CARTESIAN_POINT('',(115.6266029249,14.401761031445,
    63.481631688428));
#3500 = CARTESIAN_POINT('',(115.57693134962,14.408319454703,
    63.518195110833));
#3501 = CARTESIAN_POINT('',(115.5018280504,14.420301791428,
    63.569391403278));
#3502 = CARTESIAN_POINT('',(115.47696018343,14.424597027671,
    63.585694932168));
#3503 = CARTESIAN_POINT('',(115.45193930018,14.429239136357,
    63.60146676067));
#3504 = CARTESIAN_POINT('',(115.42679111934,14.434217984016,
    63.616703413506));
#3505 = CARTESIAN_POINT('',(115.40154006394,14.439522852953,
    63.631404006054));
#3506 = CARTESIAN_POINT('',(115.330668377,14.4552455961,63.671038960528)
  );
#3507 = CARTESIAN_POINT('',(115.28486990012,14.466366154491,
    63.694779984742));
#3508 = CARTESIAN_POINT('',(115.23894607845,14.478439610922,
    63.716802883413));
#3509 = CARTESIAN_POINT('',(115.1930118931,14.491399365366,
    63.737139243282));
#3510 = CARTESIAN_POINT('',(115.14716448968,14.50518033935,
    63.755835335539));
#3511 = CARTESIAN_POINT('',(114.97807770068,14.559006994344,
    63.819164187102));
#3512 = CARTESIAN_POINT('',(114.85599609844,14.603809985596,
    63.853762038315));
#3513 = CARTESIAN_POINT('',(114.73655438594,14.653001736087,
    63.87792909198));
#3514 = CARTESIAN_POINT('',(114.62056182327,14.705641290565,
    63.892952670368));
#3515 = CARTESIAN_POINT('',(114.508377743,14.761032446971,63.9));
#3516 = CARTESIAN_POINT('',(114.4,14.818777546583,63.9));
#3517 = ORIENTED_EDGE('',*,*,#2514,.T.);
#3518 = ORIENTED_EDGE('',*,*,#2540,.F.);
#3519 = CONICAL_SURFACE('',#3520,7.,0.785398163397);
#3520 = AXIS2_PLACEMENT_3D('',#3521,#3522,#3523);
#3521 = CARTESIAN_POINT('',(111.,14.2,58.5));
#3522 = DIRECTION('',(0.,-1.,0.));
#3523 = DIRECTION('',(1.,0.,1.015061051086E-15));
#3524 = ADVANCED_FACE('',(#3525),#3551,.F.);
#3525 = FACE_BOUND('',#3526,.F.);
#3526 = EDGE_LOOP('',(#3527,#3535,#3543,#3549,#3550));
#3527 = ORIENTED_EDGE('',*,*,#3528,.F.);
#3528 = EDGE_CURVE('',#3529,#2431,#3531,.T.);
#3529 = VERTEX_POINT('',#3530);
#3530 = CARTESIAN_POINT('',(112.55,2.8,63.1));
#3531 = LINE('',#3532,#3533);
#3532 = CARTESIAN_POINT('',(112.55,2.8,62.6));
#3533 = VECTOR('',#3534,1.);
#3534 = DIRECTION('',(0.,0.,1.));
#3535 = ORIENTED_EDGE('',*,*,#3536,.T.);
#3536 = EDGE_CURVE('',#3529,#3537,#3539,.T.);
#3537 = VERTEX_POINT('',#3538);
#3538 = CARTESIAN_POINT('',(89.15,2.8,63.1));
#3539 = LINE('',#3540,#3541);
#3540 = CARTESIAN_POINT('',(101.625,2.8,63.1));
#3541 = VECTOR('',#3542,1.);
#3542 = DIRECTION('',(-1.,0.,0.));
#3543 = ORIENTED_EDGE('',*,*,#3544,.T.);
#3544 = EDGE_CURVE('',#3537,#2673,#3545,.T.);
#3545 = LINE('',#3546,#3547);
#3546 = CARTESIAN_POINT('',(89.15,2.8,62.6));
#3547 = VECTOR('',#3548,1.);
#3548 = DIRECTION('',(0.,0.,1.));
#3549 = ORIENTED_EDGE('',*,*,#2680,.F.);
#3550 = ORIENTED_EDGE('',*,*,#2430,.F.);
#3551 = PLANE('',#3552);
#3552 = AXIS2_PLACEMENT_3D('',#3553,#3554,#3555);
#3553 = CARTESIAN_POINT('',(89.15,2.8,62.6));
#3554 = DIRECTION('',(0.,1.,0.));
#3555 = DIRECTION('',(0.,0.,1.));
#3556 = ADVANCED_FACE('',(#3557),#3584,.F.);
#3557 = FACE_BOUND('',#3558,.T.);
#3558 = EDGE_LOOP('',(#3559,#3570,#3576,#3577,#3578));
#3559 = ORIENTED_EDGE('',*,*,#3560,.T.);
#3560 = EDGE_CURVE('',#3561,#3563,#3565,.T.);
#3561 = VERTEX_POINT('',#3562);
#3562 = CARTESIAN_POINT('',(111.64,5.,63.1));
#3563 = VERTEX_POINT('',#3564);
#3564 = CARTESIAN_POINT('',(110.85,5.79,63.1));
#3565 = CIRCLE('',#3566,0.79);
#3566 = AXIS2_PLACEMENT_3D('',#3567,#3568,#3569);
#3567 = CARTESIAN_POINT('',(111.64,5.79,63.1));
#3568 = DIRECTION('',(0.,1.110223024625E-16,-1.));
#3569 = DIRECTION('',(-1.,-1.855056193045E-14,-2.059526097492E-30));
#3570 = ORIENTED_EDGE('',*,*,#3571,.T.);
#3571 = EDGE_CURVE('',#3563,#2688,#3572,.T.);
#3572 = LINE('',#3573,#3574);
#3573 = CARTESIAN_POINT('',(110.85,5.79,62.1));
#3574 = VECTOR('',#3575,1.);
#3575 = DIRECTION('',(0.,0.,1.));
#3576 = ORIENTED_EDGE('',*,*,#2687,.F.);
#3577 = ORIENTED_EDGE('',*,*,#2405,.T.);
#3578 = ORIENTED_EDGE('',*,*,#3579,.F.);
#3579 = EDGE_CURVE('',#3561,#2397,#3580,.T.);
#3580 = LINE('',#3581,#3582);
#3581 = CARTESIAN_POINT('',(111.64,5.,62.1));
#3582 = VECTOR('',#3583,1.);
#3583 = DIRECTION('',(0.,0.,1.));
#3584 = CYLINDRICAL_SURFACE('',#3585,0.79);
#3585 = AXIS2_PLACEMENT_3D('',#3586,#3587,#3588);
#3586 = CARTESIAN_POINT('',(111.64,5.79,62.1));
#3587 = DIRECTION('',(0.,1.110223024625E-16,-1.));
#3588 = DIRECTION('',(-1.,-1.855056193045E-14,-2.059526097492E-30));
#3589 = ADVANCED_FACE('',(#3590),#3608,.T.);
#3590 = FACE_BOUND('',#3591,.T.);
#3591 = EDGE_LOOP('',(#3592,#3600,#3601,#3602));
#3592 = ORIENTED_EDGE('',*,*,#3593,.T.);
#3593 = EDGE_CURVE('',#3594,#3561,#3596,.T.);
#3594 = VERTEX_POINT('',#3595);
#3595 = CARTESIAN_POINT('',(111.66,5.,63.1));
#3596 = LINE('',#3597,#3598);
#3597 = CARTESIAN_POINT('',(112.87,5.,63.1));
#3598 = VECTOR('',#3599,1.);
#3599 = DIRECTION('',(-1.,0.,0.));
#3600 = ORIENTED_EDGE('',*,*,#3579,.T.);
#3601 = ORIENTED_EDGE('',*,*,#2396,.F.);
#3602 = ORIENTED_EDGE('',*,*,#3603,.F.);
#3603 = EDGE_CURVE('',#3594,#2378,#3604,.T.);
#3604 = LINE('',#3605,#3606);
#3605 = CARTESIAN_POINT('',(111.66,5.,62.1));
#3606 = VECTOR('',#3607,1.);
#3607 = DIRECTION('',(0.,0.,1.));
#3608 = PLANE('',#3609);
#3609 = AXIS2_PLACEMENT_3D('',#3610,#3611,#3612);
#3610 = CARTESIAN_POINT('',(111.64,5.,62.1));
#3611 = DIRECTION('',(0.,1.,0.));
#3612 = DIRECTION('',(1.,0.,0.));
#3613 = ADVANCED_FACE('',(#3614),#3633,.F.);
#3614 = FACE_BOUND('',#3615,.T.);
#3615 = EDGE_LOOP('',(#3616,#3625,#3626,#3627));
#3616 = ORIENTED_EDGE('',*,*,#3617,.T.);
#3617 = EDGE_CURVE('',#3618,#3594,#3620,.T.);
#3618 = VERTEX_POINT('',#3619);
#3619 = CARTESIAN_POINT('',(112.45,5.79,63.1));
#3620 = CIRCLE('',#3621,0.79);
#3621 = AXIS2_PLACEMENT_3D('',#3622,#3623,#3624);
#3622 = CARTESIAN_POINT('',(111.66,5.79,63.1));
#3623 = DIRECTION('',(0.,1.110223024625E-16,-1.));
#3624 = DIRECTION('',(0.,-1.,-1.110223024625E-16));
#3625 = ORIENTED_EDGE('',*,*,#3603,.T.);
#3626 = ORIENTED_EDGE('',*,*,#2377,.T.);
#3627 = ORIENTED_EDGE('',*,*,#3628,.F.);
#3628 = EDGE_CURVE('',#3618,#2370,#3629,.T.);
#3629 = LINE('',#3630,#3631);
#3630 = CARTESIAN_POINT('',(112.45,5.79,62.1));
#3631 = VECTOR('',#3632,1.);
#3632 = DIRECTION('',(0.,0.,1.));
#3633 = CYLINDRICAL_SURFACE('',#3634,0.79);
#3634 = AXIS2_PLACEMENT_3D('',#3635,#3636,#3637);
#3635 = CARTESIAN_POINT('',(111.66,5.79,62.1));
#3636 = DIRECTION('',(0.,1.110223024625E-16,-1.));
#3637 = DIRECTION('',(0.,-1.,-1.110223024625E-16));
#3638 = ADVANCED_FACE('',(#3639),#3657,.T.);
#3639 = FACE_BOUND('',#3640,.T.);
#3640 = EDGE_LOOP('',(#3641,#3649,#3650,#3651));
#3641 = ORIENTED_EDGE('',*,*,#3642,.T.);
#3642 = EDGE_CURVE('',#3643,#3618,#3645,.T.);
#3643 = VERTEX_POINT('',#3644);
#3644 = CARTESIAN_POINT('',(112.45,11.21,63.1));
#3645 = LINE('',#3646,#3647);
#3646 = CARTESIAN_POINT('',(112.45,3.795,63.1));
#3647 = VECTOR('',#3648,1.);
#3648 = DIRECTION('',(0.,-1.,0.));
#3649 = ORIENTED_EDGE('',*,*,#3628,.T.);
#3650 = ORIENTED_EDGE('',*,*,#2369,.F.);
#3651 = ORIENTED_EDGE('',*,*,#3652,.F.);
#3652 = EDGE_CURVE('',#3643,#2351,#3653,.T.);
#3653 = LINE('',#3654,#3655);
#3654 = CARTESIAN_POINT('',(112.45,11.21,62.1));
#3655 = VECTOR('',#3656,1.);
#3656 = DIRECTION('',(0.,0.,1.));
#3657 = PLANE('',#3658);
#3658 = AXIS2_PLACEMENT_3D('',#3659,#3660,#3661);
#3659 = CARTESIAN_POINT('',(112.45,5.79,62.1));
#3660 = DIRECTION('',(-1.,0.,0.));
#3661 = DIRECTION('',(0.,1.,1.110223024625E-16));
#3662 = ADVANCED_FACE('',(#3663),#3682,.F.);
#3663 = FACE_BOUND('',#3664,.T.);
#3664 = EDGE_LOOP('',(#3665,#3674,#3675,#3676));
#3665 = ORIENTED_EDGE('',*,*,#3666,.T.);
#3666 = EDGE_CURVE('',#3667,#3643,#3669,.T.);
#3667 = VERTEX_POINT('',#3668);
#3668 = CARTESIAN_POINT('',(111.66,12.,63.1));
#3669 = CIRCLE('',#3670,0.79);
#3670 = AXIS2_PLACEMENT_3D('',#3671,#3672,#3673);
#3671 = CARTESIAN_POINT('',(111.66,11.21,63.1));
#3672 = DIRECTION('',(0.,1.110223024625E-16,-1.));
#3673 = DIRECTION('',(1.,1.855056193045E-14,2.059526097492E-30));
#3674 = ORIENTED_EDGE('',*,*,#3652,.T.);
#3675 = ORIENTED_EDGE('',*,*,#2350,.T.);
#3676 = ORIENTED_EDGE('',*,*,#3677,.F.);
#3677 = EDGE_CURVE('',#3667,#2342,#3678,.T.);
#3678 = LINE('',#3679,#3680);
#3679 = CARTESIAN_POINT('',(111.66,12.,62.1));
#3680 = VECTOR('',#3681,1.);
#3681 = DIRECTION('',(0.,0.,1.));
#3682 = CYLINDRICAL_SURFACE('',#3683,0.79);
#3683 = AXIS2_PLACEMENT_3D('',#3684,#3685,#3686);
#3684 = CARTESIAN_POINT('',(111.66,11.21,62.1));
#3685 = DIRECTION('',(0.,1.110223024625E-16,-1.));
#3686 = DIRECTION('',(1.,1.855056193045E-14,2.059526097492E-30));
#3687 = ADVANCED_FACE('',(#3688),#3706,.T.);
#3688 = FACE_BOUND('',#3689,.T.);
#3689 = EDGE_LOOP('',(#3690,#3698,#3699,#3700));
#3690 = ORIENTED_EDGE('',*,*,#3691,.T.);
#3691 = EDGE_CURVE('',#3692,#3667,#3694,.T.);
#3692 = VERTEX_POINT('',#3693);
#3693 = CARTESIAN_POINT('',(111.64,12.,63.1));
#3694 = LINE('',#3695,#3696);
#3695 = CARTESIAN_POINT('',(112.88,12.,63.1));
#3696 = VECTOR('',#3697,1.);
#3697 = DIRECTION('',(1.,0.,0.));
#3698 = ORIENTED_EDGE('',*,*,#3677,.T.);
#3699 = ORIENTED_EDGE('',*,*,#2341,.T.);
#3700 = ORIENTED_EDGE('',*,*,#3701,.F.);
#3701 = EDGE_CURVE('',#3692,#2325,#3702,.T.);
#3702 = LINE('',#3703,#3704);
#3703 = CARTESIAN_POINT('',(111.64,12.,62.1));
#3704 = VECTOR('',#3705,1.);
#3705 = DIRECTION('',(0.,0.,1.));
#3706 = PLANE('',#3707);
#3707 = AXIS2_PLACEMENT_3D('',#3708,#3709,#3710);
#3708 = CARTESIAN_POINT('',(111.66,12.,62.1));
#3709 = DIRECTION('',(0.,-1.,0.));
#3710 = DIRECTION('',(-1.,0.,0.));
#3711 = ADVANCED_FACE('',(#3712),#3732,.F.);
#3712 = FACE_BOUND('',#3713,.T.);
#3713 = EDGE_LOOP('',(#3714,#3723,#3724,#3725,#3726));
#3714 = ORIENTED_EDGE('',*,*,#3715,.T.);
#3715 = EDGE_CURVE('',#3716,#3692,#3718,.T.);
#3716 = VERTEX_POINT('',#3717);
#3717 = CARTESIAN_POINT('',(110.85,11.21,63.1));
#3718 = CIRCLE('',#3719,0.79);
#3719 = AXIS2_PLACEMENT_3D('',#3720,#3721,#3722);
#3720 = CARTESIAN_POINT('',(111.64,11.21,63.1));
#3721 = DIRECTION('',(0.,1.110223024625E-16,-1.));
#3722 = DIRECTION('',(0.,1.,1.110223024625E-16));
#3723 = ORIENTED_EDGE('',*,*,#3701,.T.);
#3724 = ORIENTED_EDGE('',*,*,#2324,.T.);
#3725 = ORIENTED_EDGE('',*,*,#2704,.F.);
#3726 = ORIENTED_EDGE('',*,*,#3727,.F.);
#3727 = EDGE_CURVE('',#3716,#2697,#3728,.T.);
#3728 = LINE('',#3729,#3730);
#3729 = CARTESIAN_POINT('',(110.85,11.21,62.1));
#3730 = VECTOR('',#3731,1.);
#3731 = DIRECTION('',(0.,0.,1.));
#3732 = CYLINDRICAL_SURFACE('',#3733,0.79);
#3733 = AXIS2_PLACEMENT_3D('',#3734,#3735,#3736);
#3734 = CARTESIAN_POINT('',(111.64,11.21,62.1));
#3735 = DIRECTION('',(0.,1.110223024625E-16,-1.));
#3736 = DIRECTION('',(0.,1.,1.110223024625E-16));
#3737 = ADVANCED_FACE('',(#3738),#3749,.F.);
#3738 = FACE_BOUND('',#3739,.F.);
#3739 = EDGE_LOOP('',(#3740,#3741,#3742,#3743));
#3740 = ORIENTED_EDGE('',*,*,#2558,.F.);
#3741 = ORIENTED_EDGE('',*,*,#2523,.T.);
#3742 = ORIENTED_EDGE('',*,*,#3473,.T.);
#3743 = ORIENTED_EDGE('',*,*,#3744,.F.);
#3744 = EDGE_CURVE('',#2559,#3465,#3745,.T.);
#3745 = LINE('',#3746,#3747);
#3746 = CARTESIAN_POINT('',(114.4,12.6,63.9));
#3747 = VECTOR('',#3748,1.);
#3748 = DIRECTION('',(0.,1.,0.));
#3749 = CYLINDRICAL_SURFACE('',#3750,2.);
#3750 = AXIS2_PLACEMENT_3D('',#3751,#3752,#3753);
#3751 = CARTESIAN_POINT('',(114.4,12.6,61.9));
#3752 = DIRECTION('',(0.,-1.,0.));
#3753 = DIRECTION('',(1.,0.,3.552713678801E-15));
#3754 = ADVANCED_FACE('',(#3755),#3768,.F.);
#3755 = FACE_BOUND('',#3756,.F.);
#3756 = EDGE_LOOP('',(#3757,#3758,#3759,#3760,#3766,#3767));
#3757 = ORIENTED_EDGE('',*,*,#2567,.F.);
#3758 = ORIENTED_EDGE('',*,*,#3744,.T.);
#3759 = ORIENTED_EDGE('',*,*,#3464,.F.);
#3760 = ORIENTED_EDGE('',*,*,#3761,.T.);
#3761 = EDGE_CURVE('',#3456,#2927,#3762,.T.);
#3762 = LINE('',#3763,#3764);
#3763 = CARTESIAN_POINT('',(86.7,15.,63.9));
#3764 = VECTOR('',#3765,1.);
#3765 = DIRECTION('',(-1.,0.,0.));
#3766 = ORIENTED_EDGE('',*,*,#2926,.F.);
#3767 = ORIENTED_EDGE('',*,*,#2951,.F.);
#3768 = PLANE('',#3769);
#3769 = AXIS2_PLACEMENT_3D('',#3770,#3771,#3772);
#3770 = CARTESIAN_POINT('',(114.4,12.6,63.9));
#3771 = DIRECTION('',(0.,0.,1.));
#3772 = DIRECTION('',(-1.,0.,0.));
#3773 = ADVANCED_FACE('',(#3774),#3793,.F.);
#3774 = FACE_BOUND('',#3775,.F.);
#3775 = EDGE_LOOP('',(#3776,#3785,#3786,#3787));
#3776 = ORIENTED_EDGE('',*,*,#3777,.F.);
#3777 = EDGE_CURVE('',#3407,#3778,#3780,.T.);
#3778 = VERTEX_POINT('',#3779);
#3779 = CARTESIAN_POINT('',(115.6,1.8,3.9));
#3780 = CIRCLE('',#3781,1.5);
#3781 = AXIS2_PLACEMENT_3D('',#3782,#3783,#3784);
#3782 = CARTESIAN_POINT('',(114.1,1.8,3.9));
#3783 = DIRECTION('',(0.,-1.,0.));
#3784 = DIRECTION('',(0.,0.,-1.));
#3785 = ORIENTED_EDGE('',*,*,#3421,.T.);
#3786 = ORIENTED_EDGE('',*,*,#2586,.T.);
#3787 = ORIENTED_EDGE('',*,*,#3788,.F.);
#3788 = EDGE_CURVE('',#3778,#2589,#3789,.T.);
#3789 = LINE('',#3790,#3791);
#3790 = CARTESIAN_POINT('',(115.6,1.8,3.9));
#3791 = VECTOR('',#3792,1.);
#3792 = DIRECTION('',(0.,1.,0.));
#3793 = CYLINDRICAL_SURFACE('',#3794,1.5);
#3794 = AXIS2_PLACEMENT_3D('',#3795,#3796,#3797);
#3795 = CARTESIAN_POINT('',(114.1,1.8,3.9));
#3796 = DIRECTION('',(0.,-1.,0.));
#3797 = DIRECTION('',(0.,0.,-1.));
#3798 = ADVANCED_FACE('',(#3799),#3840,.F.);
#3799 = FACE_BOUND('',#3800,.F.);
#3800 = EDGE_LOOP('',(#3801,#3807,#3808,#3809,#3817,#3825,#3833,#3839));
#3801 = ORIENTED_EDGE('',*,*,#3802,.F.);
#3802 = EDGE_CURVE('',#3778,#63,#3803,.T.);
#3803 = LINE('',#3804,#3805);
#3804 = CARTESIAN_POINT('',(115.6,1.8,3.9));
#3805 = VECTOR('',#3806,1.);
#3806 = DIRECTION('',(0.,0.,1.));
#3807 = ORIENTED_EDGE('',*,*,#3788,.T.);
#3808 = ORIENTED_EDGE('',*,*,#2648,.F.);
#3809 = ORIENTED_EDGE('',*,*,#3810,.F.);
#3810 = EDGE_CURVE('',#3811,#2640,#3813,.T.);
#3811 = VERTEX_POINT('',#3812);
#3812 = CARTESIAN_POINT('',(115.6,1.8,61.6));
#3813 = LINE('',#3814,#3815);
#3814 = CARTESIAN_POINT('',(115.6,1.8,61.6));
#3815 = VECTOR('',#3816,1.);
#3816 = DIRECTION('',(0.,1.,0.));
#3817 = ORIENTED_EDGE('',*,*,#3818,.F.);
#3818 = EDGE_CURVE('',#3819,#3811,#3821,.T.);
#3819 = VERTEX_POINT('',#3820);
#3820 = CARTESIAN_POINT('',(115.6,1.8,27.45));
#3821 = LINE('',#3822,#3823);
#3822 = CARTESIAN_POINT('',(115.6,1.8,3.9));
#3823 = VECTOR('',#3824,1.);
#3824 = DIRECTION('',(0.,0.,1.));
#3825 = ORIENTED_EDGE('',*,*,#3826,.F.);
#3826 = EDGE_CURVE('',#3827,#3819,#3829,.T.);
#3827 = VERTEX_POINT('',#3828);
#3828 = CARTESIAN_POINT('',(115.6,7.3,27.45));
#3829 = LINE('',#3830,#3831);
#3830 = CARTESIAN_POINT('',(115.6,1.8,27.45));
#3831 = VECTOR('',#3832,1.);
#3832 = DIRECTION('',(0.,-1.,0.));
#3833 = ORIENTED_EDGE('',*,*,#3834,.F.);
#3834 = EDGE_CURVE('',#71,#3827,#3835,.T.);
#3835 = LINE('',#3836,#3837);
#3836 = CARTESIAN_POINT('',(115.6,7.3,12.45));
#3837 = VECTOR('',#3838,1.);
#3838 = DIRECTION('',(0.,0.,1.));
#3839 = ORIENTED_EDGE('',*,*,#70,.T.);
#3840 = PLANE('',#3841);
#3841 = AXIS2_PLACEMENT_3D('',#3842,#3843,#3844);
#3842 = CARTESIAN_POINT('',(115.6,1.8,3.9));
#3843 = DIRECTION('',(1.,0.,0.));
#3844 = DIRECTION('',(0.,0.,1.));
#3845 = ADVANCED_FACE('',(#3846),#3865,.F.);
#3846 = FACE_BOUND('',#3847,.F.);
#3847 = EDGE_LOOP('',(#3848,#3857,#3858,#3859));
#3848 = ORIENTED_EDGE('',*,*,#3849,.F.);
#3849 = EDGE_CURVE('',#3811,#3850,#3852,.T.);
#3850 = VERTEX_POINT('',#3851);
#3851 = CARTESIAN_POINT('',(114.1,1.8,63.1));
#3852 = CIRCLE('',#3853,1.5);
#3853 = AXIS2_PLACEMENT_3D('',#3854,#3855,#3856);
#3854 = CARTESIAN_POINT('',(114.1,1.8,61.6));
#3855 = DIRECTION('',(0.,-1.,0.));
#3856 = DIRECTION('',(1.,0.,9.473903143468E-15));
#3857 = ORIENTED_EDGE('',*,*,#3810,.T.);
#3858 = ORIENTED_EDGE('',*,*,#2639,.T.);
#3859 = ORIENTED_EDGE('',*,*,#3860,.F.);
#3860 = EDGE_CURVE('',#3850,#2632,#3861,.T.);
#3861 = LINE('',#3862,#3863);
#3862 = CARTESIAN_POINT('',(114.1,1.8,63.1));
#3863 = VECTOR('',#3864,1.);
#3864 = DIRECTION('',(0.,1.,0.));
#3865 = CYLINDRICAL_SURFACE('',#3866,1.5);
#3866 = AXIS2_PLACEMENT_3D('',#3867,#3868,#3869);
#3867 = CARTESIAN_POINT('',(114.1,1.8,61.6));
#3868 = DIRECTION('',(0.,-1.,0.));
#3869 = DIRECTION('',(1.,0.,9.473903143468E-15));
#3870 = ADVANCED_FACE('',(#3871,#3944,#3959,#4029),#4099,.F.);
#3871 = FACE_BOUND('',#3872,.F.);
#3872 = EDGE_LOOP('',(#3873,#3881,#3882,#3883,#3891,#3899,#3905,#3906,
    #3914,#3922,#3930,#3938));
#3873 = ORIENTED_EDGE('',*,*,#3874,.F.);
#3874 = EDGE_CURVE('',#3850,#3875,#3877,.T.);
#3875 = VERTEX_POINT('',#3876);
#3876 = CARTESIAN_POINT('',(113.2,1.8,63.1));
#3877 = LINE('',#3878,#3879);
#3878 = CARTESIAN_POINT('',(114.1,1.8,63.1));
#3879 = VECTOR('',#3880,1.);
#3880 = DIRECTION('',(-1.,0.,0.));
#3881 = ORIENTED_EDGE('',*,*,#3860,.T.);
#3882 = ORIENTED_EDGE('',*,*,#2631,.F.);
#3883 = ORIENTED_EDGE('',*,*,#3884,.F.);
#3884 = EDGE_CURVE('',#3885,#2623,#3887,.T.);
#3885 = VERTEX_POINT('',#3886);
#3886 = CARTESIAN_POINT('',(3.9,1.8,63.1));
#3887 = LINE('',#3888,#3889);
#3888 = CARTESIAN_POINT('',(3.9,1.8,63.1));
#3889 = VECTOR('',#3890,1.);
#3890 = DIRECTION('',(0.,1.,0.));
#3891 = ORIENTED_EDGE('',*,*,#3892,.F.);
#3892 = EDGE_CURVE('',#3893,#3885,#3895,.T.);
#3893 = VERTEX_POINT('',#3894);
#3894 = CARTESIAN_POINT('',(89.15,1.8,63.1));
#3895 = LINE('',#3896,#3897);
#3896 = CARTESIAN_POINT('',(114.1,1.8,63.1));
#3897 = VECTOR('',#3898,1.);
#3898 = DIRECTION('',(-1.,0.,0.));
#3899 = ORIENTED_EDGE('',*,*,#3900,.T.);
#3900 = EDGE_CURVE('',#3893,#3537,#3901,.T.);
#3901 = LINE('',#3902,#3903);
#3902 = CARTESIAN_POINT('',(89.15,1.8,63.1));
#3903 = VECTOR('',#3904,1.);
#3904 = DIRECTION('',(0.,1.,0.));
#3905 = ORIENTED_EDGE('',*,*,#3536,.F.);
#3906 = ORIENTED_EDGE('',*,*,#3907,.F.);
#3907 = EDGE_CURVE('',#3908,#3529,#3910,.T.);
#3908 = VERTEX_POINT('',#3909);
#3909 = CARTESIAN_POINT('',(112.55,1.8,63.1));
#3910 = LINE('',#3911,#3912);
#3911 = CARTESIAN_POINT('',(112.55,1.8,63.1));
#3912 = VECTOR('',#3913,1.);
#3913 = DIRECTION('',(0.,1.,0.));
#3914 = ORIENTED_EDGE('',*,*,#3915,.F.);
#3915 = EDGE_CURVE('',#3916,#3908,#3918,.T.);
#3916 = VERTEX_POINT('',#3917);
#3917 = CARTESIAN_POINT('',(112.6,1.8,63.1));
#3918 = LINE('',#3919,#3920);
#3919 = CARTESIAN_POINT('',(114.1,1.8,63.1));
#3920 = VECTOR('',#3921,1.);
#3921 = DIRECTION('',(-1.,0.,0.));
#3922 = ORIENTED_EDGE('',*,*,#3923,.T.);
#3923 = EDGE_CURVE('',#3916,#3924,#3926,.T.);
#3924 = VERTEX_POINT('',#3925);
#3925 = CARTESIAN_POINT('',(112.6,2.4,63.1));
#3926 = LINE('',#3927,#3928);
#3927 = CARTESIAN_POINT('',(112.6,1.795,63.1));
#3928 = VECTOR('',#3929,1.);
#3929 = DIRECTION('',(0.,1.,0.));
#3930 = ORIENTED_EDGE('',*,*,#3931,.F.);
#3931 = EDGE_CURVE('',#3932,#3924,#3934,.T.);
#3932 = VERTEX_POINT('',#3933);
#3933 = CARTESIAN_POINT('',(113.2,2.4,63.1));
#3934 = LINE('',#3935,#3936);
#3935 = CARTESIAN_POINT('',(113.35,2.4,63.1));
#3936 = VECTOR('',#3937,1.);
#3937 = DIRECTION('',(-1.,0.,0.));
#3938 = ORIENTED_EDGE('',*,*,#3939,.F.);
#3939 = EDGE_CURVE('',#3875,#3932,#3940,.T.);
#3940 = LINE('',#3941,#3942);
#3941 = CARTESIAN_POINT('',(113.2,1.795,63.1));
#3942 = VECTOR('',#3943,1.);
#3943 = DIRECTION('',(0.,1.,0.));
#3944 = FACE_BOUND('',#3945,.F.);
#3945 = EDGE_LOOP('',(#3946,#3947,#3948,#3949,#3955,#3956,#3957,#3958));
#3946 = ORIENTED_EDGE('',*,*,#3617,.T.);
#3947 = ORIENTED_EDGE('',*,*,#3593,.T.);
#3948 = ORIENTED_EDGE('',*,*,#3560,.T.);
#3949 = ORIENTED_EDGE('',*,*,#3950,.T.);
#3950 = EDGE_CURVE('',#3563,#3716,#3951,.T.);
#3951 = LINE('',#3952,#3953);
#3952 = CARTESIAN_POINT('',(110.85,6.505,63.1));
#3953 = VECTOR('',#3954,1.);
#3954 = DIRECTION('',(0.,1.,0.));
#3955 = ORIENTED_EDGE('',*,*,#3715,.T.);
#3956 = ORIENTED_EDGE('',*,*,#3691,.T.);
#3957 = ORIENTED_EDGE('',*,*,#3666,.T.);
#3958 = ORIENTED_EDGE('',*,*,#3642,.T.);
#3959 = FACE_BOUND('',#3960,.F.);
#3960 = EDGE_LOOP('',(#3961,#3972,#3980,#3989,#3997,#4006,#4014,#4023));
#3961 = ORIENTED_EDGE('',*,*,#3962,.T.);
#3962 = EDGE_CURVE('',#3963,#3965,#3967,.T.);
#3963 = VERTEX_POINT('',#3964);
#3964 = CARTESIAN_POINT('',(106.45,5.79,63.1));
#3965 = VERTEX_POINT('',#3966);
#3966 = CARTESIAN_POINT('',(105.66,5.,63.1));
#3967 = CIRCLE('',#3968,0.79);
#3968 = AXIS2_PLACEMENT_3D('',#3969,#3970,#3971);
#3969 = CARTESIAN_POINT('',(105.66,5.79,63.1));
#3970 = DIRECTION('',(0.,1.110223024625E-16,-1.));
#3971 = DIRECTION('',(0.,-1.,-1.110223024625E-16));
#3972 = ORIENTED_EDGE('',*,*,#3973,.T.);
#3973 = EDGE_CURVE('',#3965,#3974,#3976,.T.);
#3974 = VERTEX_POINT('',#3975);
#3975 = CARTESIAN_POINT('',(105.64,5.,63.1));
#3976 = LINE('',#3977,#3978);
#3977 = CARTESIAN_POINT('',(109.87,5.,63.1));
#3978 = VECTOR('',#3979,1.);
#3979 = DIRECTION('',(-1.,0.,0.));
#3980 = ORIENTED_EDGE('',*,*,#3981,.T.);
#3981 = EDGE_CURVE('',#3974,#3982,#3984,.T.);
#3982 = VERTEX_POINT('',#3983);
#3983 = CARTESIAN_POINT('',(104.85,5.79,63.1));
#3984 = CIRCLE('',#3985,0.79);
#3985 = AXIS2_PLACEMENT_3D('',#3986,#3987,#3988);
#3986 = CARTESIAN_POINT('',(105.64,5.79,63.1));
#3987 = DIRECTION('',(0.,1.110223024625E-16,-1.));
#3988 = DIRECTION('',(-1.,-1.855056193045E-14,-2.059526097492E-30));
#3989 = ORIENTED_EDGE('',*,*,#3990,.T.);
#3990 = EDGE_CURVE('',#3982,#3991,#3993,.T.);
#3991 = VERTEX_POINT('',#3992);
#3992 = CARTESIAN_POINT('',(104.85,11.21,63.1));
#3993 = LINE('',#3994,#3995);
#3994 = CARTESIAN_POINT('',(104.85,6.505,63.1));
#3995 = VECTOR('',#3996,1.);
#3996 = DIRECTION('',(0.,1.,0.));
#3997 = ORIENTED_EDGE('',*,*,#3998,.T.);
#3998 = EDGE_CURVE('',#3991,#3999,#4001,.T.);
#3999 = VERTEX_POINT('',#4000);
#4000 = CARTESIAN_POINT('',(105.64,12.,63.1));
#4001 = CIRCLE('',#4002,0.79);
#4002 = AXIS2_PLACEMENT_3D('',#4003,#4004,#4005);
#4003 = CARTESIAN_POINT('',(105.64,11.21,63.1));
#4004 = DIRECTION('',(0.,1.110223024625E-16,-1.));
#4005 = DIRECTION('',(0.,1.,1.110223024625E-16));
#4006 = ORIENTED_EDGE('',*,*,#4007,.T.);
#4007 = EDGE_CURVE('',#3999,#4008,#4010,.T.);
#4008 = VERTEX_POINT('',#4009);
#4009 = CARTESIAN_POINT('',(105.66,12.,63.1));
#4010 = LINE('',#4011,#4012);
#4011 = CARTESIAN_POINT('',(109.88,12.,63.1));
#4012 = VECTOR('',#4013,1.);
#4013 = DIRECTION('',(1.,0.,0.));
#4014 = ORIENTED_EDGE('',*,*,#4015,.T.);
#4015 = EDGE_CURVE('',#4008,#4016,#4018,.T.);
#4016 = VERTEX_POINT('',#4017);
#4017 = CARTESIAN_POINT('',(106.45,11.21,63.1));
#4018 = CIRCLE('',#4019,0.79);
#4019 = AXIS2_PLACEMENT_3D('',#4020,#4021,#4022);
#4020 = CARTESIAN_POINT('',(105.66,11.21,63.1));
#4021 = DIRECTION('',(0.,1.110223024625E-16,-1.));
#4022 = DIRECTION('',(1.,1.855056193045E-14,2.059526097492E-30));
#4023 = ORIENTED_EDGE('',*,*,#4024,.T.);
#4024 = EDGE_CURVE('',#4016,#3963,#4025,.T.);
#4025 = LINE('',#4026,#4027);
#4026 = CARTESIAN_POINT('',(106.45,3.795,63.1));
#4027 = VECTOR('',#4028,1.);
#4028 = DIRECTION('',(0.,-1.,0.));
#4029 = FACE_BOUND('',#4030,.F.);
#4030 = EDGE_LOOP('',(#4031,#4042,#4050,#4059,#4067,#4076,#4084,#4093));
#4031 = ORIENTED_EDGE('',*,*,#4032,.T.);
#4032 = EDGE_CURVE('',#4033,#4035,#4037,.T.);
#4033 = VERTEX_POINT('',#4034);
#4034 = CARTESIAN_POINT('',(100.45,5.79,63.1));
#4035 = VERTEX_POINT('',#4036);
#4036 = CARTESIAN_POINT('',(99.66,5.,63.1));
#4037 = CIRCLE('',#4038,0.79);
#4038 = AXIS2_PLACEMENT_3D('',#4039,#4040,#4041);
#4039 = CARTESIAN_POINT('',(99.66,5.79,63.1));
#4040 = DIRECTION('',(0.,1.110223024625E-16,-1.));
#4041 = DIRECTION('',(0.,-1.,-1.110223024625E-16));
#4042 = ORIENTED_EDGE('',*,*,#4043,.T.);
#4043 = EDGE_CURVE('',#4035,#4044,#4046,.T.);
#4044 = VERTEX_POINT('',#4045);
#4045 = CARTESIAN_POINT('',(99.64,5.,63.1));
#4046 = LINE('',#4047,#4048);
#4047 = CARTESIAN_POINT('',(106.87,5.,63.1));
#4048 = VECTOR('',#4049,1.);
#4049 = DIRECTION('',(-1.,0.,0.));
#4050 = ORIENTED_EDGE('',*,*,#4051,.T.);
#4051 = EDGE_CURVE('',#4044,#4052,#4054,.T.);
#4052 = VERTEX_POINT('',#4053);
#4053 = CARTESIAN_POINT('',(98.85,5.79,63.1));
#4054 = CIRCLE('',#4055,0.79);
#4055 = AXIS2_PLACEMENT_3D('',#4056,#4057,#4058);
#4056 = CARTESIAN_POINT('',(99.64,5.79,63.1));
#4057 = DIRECTION('',(0.,1.110223024625E-16,-1.));
#4058 = DIRECTION('',(-1.,-1.855056193045E-14,-2.059526097492E-30));
#4059 = ORIENTED_EDGE('',*,*,#4060,.T.);
#4060 = EDGE_CURVE('',#4052,#4061,#4063,.T.);
#4061 = VERTEX_POINT('',#4062);
#4062 = CARTESIAN_POINT('',(98.85,11.21,63.1));
#4063 = LINE('',#4064,#4065);
#4064 = CARTESIAN_POINT('',(98.85,6.505,63.1));
#4065 = VECTOR('',#4066,1.);
#4066 = DIRECTION('',(0.,1.,0.));
#4067 = ORIENTED_EDGE('',*,*,#4068,.T.);
#4068 = EDGE_CURVE('',#4061,#4069,#4071,.T.);
#4069 = VERTEX_POINT('',#4070);
#4070 = CARTESIAN_POINT('',(99.64,12.,63.1));
#4071 = CIRCLE('',#4072,0.79);
#4072 = AXIS2_PLACEMENT_3D('',#4073,#4074,#4075);
#4073 = CARTESIAN_POINT('',(99.64,11.21,63.1));
#4074 = DIRECTION('',(0.,1.110223024625E-16,-1.));
#4075 = DIRECTION('',(0.,1.,1.110223024625E-16));
#4076 = ORIENTED_EDGE('',*,*,#4077,.T.);
#4077 = EDGE_CURVE('',#4069,#4078,#4080,.T.);
#4078 = VERTEX_POINT('',#4079);
#4079 = CARTESIAN_POINT('',(99.66,12.,63.1));
#4080 = LINE('',#4081,#4082);
#4081 = CARTESIAN_POINT('',(106.88,12.,63.1));
#4082 = VECTOR('',#4083,1.);
#4083 = DIRECTION('',(1.,0.,0.));
#4084 = ORIENTED_EDGE('',*,*,#4085,.T.);
#4085 = EDGE_CURVE('',#4078,#4086,#4088,.T.);
#4086 = VERTEX_POINT('',#4087);
#4087 = CARTESIAN_POINT('',(100.45,11.21,63.1));
#4088 = CIRCLE('',#4089,0.79);
#4089 = AXIS2_PLACEMENT_3D('',#4090,#4091,#4092);
#4090 = CARTESIAN_POINT('',(99.66,11.21,63.1));
#4091 = DIRECTION('',(0.,1.110223024625E-16,-1.));
#4092 = DIRECTION('',(1.,1.855056193045E-14,2.059526097492E-30));
#4093 = ORIENTED_EDGE('',*,*,#4094,.T.);
#4094 = EDGE_CURVE('',#4086,#4033,#4095,.T.);
#4095 = LINE('',#4096,#4097);
#4096 = CARTESIAN_POINT('',(100.45,3.795,63.1));
#4097 = VECTOR('',#4098,1.);
#4098 = DIRECTION('',(0.,-1.,0.));
#4099 = PLANE('',#4100);
#4100 = AXIS2_PLACEMENT_3D('',#4101,#4102,#4103);
#4101 = CARTESIAN_POINT('',(114.1,1.8,63.1));
#4102 = DIRECTION('',(0.,0.,1.));
#4103 = DIRECTION('',(-1.,0.,0.));
#4104 = ADVANCED_FACE('',(#4105),#4124,.F.);
#4105 = FACE_BOUND('',#4106,.F.);
#4106 = EDGE_LOOP('',(#4107,#4116,#4117,#4118));
#4107 = ORIENTED_EDGE('',*,*,#4108,.F.);
#4108 = EDGE_CURVE('',#3885,#4109,#4111,.T.);
#4109 = VERTEX_POINT('',#4110);
#4110 = CARTESIAN_POINT('',(2.4,1.8,61.6));
#4111 = CIRCLE('',#4112,1.5);
#4112 = AXIS2_PLACEMENT_3D('',#4113,#4114,#4115);
#4113 = CARTESIAN_POINT('',(3.9,1.8,61.6));
#4114 = DIRECTION('',(0.,-1.,0.));
#4115 = DIRECTION('',(1.480297366167E-15,0.,1.));
#4116 = ORIENTED_EDGE('',*,*,#3884,.T.);
#4117 = ORIENTED_EDGE('',*,*,#2622,.T.);
#4118 = ORIENTED_EDGE('',*,*,#4119,.F.);
#4119 = EDGE_CURVE('',#4109,#2615,#4120,.T.);
#4120 = LINE('',#4121,#4122);
#4121 = CARTESIAN_POINT('',(2.4,1.8,61.6));
#4122 = VECTOR('',#4123,1.);
#4123 = DIRECTION('',(0.,1.,0.));
#4124 = CYLINDRICAL_SURFACE('',#4125,1.5);
#4125 = AXIS2_PLACEMENT_3D('',#4126,#4127,#4128);
#4126 = CARTESIAN_POINT('',(3.9,1.8,61.6));
#4127 = DIRECTION('',(0.,-1.,0.));
#4128 = DIRECTION('',(1.480297366167E-15,0.,1.));
#4129 = ADVANCED_FACE('',(#4130),#4148,.F.);
#4130 = FACE_BOUND('',#4131,.F.);
#4131 = EDGE_LOOP('',(#4132,#4140,#4141,#4142));
#4132 = ORIENTED_EDGE('',*,*,#4133,.F.);
#4133 = EDGE_CURVE('',#4109,#4134,#4136,.T.);
#4134 = VERTEX_POINT('',#4135);
#4135 = CARTESIAN_POINT('',(2.4,1.8,3.9));
#4136 = LINE('',#4137,#4138);
#4137 = CARTESIAN_POINT('',(2.4,1.8,61.6));
#4138 = VECTOR('',#4139,1.);
#4139 = DIRECTION('',(0.,0.,-1.));
#4140 = ORIENTED_EDGE('',*,*,#4119,.T.);
#4141 = ORIENTED_EDGE('',*,*,#2614,.F.);
#4142 = ORIENTED_EDGE('',*,*,#4143,.F.);
#4143 = EDGE_CURVE('',#4134,#2606,#4144,.T.);
#4144 = LINE('',#4145,#4146);
#4145 = CARTESIAN_POINT('',(2.4,1.8,3.9));
#4146 = VECTOR('',#4147,1.);
#4147 = DIRECTION('',(0.,1.,0.));
#4148 = PLANE('',#4149);
#4149 = AXIS2_PLACEMENT_3D('',#4150,#4151,#4152);
#4150 = CARTESIAN_POINT('',(2.4,1.8,61.6));
#4151 = DIRECTION('',(-1.,0.,0.));
#4152 = DIRECTION('',(0.,0.,-1.));
#4153 = ADVANCED_FACE('',(#4154),#4166,.F.);
#4154 = FACE_BOUND('',#4155,.F.);
#4155 = EDGE_LOOP('',(#4156,#4163,#4164,#4165));
#4156 = ORIENTED_EDGE('',*,*,#4157,.F.);
#4157 = EDGE_CURVE('',#4134,#3405,#4158,.T.);
#4158 = CIRCLE('',#4159,1.5);
#4159 = AXIS2_PLACEMENT_3D('',#4160,#4161,#4162);
#4160 = CARTESIAN_POINT('',(3.9,1.8,3.9));
#4161 = DIRECTION('',(0.,-1.,0.));
#4162 = DIRECTION('',(-1.,0.,0.));
#4163 = ORIENTED_EDGE('',*,*,#4143,.T.);
#4164 = ORIENTED_EDGE('',*,*,#2605,.T.);
#4165 = ORIENTED_EDGE('',*,*,#3414,.F.);
#4166 = CYLINDRICAL_SURFACE('',#4167,1.5);
#4167 = AXIS2_PLACEMENT_3D('',#4168,#4169,#4170);
#4168 = CARTESIAN_POINT('',(3.9,1.8,3.9));
#4169 = DIRECTION('',(0.,-1.,0.));
#4170 = DIRECTION('',(-1.,0.,0.));
#4171 = ADVANCED_FACE('',(#4172),#4183,.F.);
#4172 = FACE_BOUND('',#4173,.F.);
#4173 = EDGE_LOOP('',(#4174,#4175,#4176,#4177));
#4174 = ORIENTED_EDGE('',*,*,#3447,.F.);
#4175 = ORIENTED_EDGE('',*,*,#2712,.T.);
#4176 = ORIENTED_EDGE('',*,*,#2867,.T.);
#4177 = ORIENTED_EDGE('',*,*,#4178,.F.);
#4178 = EDGE_CURVE('',#3448,#2868,#4179,.T.);
#4179 = LINE('',#4180,#4181);
#4180 = CARTESIAN_POINT('',(111.,15.,64.7));
#4181 = VECTOR('',#4182,1.);
#4182 = DIRECTION('',(-1.,0.,0.));
#4183 = PLANE('',#4184);
#4184 = AXIS2_PLACEMENT_3D('',#4185,#4186,#4187);
#4185 = CARTESIAN_POINT('',(111.,14.6,65.1));
#4186 = DIRECTION('',(6.983161618628E-18,-0.707106781187,-0.707106781187
    ));
#4187 = DIRECTION('',(-1.,-4.937840934654E-18,-4.937840934654E-18));
#4188 = ADVANCED_FACE('',(#4189),#4195,.T.);
#4189 = FACE_BOUND('',#4190,.T.);
#4190 = EDGE_LOOP('',(#4191,#4192,#4193,#4194));
#4191 = ORIENTED_EDGE('',*,*,#3950,.T.);
#4192 = ORIENTED_EDGE('',*,*,#3727,.T.);
#4193 = ORIENTED_EDGE('',*,*,#2696,.F.);
#4194 = ORIENTED_EDGE('',*,*,#3571,.F.);
#4195 = PLANE('',#4196);
#4196 = AXIS2_PLACEMENT_3D('',#4197,#4198,#4199);
#4197 = CARTESIAN_POINT('',(110.85,11.21,62.1));
#4198 = DIRECTION('',(1.,0.,0.));
#4199 = DIRECTION('',(0.,-1.,-1.110223024625E-16));
#4200 = ADVANCED_FACE('',(#4201),#4217,.F.);
#4201 = FACE_BOUND('',#4202,.T.);
#4202 = EDGE_LOOP('',(#4203,#4204,#4210,#4211));
#4203 = ORIENTED_EDGE('',*,*,#3962,.T.);
#4204 = ORIENTED_EDGE('',*,*,#4205,.T.);
#4205 = EDGE_CURVE('',#3965,#2724,#4206,.T.);
#4206 = LINE('',#4207,#4208);
#4207 = CARTESIAN_POINT('',(105.66,5.,62.1));
#4208 = VECTOR('',#4209,1.);
#4209 = DIRECTION('',(0.,0.,1.));
#4210 = ORIENTED_EDGE('',*,*,#2721,.F.);
#4211 = ORIENTED_EDGE('',*,*,#4212,.F.);
#4212 = EDGE_CURVE('',#3963,#2722,#4213,.T.);
#4213 = LINE('',#4214,#4215);
#4214 = CARTESIAN_POINT('',(106.45,5.79,62.1));
#4215 = VECTOR('',#4216,1.);
#4216 = DIRECTION('',(0.,0.,1.));
#4217 = CYLINDRICAL_SURFACE('',#4218,0.79);
#4218 = AXIS2_PLACEMENT_3D('',#4219,#4220,#4221);
#4219 = CARTESIAN_POINT('',(105.66,5.79,62.1));
#4220 = DIRECTION('',(0.,1.110223024625E-16,-1.));
#4221 = DIRECTION('',(0.,-1.,-1.110223024625E-16));
#4222 = ADVANCED_FACE('',(#4223),#4234,.T.);
#4223 = FACE_BOUND('',#4224,.T.);
#4224 = EDGE_LOOP('',(#4225,#4226,#4227,#4228));
#4225 = ORIENTED_EDGE('',*,*,#4024,.T.);
#4226 = ORIENTED_EDGE('',*,*,#4212,.T.);
#4227 = ORIENTED_EDGE('',*,*,#2783,.F.);
#4228 = ORIENTED_EDGE('',*,*,#4229,.F.);
#4229 = EDGE_CURVE('',#4016,#2775,#4230,.T.);
#4230 = LINE('',#4231,#4232);
#4231 = CARTESIAN_POINT('',(106.45,11.21,62.1));
#4232 = VECTOR('',#4233,1.);
#4233 = DIRECTION('',(0.,0.,1.));
#4234 = PLANE('',#4235);
#4235 = AXIS2_PLACEMENT_3D('',#4236,#4237,#4238);
#4236 = CARTESIAN_POINT('',(106.45,5.79,62.1));
#4237 = DIRECTION('',(-1.,0.,0.));
#4238 = DIRECTION('',(0.,1.,1.110223024625E-16));
#4239 = ADVANCED_FACE('',(#4240),#4251,.T.);
#4240 = FACE_BOUND('',#4241,.T.);
#4241 = EDGE_LOOP('',(#4242,#4243,#4249,#4250));
#4242 = ORIENTED_EDGE('',*,*,#3973,.T.);
#4243 = ORIENTED_EDGE('',*,*,#4244,.T.);
#4244 = EDGE_CURVE('',#3974,#2733,#4245,.T.);
#4245 = LINE('',#4246,#4247);
#4246 = CARTESIAN_POINT('',(105.64,5.,62.1));
#4247 = VECTOR('',#4248,1.);
#4248 = DIRECTION('',(0.,0.,1.));
#4249 = ORIENTED_EDGE('',*,*,#2732,.F.);
#4250 = ORIENTED_EDGE('',*,*,#4205,.F.);
#4251 = PLANE('',#4252);
#4252 = AXIS2_PLACEMENT_3D('',#4253,#4254,#4255);
#4253 = CARTESIAN_POINT('',(105.64,5.,62.1));
#4254 = DIRECTION('',(0.,1.,0.));
#4255 = DIRECTION('',(1.,0.,0.));
#4256 = ADVANCED_FACE('',(#4257),#4268,.F.);
#4257 = FACE_BOUND('',#4258,.T.);
#4258 = EDGE_LOOP('',(#4259,#4260,#4261,#4262));
#4259 = ORIENTED_EDGE('',*,*,#4015,.T.);
#4260 = ORIENTED_EDGE('',*,*,#4229,.T.);
#4261 = ORIENTED_EDGE('',*,*,#2774,.F.);
#4262 = ORIENTED_EDGE('',*,*,#4263,.F.);
#4263 = EDGE_CURVE('',#4008,#2767,#4264,.T.);
#4264 = LINE('',#4265,#4266);
#4265 = CARTESIAN_POINT('',(105.66,12.,62.1));
#4266 = VECTOR('',#4267,1.);
#4267 = DIRECTION('',(0.,0.,1.));
#4268 = CYLINDRICAL_SURFACE('',#4269,0.79);
#4269 = AXIS2_PLACEMENT_3D('',#4270,#4271,#4272);
#4270 = CARTESIAN_POINT('',(105.66,11.21,62.1));
#4271 = DIRECTION('',(0.,1.110223024625E-16,-1.));
#4272 = DIRECTION('',(1.,1.855056193045E-14,2.059526097492E-30));
#4273 = ADVANCED_FACE('',(#4274),#4285,.F.);
#4274 = FACE_BOUND('',#4275,.T.);
#4275 = EDGE_LOOP('',(#4276,#4277,#4283,#4284));
#4276 = ORIENTED_EDGE('',*,*,#3981,.T.);
#4277 = ORIENTED_EDGE('',*,*,#4278,.T.);
#4278 = EDGE_CURVE('',#3982,#2741,#4279,.T.);
#4279 = LINE('',#4280,#4281);
#4280 = CARTESIAN_POINT('',(104.85,5.79,62.1));
#4281 = VECTOR('',#4282,1.);
#4282 = DIRECTION('',(0.,0.,1.));
#4283 = ORIENTED_EDGE('',*,*,#2740,.F.);
#4284 = ORIENTED_EDGE('',*,*,#4244,.F.);
#4285 = CYLINDRICAL_SURFACE('',#4286,0.79);
#4286 = AXIS2_PLACEMENT_3D('',#4287,#4288,#4289);
#4287 = CARTESIAN_POINT('',(105.64,5.79,62.1));
#4288 = DIRECTION('',(0.,1.110223024625E-16,-1.));
#4289 = DIRECTION('',(-1.,-1.855056193045E-14,-2.059526097492E-30));
#4290 = ADVANCED_FACE('',(#4291),#4302,.T.);
#4291 = FACE_BOUND('',#4292,.T.);
#4292 = EDGE_LOOP('',(#4293,#4294,#4295,#4296));
#4293 = ORIENTED_EDGE('',*,*,#4007,.T.);
#4294 = ORIENTED_EDGE('',*,*,#4263,.T.);
#4295 = ORIENTED_EDGE('',*,*,#2766,.F.);
#4296 = ORIENTED_EDGE('',*,*,#4297,.F.);
#4297 = EDGE_CURVE('',#3999,#2758,#4298,.T.);
#4298 = LINE('',#4299,#4300);
#4299 = CARTESIAN_POINT('',(105.64,12.,62.1));
#4300 = VECTOR('',#4301,1.);
#4301 = DIRECTION('',(0.,0.,1.));
#4302 = PLANE('',#4303);
#4303 = AXIS2_PLACEMENT_3D('',#4304,#4305,#4306);
#4304 = CARTESIAN_POINT('',(105.66,12.,62.1));
#4305 = DIRECTION('',(0.,-1.,0.));
#4306 = DIRECTION('',(-1.,0.,0.));
#4307 = ADVANCED_FACE('',(#4308),#4319,.T.);
#4308 = FACE_BOUND('',#4309,.T.);
#4309 = EDGE_LOOP('',(#4310,#4311,#4317,#4318));
#4310 = ORIENTED_EDGE('',*,*,#3990,.T.);
#4311 = ORIENTED_EDGE('',*,*,#4312,.T.);
#4312 = EDGE_CURVE('',#3991,#2750,#4313,.T.);
#4313 = LINE('',#4314,#4315);
#4314 = CARTESIAN_POINT('',(104.85,11.21,62.1));
#4315 = VECTOR('',#4316,1.);
#4316 = DIRECTION('',(0.,0.,1.));
#4317 = ORIENTED_EDGE('',*,*,#2749,.F.);
#4318 = ORIENTED_EDGE('',*,*,#4278,.F.);
#4319 = PLANE('',#4320);
#4320 = AXIS2_PLACEMENT_3D('',#4321,#4322,#4323);
#4321 = CARTESIAN_POINT('',(104.85,11.21,62.1));
#4322 = DIRECTION('',(1.,0.,0.));
#4323 = DIRECTION('',(0.,-1.,-1.110223024625E-16));
#4324 = ADVANCED_FACE('',(#4325),#4331,.F.);
#4325 = FACE_BOUND('',#4326,.T.);
#4326 = EDGE_LOOP('',(#4327,#4328,#4329,#4330));
#4327 = ORIENTED_EDGE('',*,*,#3998,.T.);
#4328 = ORIENTED_EDGE('',*,*,#4297,.T.);
#4329 = ORIENTED_EDGE('',*,*,#2757,.F.);
#4330 = ORIENTED_EDGE('',*,*,#4312,.F.);
#4331 = CYLINDRICAL_SURFACE('',#4332,0.79);
#4332 = AXIS2_PLACEMENT_3D('',#4333,#4334,#4335);
#4333 = CARTESIAN_POINT('',(105.64,11.21,62.1));
#4334 = DIRECTION('',(0.,1.110223024625E-16,-1.));
#4335 = DIRECTION('',(0.,1.,1.110223024625E-16));
#4336 = ADVANCED_FACE('',(#4337),#4353,.F.);
#4337 = FACE_BOUND('',#4338,.T.);
#4338 = EDGE_LOOP('',(#4339,#4340,#4346,#4347));
#4339 = ORIENTED_EDGE('',*,*,#4032,.T.);
#4340 = ORIENTED_EDGE('',*,*,#4341,.T.);
#4341 = EDGE_CURVE('',#4035,#2794,#4342,.T.);
#4342 = LINE('',#4343,#4344);
#4343 = CARTESIAN_POINT('',(99.66,5.,62.1));
#4344 = VECTOR('',#4345,1.);
#4345 = DIRECTION('',(0.,0.,1.));
#4346 = ORIENTED_EDGE('',*,*,#2791,.F.);
#4347 = ORIENTED_EDGE('',*,*,#4348,.F.);
#4348 = EDGE_CURVE('',#4033,#2792,#4349,.T.);
#4349 = LINE('',#4350,#4351);
#4350 = CARTESIAN_POINT('',(100.45,5.79,62.1));
#4351 = VECTOR('',#4352,1.);
#4352 = DIRECTION('',(0.,0.,1.));
#4353 = CYLINDRICAL_SURFACE('',#4354,0.79);
#4354 = AXIS2_PLACEMENT_3D('',#4355,#4356,#4357);
#4355 = CARTESIAN_POINT('',(99.66,5.79,62.1));
#4356 = DIRECTION('',(0.,1.110223024625E-16,-1.));
#4357 = DIRECTION('',(0.,-1.,-1.110223024625E-16));
#4358 = ADVANCED_FACE('',(#4359),#4370,.T.);
#4359 = FACE_BOUND('',#4360,.T.);
#4360 = EDGE_LOOP('',(#4361,#4362,#4363,#4364));
#4361 = ORIENTED_EDGE('',*,*,#4094,.T.);
#4362 = ORIENTED_EDGE('',*,*,#4348,.T.);
#4363 = ORIENTED_EDGE('',*,*,#2853,.F.);
#4364 = ORIENTED_EDGE('',*,*,#4365,.F.);
#4365 = EDGE_CURVE('',#4086,#2845,#4366,.T.);
#4366 = LINE('',#4367,#4368);
#4367 = CARTESIAN_POINT('',(100.45,11.21,62.1));
#4368 = VECTOR('',#4369,1.);
#4369 = DIRECTION('',(0.,0.,1.));
#4370 = PLANE('',#4371);
#4371 = AXIS2_PLACEMENT_3D('',#4372,#4373,#4374);
#4372 = CARTESIAN_POINT('',(100.45,5.79,62.1));
#4373 = DIRECTION('',(-1.,0.,0.));
#4374 = DIRECTION('',(0.,1.,1.110223024625E-16));
#4375 = ADVANCED_FACE('',(#4376),#4387,.T.);
#4376 = FACE_BOUND('',#4377,.T.);
#4377 = EDGE_LOOP('',(#4378,#4379,#4385,#4386));
#4378 = ORIENTED_EDGE('',*,*,#4043,.T.);
#4379 = ORIENTED_EDGE('',*,*,#4380,.T.);
#4380 = EDGE_CURVE('',#4044,#2803,#4381,.T.);
#4381 = LINE('',#4382,#4383);
#4382 = CARTESIAN_POINT('',(99.64,5.,62.1));
#4383 = VECTOR('',#4384,1.);
#4384 = DIRECTION('',(0.,0.,1.));
#4385 = ORIENTED_EDGE('',*,*,#2802,.F.);
#4386 = ORIENTED_EDGE('',*,*,#4341,.F.);
#4387 = PLANE('',#4388);
#4388 = AXIS2_PLACEMENT_3D('',#4389,#4390,#4391);
#4389 = CARTESIAN_POINT('',(99.64,5.,62.1));
#4390 = DIRECTION('',(0.,1.,0.));
#4391 = DIRECTION('',(1.,0.,0.));
#4392 = ADVANCED_FACE('',(#4393),#4404,.F.);
#4393 = FACE_BOUND('',#4394,.T.);
#4394 = EDGE_LOOP('',(#4395,#4396,#4397,#4398));
#4395 = ORIENTED_EDGE('',*,*,#4085,.T.);
#4396 = ORIENTED_EDGE('',*,*,#4365,.T.);
#4397 = ORIENTED_EDGE('',*,*,#2844,.F.);
#4398 = ORIENTED_EDGE('',*,*,#4399,.F.);
#4399 = EDGE_CURVE('',#4078,#2837,#4400,.T.);
#4400 = LINE('',#4401,#4402);
#4401 = CARTESIAN_POINT('',(99.66,12.,62.1));
#4402 = VECTOR('',#4403,1.);
#4403 = DIRECTION('',(0.,0.,1.));
#4404 = CYLINDRICAL_SURFACE('',#4405,0.79);
#4405 = AXIS2_PLACEMENT_3D('',#4406,#4407,#4408);
#4406 = CARTESIAN_POINT('',(99.66,11.21,62.1));
#4407 = DIRECTION('',(0.,1.110223024625E-16,-1.));
#4408 = DIRECTION('',(1.,1.855056193045E-14,2.059526097492E-30));
#4409 = ADVANCED_FACE('',(#4410),#4421,.F.);
#4410 = FACE_BOUND('',#4411,.T.);
#4411 = EDGE_LOOP('',(#4412,#4413,#4419,#4420));
#4412 = ORIENTED_EDGE('',*,*,#4051,.T.);
#4413 = ORIENTED_EDGE('',*,*,#4414,.T.);
#4414 = EDGE_CURVE('',#4052,#2811,#4415,.T.);
#4415 = LINE('',#4416,#4417);
#4416 = CARTESIAN_POINT('',(98.85,5.79,62.1));
#4417 = VECTOR('',#4418,1.);
#4418 = DIRECTION('',(0.,0.,1.));
#4419 = ORIENTED_EDGE('',*,*,#2810,.F.);
#4420 = ORIENTED_EDGE('',*,*,#4380,.F.);
#4421 = CYLINDRICAL_SURFACE('',#4422,0.79);
#4422 = AXIS2_PLACEMENT_3D('',#4423,#4424,#4425);
#4423 = CARTESIAN_POINT('',(99.64,5.79,62.1));
#4424 = DIRECTION('',(0.,1.110223024625E-16,-1.));
#4425 = DIRECTION('',(-1.,-1.855056193045E-14,-2.059526097492E-30));
#4426 = ADVANCED_FACE('',(#4427),#4438,.T.);
#4427 = FACE_BOUND('',#4428,.T.);
#4428 = EDGE_LOOP('',(#4429,#4430,#4431,#4432));
#4429 = ORIENTED_EDGE('',*,*,#4077,.T.);
#4430 = ORIENTED_EDGE('',*,*,#4399,.T.);
#4431 = ORIENTED_EDGE('',*,*,#2836,.F.);
#4432 = ORIENTED_EDGE('',*,*,#4433,.F.);
#4433 = EDGE_CURVE('',#4069,#2828,#4434,.T.);
#4434 = LINE('',#4435,#4436);
#4435 = CARTESIAN_POINT('',(99.64,12.,62.1));
#4436 = VECTOR('',#4437,1.);
#4437 = DIRECTION('',(0.,0.,1.));
#4438 = PLANE('',#4439);
#4439 = AXIS2_PLACEMENT_3D('',#4440,#4441,#4442);
#4440 = CARTESIAN_POINT('',(99.66,12.,62.1));
#4441 = DIRECTION('',(0.,-1.,0.));
#4442 = DIRECTION('',(-1.,0.,0.));
#4443 = ADVANCED_FACE('',(#4444),#4455,.T.);
#4444 = FACE_BOUND('',#4445,.T.);
#4445 = EDGE_LOOP('',(#4446,#4447,#4453,#4454));
#4446 = ORIENTED_EDGE('',*,*,#4060,.T.);
#4447 = ORIENTED_EDGE('',*,*,#4448,.T.);
#4448 = EDGE_CURVE('',#4061,#2820,#4449,.T.);
#4449 = LINE('',#4450,#4451);
#4450 = CARTESIAN_POINT('',(98.85,11.21,62.1));
#4451 = VECTOR('',#4452,1.);
#4452 = DIRECTION('',(0.,0.,1.));
#4453 = ORIENTED_EDGE('',*,*,#2819,.F.);
#4454 = ORIENTED_EDGE('',*,*,#4414,.F.);
#4455 = PLANE('',#4456);
#4456 = AXIS2_PLACEMENT_3D('',#4457,#4458,#4459);
#4457 = CARTESIAN_POINT('',(98.85,11.21,62.1));
#4458 = DIRECTION('',(1.,0.,0.));
#4459 = DIRECTION('',(0.,-1.,-1.110223024625E-16));
#4460 = ADVANCED_FACE('',(#4461),#4467,.F.);
#4461 = FACE_BOUND('',#4462,.T.);
#4462 = EDGE_LOOP('',(#4463,#4464,#4465,#4466));
#4463 = ORIENTED_EDGE('',*,*,#4068,.T.);
#4464 = ORIENTED_EDGE('',*,*,#4433,.T.);
#4465 = ORIENTED_EDGE('',*,*,#2827,.F.);
#4466 = ORIENTED_EDGE('',*,*,#4448,.F.);
#4467 = CYLINDRICAL_SURFACE('',#4468,0.79);
#4468 = AXIS2_PLACEMENT_3D('',#4469,#4470,#4471);
#4469 = CARTESIAN_POINT('',(99.64,11.21,62.1));
#4470 = DIRECTION('',(0.,1.110223024625E-16,-1.));
#4471 = DIRECTION('',(0.,1.,1.110223024625E-16));
#4472 = ADVANCED_FACE('',(#4473),#4479,.F.);
#4473 = FACE_BOUND('',#4474,.F.);
#4474 = EDGE_LOOP('',(#4475,#4476,#4477,#4478));
#4475 = ORIENTED_EDGE('',*,*,#2935,.T.);
#4476 = ORIENTED_EDGE('',*,*,#3761,.F.);
#4477 = ORIENTED_EDGE('',*,*,#3455,.T.);
#4478 = ORIENTED_EDGE('',*,*,#4178,.T.);
#4479 = PLANE('',#4480);
#4480 = AXIS2_PLACEMENT_3D('',#4481,#4482,#4483);
#4481 = CARTESIAN_POINT('',(59.,15.,32.75));
#4482 = DIRECTION('',(-0.,-1.,-0.));
#4483 = DIRECTION('',(0.,0.,-1.));
#4484 = ADVANCED_FACE('',(#4485),#4528,.T.);
#4485 = FACE_BOUND('',#4486,.T.);
#4486 = EDGE_LOOP('',(#4487,#4496,#4502,#4503,#4511,#4520,#4526,#4527));
#4487 = ORIENTED_EDGE('',*,*,#4488,.T.);
#4488 = EDGE_CURVE('',#4489,#4489,#4491,.T.);
#4489 = VERTEX_POINT('',#4490);
#4490 = CARTESIAN_POINT('',(102.2,1.8,13.));
#4491 = CIRCLE('',#4492,1.9);
#4492 = AXIS2_PLACEMENT_3D('',#4493,#4494,#4495);
#4493 = CARTESIAN_POINT('',(102.2,1.8,11.1));
#4494 = DIRECTION('',(0.,1.,0.));
#4495 = DIRECTION('',(0.,0.,1.));
#4496 = ORIENTED_EDGE('',*,*,#4497,.T.);
#4497 = EDGE_CURVE('',#4489,#3362,#4498,.T.);
#4498 = LINE('',#4499,#4500);
#4499 = CARTESIAN_POINT('',(102.2,1.79,13.));
#4500 = VECTOR('',#4501,1.);
#4501 = DIRECTION('',(0.,1.,0.));
#4502 = ORIENTED_EDGE('',*,*,#3359,.F.);
#4503 = ORIENTED_EDGE('',*,*,#4504,.F.);
#4504 = EDGE_CURVE('',#4505,#3360,#4507,.T.);
#4505 = VERTEX_POINT('',#4506);
#4506 = CARTESIAN_POINT('',(101.,2.5,9.626908013733));
#4507 = LINE('',#4508,#4509);
#4508 = CARTESIAN_POINT('',(101.,1.79,9.626908013734));
#4509 = VECTOR('',#4510,1.);
#4510 = DIRECTION('',(0.,1.,0.));
#4511 = ORIENTED_EDGE('',*,*,#4512,.F.);
#4512 = EDGE_CURVE('',#4513,#4505,#4515,.T.);
#4513 = VERTEX_POINT('',#4514);
#4514 = CARTESIAN_POINT('',(103.42780291578,2.5,9.65));
#4515 = CIRCLE('',#4516,1.9);
#4516 = AXIS2_PLACEMENT_3D('',#4517,#4518,#4519);
#4517 = CARTESIAN_POINT('',(102.2,2.5,11.1));
#4518 = DIRECTION('',(0.,1.,0.));
#4519 = DIRECTION('',(0.,0.,1.));
#4520 = ORIENTED_EDGE('',*,*,#4521,.T.);
#4521 = EDGE_CURVE('',#4513,#3371,#4522,.T.);
#4522 = LINE('',#4523,#4524);
#4523 = CARTESIAN_POINT('',(103.42780291578,1.79,9.65));
#4524 = VECTOR('',#4525,1.);
#4525 = DIRECTION('',(0.,1.,0.));
#4526 = ORIENTED_EDGE('',*,*,#3370,.F.);
#4527 = ORIENTED_EDGE('',*,*,#4497,.F.);
#4528 = CYLINDRICAL_SURFACE('',#4529,1.9);
#4529 = AXIS2_PLACEMENT_3D('',#4530,#4531,#4532);
#4530 = CARTESIAN_POINT('',(102.2,1.79,11.1));
#4531 = DIRECTION('',(0.,1.,0.));
#4532 = DIRECTION('',(0.,0.,1.));
#4533 = ADVANCED_FACE('',(#4534),#4552,.T.);
#4534 = FACE_BOUND('',#4535,.T.);
#4535 = EDGE_LOOP('',(#4536,#4544,#4550,#4551));
#4536 = ORIENTED_EDGE('',*,*,#4537,.F.);
#4537 = EDGE_CURVE('',#4538,#3380,#4540,.T.);
#4538 = VERTEX_POINT('',#4539);
#4539 = CARTESIAN_POINT('',(101.,2.5,9.65));
#4540 = LINE('',#4541,#4542);
#4541 = CARTESIAN_POINT('',(101.,2.5,9.65));
#4542 = VECTOR('',#4543,1.);
#4543 = DIRECTION('',(0.,1.,0.));
#4544 = ORIENTED_EDGE('',*,*,#4545,.F.);
#4545 = EDGE_CURVE('',#4505,#4538,#4546,.T.);
#4546 = LINE('',#4547,#4548);
#4547 = CARTESIAN_POINT('',(101.,2.5,0.));
#4548 = VECTOR('',#4549,1.);
#4549 = DIRECTION('',(0.,0.,1.));
#4550 = ORIENTED_EDGE('',*,*,#4504,.T.);
#4551 = ORIENTED_EDGE('',*,*,#3387,.F.);
#4552 = PLANE('',#4553);
#4553 = AXIS2_PLACEMENT_3D('',#4554,#4555,#4556);
#4554 = CARTESIAN_POINT('',(101.,2.5,0.));
#4555 = DIRECTION('',(1.,0.,0.));
#4556 = DIRECTION('',(0.,0.,1.));
#4557 = ADVANCED_FACE('',(#4558),#4569,.F.);
#4558 = FACE_BOUND('',#4559,.F.);
#4559 = EDGE_LOOP('',(#4560,#4561,#4562,#4568));
#4560 = ORIENTED_EDGE('',*,*,#3379,.F.);
#4561 = ORIENTED_EDGE('',*,*,#4537,.F.);
#4562 = ORIENTED_EDGE('',*,*,#4563,.T.);
#4563 = EDGE_CURVE('',#4538,#4513,#4564,.T.);
#4564 = LINE('',#4565,#4566);
#4565 = CARTESIAN_POINT('',(101.,2.5,9.65));
#4566 = VECTOR('',#4567,1.);
#4567 = DIRECTION('',(1.,0.,0.));
#4568 = ORIENTED_EDGE('',*,*,#4521,.T.);
#4569 = PLANE('',#4570);
#4570 = AXIS2_PLACEMENT_3D('',#4571,#4572,#4573);
#4571 = CARTESIAN_POINT('',(101.,2.5,9.65));
#4572 = DIRECTION('',(0.,0.,1.));
#4573 = DIRECTION('',(1.,0.,0.));
#4574 = ADVANCED_FACE('',(#4575),#4594,.F.);
#4575 = FACE_BOUND('',#4576,.F.);
#4576 = EDGE_LOOP('',(#4577,#4578,#4586,#4592,#4593));
#4577 = ORIENTED_EDGE('',*,*,#3874,.T.);
#4578 = ORIENTED_EDGE('',*,*,#4579,.F.);
#4579 = EDGE_CURVE('',#4580,#3875,#4582,.T.);
#4580 = VERTEX_POINT('',#4581);
#4581 = CARTESIAN_POINT('',(113.2,1.8,27.45));
#4582 = LINE('',#4583,#4584);
#4583 = CARTESIAN_POINT('',(113.2,1.8,30.1));
#4584 = VECTOR('',#4585,1.);
#4585 = DIRECTION('',(0.,0.,1.));
#4586 = ORIENTED_EDGE('',*,*,#4587,.T.);
#4587 = EDGE_CURVE('',#4580,#3819,#4588,.T.);
#4588 = LINE('',#4589,#4590);
#4589 = CARTESIAN_POINT('',(114.75,1.8,27.45));
#4590 = VECTOR('',#4591,1.);
#4591 = DIRECTION('',(1.,0.,0.));
#4592 = ORIENTED_EDGE('',*,*,#3818,.T.);
#4593 = ORIENTED_EDGE('',*,*,#3849,.T.);
#4594 = PLANE('',#4595);
#4595 = AXIS2_PLACEMENT_3D('',#4596,#4597,#4598);
#4596 = CARTESIAN_POINT('',(59.,1.8,32.75));
#4597 = DIRECTION('',(-0.,-1.,-0.));
#4598 = DIRECTION('',(0.,0.,-1.));
#4599 = ADVANCED_FACE('',(#4600),#4618,.T.);
#4600 = FACE_BOUND('',#4601,.T.);
#4601 = EDGE_LOOP('',(#4602,#4603,#4611,#4617));
#4602 = ORIENTED_EDGE('',*,*,#4579,.F.);
#4603 = ORIENTED_EDGE('',*,*,#4604,.T.);
#4604 = EDGE_CURVE('',#4580,#4605,#4607,.T.);
#4605 = VERTEX_POINT('',#4606);
#4606 = CARTESIAN_POINT('',(113.2,2.4,27.45));
#4607 = LINE('',#4608,#4609);
#4608 = CARTESIAN_POINT('',(113.2,1.79,27.45));
#4609 = VECTOR('',#4610,1.);
#4610 = DIRECTION('',(0.,1.,0.));
#4611 = ORIENTED_EDGE('',*,*,#4612,.T.);
#4612 = EDGE_CURVE('',#4605,#3932,#4613,.T.);
#4613 = LINE('',#4614,#4615);
#4614 = CARTESIAN_POINT('',(113.2,2.4,27.45));
#4615 = VECTOR('',#4616,1.);
#4616 = DIRECTION('',(0.,0.,1.));
#4617 = ORIENTED_EDGE('',*,*,#3939,.F.);
#4618 = PLANE('',#4619);
#4619 = AXIS2_PLACEMENT_3D('',#4620,#4621,#4622);
#4620 = CARTESIAN_POINT('',(113.2,1.79,27.45));
#4621 = DIRECTION('',(1.,0.,0.));
#4622 = DIRECTION('',(0.,0.,1.));
#4623 = ADVANCED_FACE('',(#4624),#4642,.T.);
#4624 = FACE_BOUND('',#4625,.T.);
#4625 = EDGE_LOOP('',(#4626,#4634,#4640,#4641));
#4626 = ORIENTED_EDGE('',*,*,#4627,.F.);
#4627 = EDGE_CURVE('',#4628,#4605,#4630,.T.);
#4628 = VERTEX_POINT('',#4629);
#4629 = CARTESIAN_POINT('',(112.6,2.4,27.45));
#4630 = LINE('',#4631,#4632);
#4631 = CARTESIAN_POINT('',(112.6,2.4,27.45));
#4632 = VECTOR('',#4633,1.);
#4633 = DIRECTION('',(1.,0.,0.));
#4634 = ORIENTED_EDGE('',*,*,#4635,.T.);
#4635 = EDGE_CURVE('',#4628,#3924,#4636,.T.);
#4636 = LINE('',#4637,#4638);
#4637 = CARTESIAN_POINT('',(112.6,2.4,27.45));
#4638 = VECTOR('',#4639,1.);
#4639 = DIRECTION('',(0.,0.,1.));
#4640 = ORIENTED_EDGE('',*,*,#3931,.F.);
#4641 = ORIENTED_EDGE('',*,*,#4612,.F.);
#4642 = PLANE('',#4643);
#4643 = AXIS2_PLACEMENT_3D('',#4644,#4645,#4646);
#4644 = CARTESIAN_POINT('',(112.6,2.4,27.45));
#4645 = DIRECTION('',(0.,1.,0.));
#4646 = DIRECTION('',(0.,0.,1.));
#4647 = ADVANCED_FACE('',(#4648),#4666,.F.);
#4648 = FACE_BOUND('',#4649,.F.);
#4649 = EDGE_LOOP('',(#4650,#4658,#4664,#4665));
#4650 = ORIENTED_EDGE('',*,*,#4651,.F.);
#4651 = EDGE_CURVE('',#4652,#3916,#4654,.T.);
#4652 = VERTEX_POINT('',#4653);
#4653 = CARTESIAN_POINT('',(112.6,1.8,27.45));
#4654 = LINE('',#4655,#4656);
#4655 = CARTESIAN_POINT('',(112.6,1.8,30.1));
#4656 = VECTOR('',#4657,1.);
#4657 = DIRECTION('',(0.,0.,1.));
#4658 = ORIENTED_EDGE('',*,*,#4659,.T.);
#4659 = EDGE_CURVE('',#4652,#4628,#4660,.T.);
#4660 = LINE('',#4661,#4662);
#4661 = CARTESIAN_POINT('',(112.6,1.79,27.45));
#4662 = VECTOR('',#4663,1.);
#4663 = DIRECTION('',(0.,1.,0.));
#4664 = ORIENTED_EDGE('',*,*,#4635,.T.);
#4665 = ORIENTED_EDGE('',*,*,#3923,.F.);
#4666 = PLANE('',#4667);
#4667 = AXIS2_PLACEMENT_3D('',#4668,#4669,#4670);
#4668 = CARTESIAN_POINT('',(112.6,1.79,27.45));
#4669 = DIRECTION('',(1.,0.,0.));
#4670 = DIRECTION('',(0.,0.,1.));
#4671 = ADVANCED_FACE('',(#4672),#4677,.T.);
#4672 = FACE_BOUND('',#4673,.T.);
#4673 = EDGE_LOOP('',(#4674,#4675,#4676));
#4674 = ORIENTED_EDGE('',*,*,#4512,.T.);
#4675 = ORIENTED_EDGE('',*,*,#4545,.T.);
#4676 = ORIENTED_EDGE('',*,*,#4563,.T.);
#4677 = PLANE('',#4678);
#4678 = AXIS2_PLACEMENT_3D('',#4679,#4680,#4681);
#4679 = CARTESIAN_POINT('',(101.,2.5,0.));
#4680 = DIRECTION('',(0.,1.,0.));
#4681 = DIRECTION('',(0.,0.,1.));
#4682 = ADVANCED_FACE('',(#4683,#4748,#4758,#4768,#4771,#4799,#4827,
    #4855,#4858,#4869),#4880,.T.);
#4683 = FACE_BOUND('',#4684,.T.);
#4684 = EDGE_LOOP('',(#4685,#4686,#4692,#4693,#4694,#4700,#4701,#4702,
    #4710,#4718,#4726,#4734,#4740,#4741,#4742,#4743,#4744,#4745,#4746,
    #4747));
#4685 = ORIENTED_EDGE('',*,*,#3892,.F.);
#4686 = ORIENTED_EDGE('',*,*,#4687,.T.);
#4687 = EDGE_CURVE('',#3893,#2665,#4688,.T.);
#4688 = LINE('',#4689,#4690);
#4689 = CARTESIAN_POINT('',(89.15,1.8,27.45));
#4690 = VECTOR('',#4691,1.);
#4691 = DIRECTION('',(0.,0.,1.));
#4692 = ORIENTED_EDGE('',*,*,#2664,.F.);
#4693 = ORIENTED_EDGE('',*,*,#2447,.F.);
#4694 = ORIENTED_EDGE('',*,*,#4695,.F.);
#4695 = EDGE_CURVE('',#3908,#2440,#4696,.T.);
#4696 = LINE('',#4697,#4698);
#4697 = CARTESIAN_POINT('',(112.55,1.8,62.6));
#4698 = VECTOR('',#4699,1.);
#4699 = DIRECTION('',(0.,0.,1.));
#4700 = ORIENTED_EDGE('',*,*,#3915,.F.);
#4701 = ORIENTED_EDGE('',*,*,#4651,.F.);
#4702 = ORIENTED_EDGE('',*,*,#4703,.F.);
#4703 = EDGE_CURVE('',#4704,#4652,#4706,.T.);
#4704 = VERTEX_POINT('',#4705);
#4705 = CARTESIAN_POINT('',(95.35,1.8,27.45));
#4706 = LINE('',#4707,#4708);
#4707 = CARTESIAN_POINT('',(95.35,1.8,27.45));
#4708 = VECTOR('',#4709,1.);
#4709 = DIRECTION('',(1.,0.,0.));
#4710 = ORIENTED_EDGE('',*,*,#4711,.F.);
#4711 = EDGE_CURVE('',#4712,#4704,#4714,.T.);
#4712 = VERTEX_POINT('',#4713);
#4713 = CARTESIAN_POINT('',(95.35,1.8,21.));
#4714 = LINE('',#4715,#4716);
#4715 = CARTESIAN_POINT('',(95.35,1.8,21.));
#4716 = VECTOR('',#4717,1.);
#4717 = DIRECTION('',(0.,0.,1.));
#4718 = ORIENTED_EDGE('',*,*,#4719,.T.);
#4719 = EDGE_CURVE('',#4712,#4720,#4722,.T.);
#4720 = VERTEX_POINT('',#4721);
#4721 = CARTESIAN_POINT('',(96.55,1.8,21.));
#4722 = LINE('',#4723,#4724);
#4723 = CARTESIAN_POINT('',(95.35,1.8,21.));
#4724 = VECTOR('',#4725,1.);
#4725 = DIRECTION('',(1.,0.,0.));
#4726 = ORIENTED_EDGE('',*,*,#4727,.T.);
#4727 = EDGE_CURVE('',#4720,#4728,#4730,.T.);
#4728 = VERTEX_POINT('',#4729);
#4729 = CARTESIAN_POINT('',(96.55,1.8,25.25));
#4730 = LINE('',#4731,#4732);
#4731 = CARTESIAN_POINT('',(96.55,1.8,21.));
#4732 = VECTOR('',#4733,1.);
#4733 = DIRECTION('',(0.,0.,1.));
#4734 = ORIENTED_EDGE('',*,*,#4735,.T.);
#4735 = EDGE_CURVE('',#4728,#24,#4736,.T.);
#4736 = LINE('',#4737,#4738);
#4737 = CARTESIAN_POINT('',(95.35,1.8,25.25));
#4738 = VECTOR('',#4739,1.);
#4739 = DIRECTION('',(1.,0.,0.));
#4740 = ORIENTED_EDGE('',*,*,#21,.F.);
#4741 = ORIENTED_EDGE('',*,*,#62,.T.);
#4742 = ORIENTED_EDGE('',*,*,#3802,.F.);
#4743 = ORIENTED_EDGE('',*,*,#3777,.F.);
#4744 = ORIENTED_EDGE('',*,*,#3404,.F.);
#4745 = ORIENTED_EDGE('',*,*,#4157,.F.);
#4746 = ORIENTED_EDGE('',*,*,#4133,.F.);
#4747 = ORIENTED_EDGE('',*,*,#4108,.F.);
#4748 = FACE_BOUND('',#4749,.T.);
#4749 = EDGE_LOOP('',(#4750,#4751,#4752,#4753,#4754,#4755,#4756,#4757));
#4750 = ORIENTED_EDGE('',*,*,#3032,.T.);
#4751 = ORIENTED_EDGE('',*,*,#2976,.T.);
#4752 = ORIENTED_EDGE('',*,*,#3001,.T.);
#4753 = ORIENTED_EDGE('',*,*,#3049,.T.);
#4754 = ORIENTED_EDGE('',*,*,#3099,.T.);
#4755 = ORIENTED_EDGE('',*,*,#3147,.T.);
#4756 = ORIENTED_EDGE('',*,*,#3130,.T.);
#4757 = ORIENTED_EDGE('',*,*,#3081,.T.);
#4758 = FACE_BOUND('',#4759,.T.);
#4759 = EDGE_LOOP('',(#4760,#4761,#4762,#4763,#4764,#4765,#4766,#4767));
#4760 = ORIENTED_EDGE('',*,*,#3228,.T.);
#4761 = ORIENTED_EDGE('',*,*,#3172,.T.);
#4762 = ORIENTED_EDGE('',*,*,#3197,.T.);
#4763 = ORIENTED_EDGE('',*,*,#3245,.T.);
#4764 = ORIENTED_EDGE('',*,*,#3295,.T.);
#4765 = ORIENTED_EDGE('',*,*,#3343,.T.);
#4766 = ORIENTED_EDGE('',*,*,#3326,.T.);
#4767 = ORIENTED_EDGE('',*,*,#3277,.T.);
#4768 = FACE_BOUND('',#4769,.T.);
#4769 = EDGE_LOOP('',(#4770));
#4770 = ORIENTED_EDGE('',*,*,#2061,.F.);
#4771 = FACE_BOUND('',#4772,.T.);
#4772 = EDGE_LOOP('',(#4773,#4783,#4792));
#4773 = ORIENTED_EDGE('',*,*,#4774,.T.);
#4774 = EDGE_CURVE('',#4775,#4777,#4779,.T.);
#4775 = VERTEX_POINT('',#4776);
#4776 = CARTESIAN_POINT('',(10.7,1.8,55.611687604822));
#4777 = VERTEX_POINT('',#4778);
#4778 = CARTESIAN_POINT('',(10.7,1.8,58.928312395178));
#4779 = LINE('',#4780,#4781);
#4780 = CARTESIAN_POINT('',(10.7,1.8,42.51));
#4781 = VECTOR('',#4782,1.);
#4782 = DIRECTION('',(0.,0.,1.));
#4783 = ORIENTED_EDGE('',*,*,#4784,.F.);
#4784 = EDGE_CURVE('',#4785,#4777,#4787,.T.);
#4785 = VERTEX_POINT('',#4786);
#4786 = CARTESIAN_POINT('',(8.2,1.8,60.27));
#4787 = CIRCLE('',#4788,3.);
#4788 = AXIS2_PLACEMENT_3D('',#4789,#4790,#4791);
#4789 = CARTESIAN_POINT('',(8.2,1.8,57.27));
#4790 = DIRECTION('',(0.,1.,0.));
#4791 = DIRECTION('',(0.,0.,1.));
#4792 = ORIENTED_EDGE('',*,*,#4793,.F.);
#4793 = EDGE_CURVE('',#4775,#4785,#4794,.T.);
#4794 = CIRCLE('',#4795,3.);
#4795 = AXIS2_PLACEMENT_3D('',#4796,#4797,#4798);
#4796 = CARTESIAN_POINT('',(8.2,1.8,57.27));
#4797 = DIRECTION('',(0.,1.,0.));
#4798 = DIRECTION('',(0.,0.,1.));
#4799 = FACE_BOUND('',#4800,.T.);
#4800 = EDGE_LOOP('',(#4801,#4811,#4820));
#4801 = ORIENTED_EDGE('',*,*,#4802,.T.);
#4802 = EDGE_CURVE('',#4803,#4805,#4807,.T.);
#4803 = VERTEX_POINT('',#4804);
#4804 = CARTESIAN_POINT('',(10.7,1.8,6.571687604822));
#4805 = VERTEX_POINT('',#4806);
#4806 = CARTESIAN_POINT('',(10.7,1.8,9.888312395178));
#4807 = LINE('',#4808,#4809);
#4808 = CARTESIAN_POINT('',(10.7,1.8,17.99));
#4809 = VECTOR('',#4810,1.);
#4810 = DIRECTION('',(0.,0.,1.));
#4811 = ORIENTED_EDGE('',*,*,#4812,.F.);
#4812 = EDGE_CURVE('',#4813,#4805,#4815,.T.);
#4813 = VERTEX_POINT('',#4814);
#4814 = CARTESIAN_POINT('',(8.2,1.8,11.23));
#4815 = CIRCLE('',#4816,3.);
#4816 = AXIS2_PLACEMENT_3D('',#4817,#4818,#4819);
#4817 = CARTESIAN_POINT('',(8.2,1.8,8.23));
#4818 = DIRECTION('',(0.,1.,0.));
#4819 = DIRECTION('',(0.,0.,1.));
#4820 = ORIENTED_EDGE('',*,*,#4821,.F.);
#4821 = EDGE_CURVE('',#4803,#4813,#4822,.T.);
#4822 = CIRCLE('',#4823,3.);
#4823 = AXIS2_PLACEMENT_3D('',#4824,#4825,#4826);
#4824 = CARTESIAN_POINT('',(8.2,1.8,8.23));
#4825 = DIRECTION('',(0.,1.,0.));
#4826 = DIRECTION('',(0.,0.,1.));
#4827 = FACE_BOUND('',#4828,.T.);
#4828 = EDGE_LOOP('',(#4829,#4839,#4848));
#4829 = ORIENTED_EDGE('',*,*,#4830,.F.);
#4830 = EDGE_CURVE('',#4831,#4833,#4835,.T.);
#4831 = VERTEX_POINT('',#4832);
#4832 = CARTESIAN_POINT('',(89.,1.8,6.571687604822));
#4833 = VERTEX_POINT('',#4834);
#4834 = CARTESIAN_POINT('',(89.,1.8,9.888312395178));
#4835 = LINE('',#4836,#4837);
#4836 = CARTESIAN_POINT('',(89.,1.8,17.99));
#4837 = VECTOR('',#4838,1.);
#4838 = DIRECTION('',(0.,0.,1.));
#4839 = ORIENTED_EDGE('',*,*,#4840,.F.);
#4840 = EDGE_CURVE('',#4841,#4831,#4843,.T.);
#4841 = VERTEX_POINT('',#4842);
#4842 = CARTESIAN_POINT('',(91.5,1.8,11.23));
#4843 = CIRCLE('',#4844,3.);
#4844 = AXIS2_PLACEMENT_3D('',#4845,#4846,#4847);
#4845 = CARTESIAN_POINT('',(91.5,1.8,8.23));
#4846 = DIRECTION('',(0.,1.,0.));
#4847 = DIRECTION('',(0.,0.,1.));
#4848 = ORIENTED_EDGE('',*,*,#4849,.F.);
#4849 = EDGE_CURVE('',#4833,#4841,#4850,.T.);
#4850 = CIRCLE('',#4851,3.);
#4851 = AXIS2_PLACEMENT_3D('',#4852,#4853,#4854);
#4852 = CARTESIAN_POINT('',(91.5,1.8,8.23));
#4853 = DIRECTION('',(0.,1.,0.));
#4854 = DIRECTION('',(0.,0.,1.));
#4855 = FACE_BOUND('',#4856,.T.);
#4856 = EDGE_LOOP('',(#4857));
#4857 = ORIENTED_EDGE('',*,*,#4488,.F.);
#4858 = FACE_BOUND('',#4859,.T.);
#4859 = EDGE_LOOP('',(#4860));
#4860 = ORIENTED_EDGE('',*,*,#4861,.F.);
#4861 = EDGE_CURVE('',#4862,#4862,#4864,.T.);
#4862 = VERTEX_POINT('',#4863);
#4863 = CARTESIAN_POINT('',(101.,1.8,24.9));
#4864 = CIRCLE('',#4865,0.8);
#4865 = AXIS2_PLACEMENT_3D('',#4866,#4867,#4868);
#4866 = CARTESIAN_POINT('',(101.,1.8,24.1));
#4867 = DIRECTION('',(0.,1.,0.));
#4868 = DIRECTION('',(0.,0.,1.));
#4869 = FACE_BOUND('',#4870,.T.);
#4870 = EDGE_LOOP('',(#4871));
#4871 = ORIENTED_EDGE('',*,*,#4872,.F.);
#4872 = EDGE_CURVE('',#4873,#4873,#4875,.T.);
#4873 = VERTEX_POINT('',#4874);
#4874 = CARTESIAN_POINT('',(110.3,1.8,24.9));
#4875 = CIRCLE('',#4876,0.8);
#4876 = AXIS2_PLACEMENT_3D('',#4877,#4878,#4879);
#4877 = CARTESIAN_POINT('',(110.3,1.8,24.1));
#4878 = DIRECTION('',(0.,1.,0.));
#4879 = DIRECTION('',(0.,0.,1.));
#4880 = PLANE('',#4881);
#4881 = AXIS2_PLACEMENT_3D('',#4882,#4883,#4884);
#4882 = CARTESIAN_POINT('',(63.933564902819,1.8,32.236347843497));
#4883 = DIRECTION('',(0.,1.,0.));
#4884 = DIRECTION('',(0.,0.,1.));
#4885 = ADVANCED_FACE('',(#4886),#4911,.F.);
#4886 = FACE_BOUND('',#4887,.F.);
#4887 = EDGE_LOOP('',(#4888,#4896,#4897,#4905));
#4888 = ORIENTED_EDGE('',*,*,#4889,.F.);
#4889 = EDGE_CURVE('',#4712,#4890,#4892,.T.);
#4890 = VERTEX_POINT('',#4891);
#4891 = CARTESIAN_POINT('',(95.35,7.3,21.));
#4892 = LINE('',#4893,#4894);
#4893 = CARTESIAN_POINT('',(95.35,1.8,21.));
#4894 = VECTOR('',#4895,1.);
#4895 = DIRECTION('',(0.,1.,0.));
#4896 = ORIENTED_EDGE('',*,*,#4719,.T.);
#4897 = ORIENTED_EDGE('',*,*,#4898,.T.);
#4898 = EDGE_CURVE('',#4720,#4899,#4901,.T.);
#4899 = VERTEX_POINT('',#4900);
#4900 = CARTESIAN_POINT('',(96.55,7.3,21.));
#4901 = LINE('',#4902,#4903);
#4902 = CARTESIAN_POINT('',(96.55,1.8,21.));
#4903 = VECTOR('',#4904,1.);
#4904 = DIRECTION('',(0.,1.,0.));
#4905 = ORIENTED_EDGE('',*,*,#4906,.F.);
#4906 = EDGE_CURVE('',#4890,#4899,#4907,.T.);
#4907 = LINE('',#4908,#4909);
#4908 = CARTESIAN_POINT('',(95.35,7.3,21.));
#4909 = VECTOR('',#4910,1.);
#4910 = DIRECTION('',(1.,0.,0.));
#4911 = PLANE('',#4912);
#4912 = AXIS2_PLACEMENT_3D('',#4913,#4914,#4915);
#4913 = CARTESIAN_POINT('',(95.35,1.8,21.));
#4914 = DIRECTION('',(0.,0.,1.));
#4915 = DIRECTION('',(1.,0.,0.));
#4916 = ADVANCED_FACE('',(#4917),#4935,.T.);
#4917 = FACE_BOUND('',#4918,.T.);
#4918 = EDGE_LOOP('',(#4919,#4920,#4921,#4929));
#4919 = ORIENTED_EDGE('',*,*,#4727,.F.);
#4920 = ORIENTED_EDGE('',*,*,#4898,.T.);
#4921 = ORIENTED_EDGE('',*,*,#4922,.T.);
#4922 = EDGE_CURVE('',#4899,#4923,#4925,.T.);
#4923 = VERTEX_POINT('',#4924);
#4924 = CARTESIAN_POINT('',(96.55,7.3,25.25));
#4925 = LINE('',#4926,#4927);
#4926 = CARTESIAN_POINT('',(96.55,7.3,21.));
#4927 = VECTOR('',#4928,1.);
#4928 = DIRECTION('',(0.,0.,1.));
#4929 = ORIENTED_EDGE('',*,*,#4930,.T.);
#4930 = EDGE_CURVE('',#4923,#4728,#4931,.T.);
#4931 = LINE('',#4932,#4933);
#4932 = CARTESIAN_POINT('',(96.55,1.8,25.25));
#4933 = VECTOR('',#4934,1.);
#4934 = DIRECTION('',(0.,-1.,0.));
#4935 = PLANE('',#4936);
#4936 = AXIS2_PLACEMENT_3D('',#4937,#4938,#4939);
#4937 = CARTESIAN_POINT('',(96.55,1.8,21.));
#4938 = DIRECTION('',(1.,0.,0.));
#4939 = DIRECTION('',(0.,0.,1.));
#4940 = ADVANCED_FACE('',(#4941),#4966,.T.);
#4941 = FACE_BOUND('',#4942,.T.);
#4942 = EDGE_LOOP('',(#4943,#4951,#4952,#4960));
#4943 = ORIENTED_EDGE('',*,*,#4944,.F.);
#4944 = EDGE_CURVE('',#4777,#4945,#4947,.T.);
#4945 = VERTEX_POINT('',#4946);
#4946 = CARTESIAN_POINT('',(10.7,4.8,58.928312395178));
#4947 = LINE('',#4948,#4949);
#4948 = CARTESIAN_POINT('',(10.7,1.79,58.928312395178));
#4949 = VECTOR('',#4950,1.);
#4950 = DIRECTION('',(0.,1.,0.));
#4951 = ORIENTED_EDGE('',*,*,#4774,.F.);
#4952 = ORIENTED_EDGE('',*,*,#4953,.T.);
#4953 = EDGE_CURVE('',#4775,#4954,#4956,.T.);
#4954 = VERTEX_POINT('',#4955);
#4955 = CARTESIAN_POINT('',(10.7,4.8,55.611687604822));
#4956 = LINE('',#4957,#4958);
#4957 = CARTESIAN_POINT('',(10.7,1.79,55.611687604822));
#4958 = VECTOR('',#4959,1.);
#4959 = DIRECTION('',(0.,1.,0.));
#4960 = ORIENTED_EDGE('',*,*,#4961,.F.);
#4961 = EDGE_CURVE('',#4945,#4954,#4962,.T.);
#4962 = LINE('',#4963,#4964);
#4963 = CARTESIAN_POINT('',(10.7,4.8,54.77));
#4964 = VECTOR('',#4965,1.);
#4965 = DIRECTION('',(0.,0.,-1.));
#4966 = PLANE('',#4967);
#4967 = AXIS2_PLACEMENT_3D('',#4968,#4969,#4970);
#4968 = CARTESIAN_POINT('',(10.7,0.,52.27));
#4969 = DIRECTION('',(1.,0.,0.));
#4970 = DIRECTION('',(0.,0.,1.));
#4971 = ADVANCED_FACE('',(#4972,#4991),#5002,.T.);
#4972 = FACE_BOUND('',#4973,.T.);
#4973 = EDGE_LOOP('',(#4974,#4983,#4990));
#4974 = ORIENTED_EDGE('',*,*,#4975,.T.);
#4975 = EDGE_CURVE('',#4954,#4976,#4978,.T.);
#4976 = VERTEX_POINT('',#4977);
#4977 = CARTESIAN_POINT('',(8.2,4.8,60.27));
#4978 = CIRCLE('',#4979,3.);
#4979 = AXIS2_PLACEMENT_3D('',#4980,#4981,#4982);
#4980 = CARTESIAN_POINT('',(8.2,4.8,57.27));
#4981 = DIRECTION('',(0.,1.,0.));
#4982 = DIRECTION('',(0.,0.,1.));
#4983 = ORIENTED_EDGE('',*,*,#4984,.T.);
#4984 = EDGE_CURVE('',#4976,#4945,#4985,.T.);
#4985 = CIRCLE('',#4986,3.);
#4986 = AXIS2_PLACEMENT_3D('',#4987,#4988,#4989);
#4987 = CARTESIAN_POINT('',(8.2,4.8,57.27));
#4988 = DIRECTION('',(0.,1.,0.));
#4989 = DIRECTION('',(0.,0.,1.));
#4990 = ORIENTED_EDGE('',*,*,#4961,.T.);
#4991 = FACE_BOUND('',#4992,.T.);
#4992 = EDGE_LOOP('',(#4993));
#4993 = ORIENTED_EDGE('',*,*,#4994,.F.);
#4994 = EDGE_CURVE('',#4995,#4995,#4997,.T.);
#4995 = VERTEX_POINT('',#4996);
#4996 = CARTESIAN_POINT('',(8.2,4.8,58.87));
#4997 = CIRCLE('',#4998,1.6);
#4998 = AXIS2_PLACEMENT_3D('',#4999,#5000,#5001);
#4999 = CARTESIAN_POINT('',(8.2,4.8,57.27));
#5000 = DIRECTION('',(0.,1.,0.));
#5001 = DIRECTION('',(0.,0.,1.));
#5002 = PLANE('',#5003);
#5003 = AXIS2_PLACEMENT_3D('',#5004,#5005,#5006);
#5004 = CARTESIAN_POINT('',(8.2,4.8,57.27));
#5005 = DIRECTION('',(0.,1.,0.));
#5006 = DIRECTION('',(0.,0.,1.));
#5007 = ADVANCED_FACE('',(#5008),#5027,.F.);
#5008 = FACE_BOUND('',#5009,.F.);
#5009 = EDGE_LOOP('',(#5010,#5011,#5019,#5026));
#5010 = ORIENTED_EDGE('',*,*,#4994,.F.);
#5011 = ORIENTED_EDGE('',*,*,#5012,.F.);
#5012 = EDGE_CURVE('',#5013,#4995,#5015,.T.);
#5013 = VERTEX_POINT('',#5014);
#5014 = CARTESIAN_POINT('',(8.2,1.5,58.87));
#5015 = LINE('',#5016,#5017);
#5016 = CARTESIAN_POINT('',(8.2,1.5,58.87));
#5017 = VECTOR('',#5018,1.);
#5018 = DIRECTION('',(0.,1.,0.));
#5019 = ORIENTED_EDGE('',*,*,#5020,.T.);
#5020 = EDGE_CURVE('',#5013,#5013,#5021,.T.);
#5021 = CIRCLE('',#5022,1.6);
#5022 = AXIS2_PLACEMENT_3D('',#5023,#5024,#5025);
#5023 = CARTESIAN_POINT('',(8.2,1.5,57.27));
#5024 = DIRECTION('',(0.,1.,0.));
#5025 = DIRECTION('',(0.,0.,1.));
#5026 = ORIENTED_EDGE('',*,*,#5012,.T.);
#5027 = CYLINDRICAL_SURFACE('',#5028,1.6);
#5028 = AXIS2_PLACEMENT_3D('',#5029,#5030,#5031);
#5029 = CARTESIAN_POINT('',(8.2,1.5,57.27));
#5030 = DIRECTION('',(0.,1.,0.));
#5031 = DIRECTION('',(0.,0.,1.));
#5032 = ADVANCED_FACE('',(#5033),#5036,.T.);
#5033 = FACE_BOUND('',#5034,.F.);
#5034 = EDGE_LOOP('',(#5035));
#5035 = ORIENTED_EDGE('',*,*,#5020,.F.);
#5036 = PLANE('',#5037);
#5037 = AXIS2_PLACEMENT_3D('',#5038,#5039,#5040);
#5038 = CARTESIAN_POINT('',(8.2,1.5,57.27));
#5039 = DIRECTION('',(0.,1.,0.));
#5040 = DIRECTION('',(0.,0.,1.));
#5041 = ADVANCED_FACE('',(#5042),#5067,.T.);
#5042 = FACE_BOUND('',#5043,.T.);
#5043 = EDGE_LOOP('',(#5044,#5052,#5053,#5061));
#5044 = ORIENTED_EDGE('',*,*,#5045,.F.);
#5045 = EDGE_CURVE('',#4805,#5046,#5048,.T.);
#5046 = VERTEX_POINT('',#5047);
#5047 = CARTESIAN_POINT('',(10.7,4.8,9.888312395178));
#5048 = LINE('',#5049,#5050);
#5049 = CARTESIAN_POINT('',(10.7,1.79,9.888312395178));
#5050 = VECTOR('',#5051,1.);
#5051 = DIRECTION('',(0.,1.,0.));
#5052 = ORIENTED_EDGE('',*,*,#4802,.F.);
#5053 = ORIENTED_EDGE('',*,*,#5054,.T.);
#5054 = EDGE_CURVE('',#4803,#5055,#5057,.T.);
#5055 = VERTEX_POINT('',#5056);
#5056 = CARTESIAN_POINT('',(10.7,4.8,6.571687604822));
#5057 = LINE('',#5058,#5059);
#5058 = CARTESIAN_POINT('',(10.7,1.79,6.571687604822));
#5059 = VECTOR('',#5060,1.);
#5060 = DIRECTION('',(0.,1.,0.));
#5061 = ORIENTED_EDGE('',*,*,#5062,.F.);
#5062 = EDGE_CURVE('',#5046,#5055,#5063,.T.);
#5063 = LINE('',#5064,#5065);
#5064 = CARTESIAN_POINT('',(10.7,4.8,5.73));
#5065 = VECTOR('',#5066,1.);
#5066 = DIRECTION('',(0.,0.,-1.));
#5067 = PLANE('',#5068);
#5068 = AXIS2_PLACEMENT_3D('',#5069,#5070,#5071);
#5069 = CARTESIAN_POINT('',(10.7,0.,3.23));
#5070 = DIRECTION('',(1.,0.,0.));
#5071 = DIRECTION('',(0.,0.,1.));
#5072 = ADVANCED_FACE('',(#5073,#5092),#5103,.T.);
#5073 = FACE_BOUND('',#5074,.T.);
#5074 = EDGE_LOOP('',(#5075,#5084,#5091));
#5075 = ORIENTED_EDGE('',*,*,#5076,.T.);
#5076 = EDGE_CURVE('',#5055,#5077,#5079,.T.);
#5077 = VERTEX_POINT('',#5078);
#5078 = CARTESIAN_POINT('',(8.2,4.8,11.23));
#5079 = CIRCLE('',#5080,3.);
#5080 = AXIS2_PLACEMENT_3D('',#5081,#5082,#5083);
#5081 = CARTESIAN_POINT('',(8.2,4.8,8.23));
#5082 = DIRECTION('',(0.,1.,0.));
#5083 = DIRECTION('',(0.,0.,1.));
#5084 = ORIENTED_EDGE('',*,*,#5085,.T.);
#5085 = EDGE_CURVE('',#5077,#5046,#5086,.T.);
#5086 = CIRCLE('',#5087,3.);
#5087 = AXIS2_PLACEMENT_3D('',#5088,#5089,#5090);
#5088 = CARTESIAN_POINT('',(8.2,4.8,8.23));
#5089 = DIRECTION('',(0.,1.,0.));
#5090 = DIRECTION('',(0.,0.,1.));
#5091 = ORIENTED_EDGE('',*,*,#5062,.T.);
#5092 = FACE_BOUND('',#5093,.T.);
#5093 = EDGE_LOOP('',(#5094));
#5094 = ORIENTED_EDGE('',*,*,#5095,.F.);
#5095 = EDGE_CURVE('',#5096,#5096,#5098,.T.);
#5096 = VERTEX_POINT('',#5097);
#5097 = CARTESIAN_POINT('',(8.2,4.8,9.83));
#5098 = CIRCLE('',#5099,1.6);
#5099 = AXIS2_PLACEMENT_3D('',#5100,#5101,#5102);
#5100 = CARTESIAN_POINT('',(8.2,4.8,8.23));
#5101 = DIRECTION('',(0.,1.,0.));
#5102 = DIRECTION('',(0.,0.,1.));
#5103 = PLANE('',#5104);
#5104 = AXIS2_PLACEMENT_3D('',#5105,#5106,#5107);
#5105 = CARTESIAN_POINT('',(8.2,4.8,8.23));
#5106 = DIRECTION('',(0.,1.,0.));
#5107 = DIRECTION('',(0.,0.,1.));
#5108 = ADVANCED_FACE('',(#5109),#5128,.F.);
#5109 = FACE_BOUND('',#5110,.F.);
#5110 = EDGE_LOOP('',(#5111,#5112,#5120,#5127));
#5111 = ORIENTED_EDGE('',*,*,#5095,.F.);
#5112 = ORIENTED_EDGE('',*,*,#5113,.F.);
#5113 = EDGE_CURVE('',#5114,#5096,#5116,.T.);
#5114 = VERTEX_POINT('',#5115);
#5115 = CARTESIAN_POINT('',(8.2,1.5,9.83));
#5116 = LINE('',#5117,#5118);
#5117 = CARTESIAN_POINT('',(8.2,1.5,9.83));
#5118 = VECTOR('',#5119,1.);
#5119 = DIRECTION('',(0.,1.,0.));
#5120 = ORIENTED_EDGE('',*,*,#5121,.T.);
#5121 = EDGE_CURVE('',#5114,#5114,#5122,.T.);
#5122 = CIRCLE('',#5123,1.6);
#5123 = AXIS2_PLACEMENT_3D('',#5124,#5125,#5126);
#5124 = CARTESIAN_POINT('',(8.2,1.5,8.23));
#5125 = DIRECTION('',(0.,1.,0.));
#5126 = DIRECTION('',(0.,0.,1.));
#5127 = ORIENTED_EDGE('',*,*,#5113,.T.);
#5128 = CYLINDRICAL_SURFACE('',#5129,1.6);
#5129 = AXIS2_PLACEMENT_3D('',#5130,#5131,#5132);
#5130 = CARTESIAN_POINT('',(8.2,1.5,8.23));
#5131 = DIRECTION('',(0.,1.,0.));
#5132 = DIRECTION('',(0.,0.,1.));
#5133 = ADVANCED_FACE('',(#5134),#5137,.T.);
#5134 = FACE_BOUND('',#5135,.F.);
#5135 = EDGE_LOOP('',(#5136));
#5136 = ORIENTED_EDGE('',*,*,#5121,.F.);
#5137 = PLANE('',#5138);
#5138 = AXIS2_PLACEMENT_3D('',#5139,#5140,#5141);
#5139 = CARTESIAN_POINT('',(8.2,1.5,8.23));
#5140 = DIRECTION('',(0.,1.,0.));
#5141 = DIRECTION('',(0.,0.,1.));
#5142 = ADVANCED_FACE('',(#5143),#5168,.F.);
#5143 = FACE_BOUND('',#5144,.F.);
#5144 = EDGE_LOOP('',(#5145,#5153,#5154,#5162));
#5145 = ORIENTED_EDGE('',*,*,#5146,.F.);
#5146 = EDGE_CURVE('',#4833,#5147,#5149,.T.);
#5147 = VERTEX_POINT('',#5148);
#5148 = CARTESIAN_POINT('',(89.,4.8,9.888312395178));
#5149 = LINE('',#5150,#5151);
#5150 = CARTESIAN_POINT('',(89.,1.79,9.888312395178));
#5151 = VECTOR('',#5152,1.);
#5152 = DIRECTION('',(0.,1.,0.));
#5153 = ORIENTED_EDGE('',*,*,#4830,.F.);
#5154 = ORIENTED_EDGE('',*,*,#5155,.T.);
#5155 = EDGE_CURVE('',#4831,#5156,#5158,.T.);
#5156 = VERTEX_POINT('',#5157);
#5157 = CARTESIAN_POINT('',(89.,4.8,6.571687604822));
#5158 = LINE('',#5159,#5160);
#5159 = CARTESIAN_POINT('',(89.,1.79,6.571687604822));
#5160 = VECTOR('',#5161,1.);
#5161 = DIRECTION('',(0.,1.,0.));
#5162 = ORIENTED_EDGE('',*,*,#5163,.F.);
#5163 = EDGE_CURVE('',#5147,#5156,#5164,.T.);
#5164 = LINE('',#5165,#5166);
#5165 = CARTESIAN_POINT('',(89.,4.8,5.73));
#5166 = VECTOR('',#5167,1.);
#5167 = DIRECTION('',(0.,0.,-1.));
#5168 = PLANE('',#5169);
#5169 = AXIS2_PLACEMENT_3D('',#5170,#5171,#5172);
#5170 = CARTESIAN_POINT('',(89.,0.,3.23));
#5171 = DIRECTION('',(1.,0.,0.));
#5172 = DIRECTION('',(0.,0.,1.));
#5173 = ADVANCED_FACE('',(#5174,#5193),#5204,.T.);
#5174 = FACE_BOUND('',#5175,.T.);
#5175 = EDGE_LOOP('',(#5176,#5185,#5192));
#5176 = ORIENTED_EDGE('',*,*,#5177,.T.);
#5177 = EDGE_CURVE('',#5147,#5178,#5180,.T.);
#5178 = VERTEX_POINT('',#5179);
#5179 = CARTESIAN_POINT('',(91.5,4.8,11.23));
#5180 = CIRCLE('',#5181,3.);
#5181 = AXIS2_PLACEMENT_3D('',#5182,#5183,#5184);
#5182 = CARTESIAN_POINT('',(91.5,4.8,8.23));
#5183 = DIRECTION('',(0.,1.,0.));
#5184 = DIRECTION('',(0.,0.,1.));
#5185 = ORIENTED_EDGE('',*,*,#5186,.T.);
#5186 = EDGE_CURVE('',#5178,#5156,#5187,.T.);
#5187 = CIRCLE('',#5188,3.);
#5188 = AXIS2_PLACEMENT_3D('',#5189,#5190,#5191);
#5189 = CARTESIAN_POINT('',(91.5,4.8,8.23));
#5190 = DIRECTION('',(0.,1.,0.));
#5191 = DIRECTION('',(0.,0.,1.));
#5192 = ORIENTED_EDGE('',*,*,#5163,.F.);
#5193 = FACE_BOUND('',#5194,.T.);
#5194 = EDGE_LOOP('',(#5195));
#5195 = ORIENTED_EDGE('',*,*,#5196,.F.);
#5196 = EDGE_CURVE('',#5197,#5197,#5199,.T.);
#5197 = VERTEX_POINT('',#5198);
#5198 = CARTESIAN_POINT('',(91.5,4.8,9.83));
#5199 = CIRCLE('',#5200,1.6);
#5200 = AXIS2_PLACEMENT_3D('',#5201,#5202,#5203);
#5201 = CARTESIAN_POINT('',(91.5,4.8,8.23));
#5202 = DIRECTION('',(0.,1.,0.));
#5203 = DIRECTION('',(0.,0.,1.));
#5204 = PLANE('',#5205);
#5205 = AXIS2_PLACEMENT_3D('',#5206,#5207,#5208);
#5206 = CARTESIAN_POINT('',(91.5,4.8,8.23));
#5207 = DIRECTION('',(0.,1.,0.));
#5208 = DIRECTION('',(0.,0.,1.));
#5209 = ADVANCED_FACE('',(#5210),#5229,.F.);
#5210 = FACE_BOUND('',#5211,.F.);
#5211 = EDGE_LOOP('',(#5212,#5213,#5221,#5228));
#5212 = ORIENTED_EDGE('',*,*,#5196,.F.);
#5213 = ORIENTED_EDGE('',*,*,#5214,.F.);
#5214 = EDGE_CURVE('',#5215,#5197,#5217,.T.);
#5215 = VERTEX_POINT('',#5216);
#5216 = CARTESIAN_POINT('',(91.5,1.5,9.83));
#5217 = LINE('',#5218,#5219);
#5218 = CARTESIAN_POINT('',(91.5,1.5,9.83));
#5219 = VECTOR('',#5220,1.);
#5220 = DIRECTION('',(0.,1.,0.));
#5221 = ORIENTED_EDGE('',*,*,#5222,.T.);
#5222 = EDGE_CURVE('',#5215,#5215,#5223,.T.);
#5223 = CIRCLE('',#5224,1.6);
#5224 = AXIS2_PLACEMENT_3D('',#5225,#5226,#5227);
#5225 = CARTESIAN_POINT('',(91.5,1.5,8.23));
#5226 = DIRECTION('',(0.,1.,0.));
#5227 = DIRECTION('',(0.,0.,1.));
#5228 = ORIENTED_EDGE('',*,*,#5214,.T.);
#5229 = CYLINDRICAL_SURFACE('',#5230,1.6);
#5230 = AXIS2_PLACEMENT_3D('',#5231,#5232,#5233);
#5231 = CARTESIAN_POINT('',(91.5,1.5,8.23));
#5232 = DIRECTION('',(0.,1.,0.));
#5233 = DIRECTION('',(0.,0.,1.));
#5234 = ADVANCED_FACE('',(#5235),#5238,.T.);
#5235 = FACE_BOUND('',#5236,.F.);
#5236 = EDGE_LOOP('',(#5237));
#5237 = ORIENTED_EDGE('',*,*,#5222,.F.);
#5238 = PLANE('',#5239);
#5239 = AXIS2_PLACEMENT_3D('',#5240,#5241,#5242);
#5240 = CARTESIAN_POINT('',(91.5,1.5,8.23));
#5241 = DIRECTION('',(0.,1.,0.));
#5242 = DIRECTION('',(0.,0.,1.));
#5243 = ADVANCED_FACE('',(#5244),#5263,.T.);
#5244 = FACE_BOUND('',#5245,.T.);
#5245 = EDGE_LOOP('',(#5246,#5255,#5261,#5262));
#5246 = ORIENTED_EDGE('',*,*,#5247,.F.);
#5247 = EDGE_CURVE('',#5248,#5248,#5250,.T.);
#5248 = VERTEX_POINT('',#5249);
#5249 = CARTESIAN_POINT('',(101.,5.8,24.9));
#5250 = CIRCLE('',#5251,0.8);
#5251 = AXIS2_PLACEMENT_3D('',#5252,#5253,#5254);
#5252 = CARTESIAN_POINT('',(101.,5.8,24.1));
#5253 = DIRECTION('',(0.,1.,0.));
#5254 = DIRECTION('',(0.,0.,1.));
#5255 = ORIENTED_EDGE('',*,*,#5256,.F.);
#5256 = EDGE_CURVE('',#4862,#5248,#5257,.T.);
#5257 = LINE('',#5258,#5259);
#5258 = CARTESIAN_POINT('',(101.,1.8,24.9));
#5259 = VECTOR('',#5260,1.);
#5260 = DIRECTION('',(0.,1.,0.));
#5261 = ORIENTED_EDGE('',*,*,#4861,.T.);
#5262 = ORIENTED_EDGE('',*,*,#5256,.T.);
#5263 = CYLINDRICAL_SURFACE('',#5264,0.8);
#5264 = AXIS2_PLACEMENT_3D('',#5265,#5266,#5267);
#5265 = CARTESIAN_POINT('',(101.,1.8,24.1));
#5266 = DIRECTION('',(0.,1.,0.));
#5267 = DIRECTION('',(0.,0.,1.));
#5268 = ADVANCED_FACE('',(#5269),#5272,.T.);
#5269 = FACE_BOUND('',#5270,.T.);
#5270 = EDGE_LOOP('',(#5271));
#5271 = ORIENTED_EDGE('',*,*,#5247,.T.);
#5272 = PLANE('',#5273);
#5273 = AXIS2_PLACEMENT_3D('',#5274,#5275,#5276);
#5274 = CARTESIAN_POINT('',(101.,5.8,24.1));
#5275 = DIRECTION('',(0.,1.,0.));
#5276 = DIRECTION('',(0.,0.,1.));
#5277 = ADVANCED_FACE('',(#5278),#5297,.T.);
#5278 = FACE_BOUND('',#5279,.T.);
#5279 = EDGE_LOOP('',(#5280,#5289,#5295,#5296));
#5280 = ORIENTED_EDGE('',*,*,#5281,.F.);
#5281 = EDGE_CURVE('',#5282,#5282,#5284,.T.);
#5282 = VERTEX_POINT('',#5283);
#5283 = CARTESIAN_POINT('',(110.3,5.8,24.9));
#5284 = CIRCLE('',#5285,0.8);
#5285 = AXIS2_PLACEMENT_3D('',#5286,#5287,#5288);
#5286 = CARTESIAN_POINT('',(110.3,5.8,24.1));
#5287 = DIRECTION('',(0.,1.,0.));
#5288 = DIRECTION('',(0.,0.,1.));
#5289 = ORIENTED_EDGE('',*,*,#5290,.F.);
#5290 = EDGE_CURVE('',#4873,#5282,#5291,.T.);
#5291 = LINE('',#5292,#5293);
#5292 = CARTESIAN_POINT('',(110.3,1.8,24.9));
#5293 = VECTOR('',#5294,1.);
#5294 = DIRECTION('',(0.,1.,0.));
#5295 = ORIENTED_EDGE('',*,*,#4872,.T.);
#5296 = ORIENTED_EDGE('',*,*,#5290,.T.);
#5297 = CYLINDRICAL_SURFACE('',#5298,0.8);
#5298 = AXIS2_PLACEMENT_3D('',#5299,#5300,#5301);
#5299 = CARTESIAN_POINT('',(110.3,1.8,24.1));
#5300 = DIRECTION('',(0.,1.,0.));
#5301 = DIRECTION('',(0.,0.,1.));
#5302 = ADVANCED_FACE('',(#5303),#5306,.T.);
#5303 = FACE_BOUND('',#5304,.T.);
#5304 = EDGE_LOOP('',(#5305));
#5305 = ORIENTED_EDGE('',*,*,#5281,.T.);
#5306 = PLANE('',#5307);
#5307 = AXIS2_PLACEMENT_3D('',#5308,#5309,#5310);
#5308 = CARTESIAN_POINT('',(110.3,5.8,24.1));
#5309 = DIRECTION('',(0.,1.,0.));
#5310 = DIRECTION('',(0.,0.,1.));
#5311 = ADVANCED_FACE('',(#5312),#5318,.T.);
#5312 = FACE_BOUND('',#5313,.T.);
#5313 = EDGE_LOOP('',(#5314,#5315,#5316,#5317));
#5314 = ORIENTED_EDGE('',*,*,#4695,.T.);
#5315 = ORIENTED_EDGE('',*,*,#2439,.F.);
#5316 = ORIENTED_EDGE('',*,*,#3528,.F.);
#5317 = ORIENTED_EDGE('',*,*,#3907,.F.);
#5318 = PLANE('',#5319);
#5319 = AXIS2_PLACEMENT_3D('',#5320,#5321,#5322);
#5320 = CARTESIAN_POINT('',(112.55,2.3,64.213118075895));
#5321 = DIRECTION('',(-1.,-0.,-0.));
#5322 = DIRECTION('',(0.,0.,-1.));
#5323 = ADVANCED_FACE('',(#5324),#5330,.T.);
#5324 = FACE_BOUND('',#5325,.T.);
#5325 = EDGE_LOOP('',(#5326,#5327,#5328,#5329));
#5326 = ORIENTED_EDGE('',*,*,#4687,.F.);
#5327 = ORIENTED_EDGE('',*,*,#3900,.T.);
#5328 = ORIENTED_EDGE('',*,*,#3544,.T.);
#5329 = ORIENTED_EDGE('',*,*,#2672,.F.);
#5330 = PLANE('',#5331);
#5331 = AXIS2_PLACEMENT_3D('',#5332,#5333,#5334);
#5332 = CARTESIAN_POINT('',(89.15,2.3,64.3));
#5333 = DIRECTION('',(1.,0.,0.));
#5334 = DIRECTION('',(0.,0.,1.));
#5335 = ADVANCED_FACE('',(#5336),#5354,.F.);
#5336 = FACE_BOUND('',#5337,.T.);
#5337 = EDGE_LOOP('',(#5338,#5339,#5347,#5353));
#5338 = ORIENTED_EDGE('',*,*,#4711,.T.);
#5339 = ORIENTED_EDGE('',*,*,#5340,.T.);
#5340 = EDGE_CURVE('',#4704,#5341,#5343,.T.);
#5341 = VERTEX_POINT('',#5342);
#5342 = CARTESIAN_POINT('',(95.35,7.3,27.45));
#5343 = LINE('',#5344,#5345);
#5344 = CARTESIAN_POINT('',(95.35,1.8,27.45));
#5345 = VECTOR('',#5346,1.);
#5346 = DIRECTION('',(0.,1.,0.));
#5347 = ORIENTED_EDGE('',*,*,#5348,.F.);
#5348 = EDGE_CURVE('',#4890,#5341,#5349,.T.);
#5349 = LINE('',#5350,#5351);
#5350 = CARTESIAN_POINT('',(95.35,7.3,21.));
#5351 = VECTOR('',#5352,1.);
#5352 = DIRECTION('',(0.,0.,1.));
#5353 = ORIENTED_EDGE('',*,*,#4889,.F.);
#5354 = PLANE('',#5355);
#5355 = AXIS2_PLACEMENT_3D('',#5356,#5357,#5358);
#5356 = CARTESIAN_POINT('',(95.35,1.8,21.));
#5357 = DIRECTION('',(1.,0.,0.));
#5358 = DIRECTION('',(0.,0.,1.));
#5359 = ADVANCED_FACE('',(#5360),#5403,.T.);
#5360 = FACE_BOUND('',#5361,.T.);
#5361 = EDGE_LOOP('',(#5362,#5363,#5371,#5379,#5387,#5395,#5401,#5402));
#5362 = ORIENTED_EDGE('',*,*,#4930,.F.);
#5363 = ORIENTED_EDGE('',*,*,#5364,.T.);
#5364 = EDGE_CURVE('',#4923,#5365,#5367,.T.);
#5365 = VERTEX_POINT('',#5366);
#5366 = CARTESIAN_POINT('',(100.7,7.3,25.25));
#5367 = LINE('',#5368,#5369);
#5368 = CARTESIAN_POINT('',(95.35,7.3,25.25));
#5369 = VECTOR('',#5370,1.);
#5370 = DIRECTION('',(1.,0.,0.));
#5371 = ORIENTED_EDGE('',*,*,#5372,.T.);
#5372 = EDGE_CURVE('',#5365,#5373,#5375,.T.);
#5373 = VERTEX_POINT('',#5374);
#5374 = CARTESIAN_POINT('',(100.7,7.7,25.25));
#5375 = LINE('',#5376,#5377);
#5376 = CARTESIAN_POINT('',(100.7,1.8,25.25));
#5377 = VECTOR('',#5378,1.);
#5378 = DIRECTION('',(0.,1.,0.));
#5379 = ORIENTED_EDGE('',*,*,#5380,.T.);
#5380 = EDGE_CURVE('',#5373,#5381,#5383,.T.);
#5381 = VERTEX_POINT('',#5382);
#5382 = CARTESIAN_POINT('',(110.6,7.7,25.25));
#5383 = LINE('',#5384,#5385);
#5384 = CARTESIAN_POINT('',(100.7,7.7,25.25));
#5385 = VECTOR('',#5386,1.);
#5386 = DIRECTION('',(1.,0.,0.));
#5387 = ORIENTED_EDGE('',*,*,#5388,.F.);
#5388 = EDGE_CURVE('',#5389,#5381,#5391,.T.);
#5389 = VERTEX_POINT('',#5390);
#5390 = CARTESIAN_POINT('',(110.6,7.3,25.25));
#5391 = LINE('',#5392,#5393);
#5392 = CARTESIAN_POINT('',(110.6,1.8,25.25));
#5393 = VECTOR('',#5394,1.);
#5394 = DIRECTION('',(0.,1.,0.));
#5395 = ORIENTED_EDGE('',*,*,#5396,.T.);
#5396 = EDGE_CURVE('',#5389,#40,#5397,.T.);
#5397 = LINE('',#5398,#5399);
#5398 = CARTESIAN_POINT('',(95.35,7.3,25.25));
#5399 = VECTOR('',#5400,1.);
#5400 = DIRECTION('',(1.,0.,0.));
#5401 = ORIENTED_EDGE('',*,*,#47,.T.);
#5402 = ORIENTED_EDGE('',*,*,#4735,.F.);
#5403 = PLANE('',#5404);
#5404 = AXIS2_PLACEMENT_3D('',#5405,#5406,#5407);
#5405 = CARTESIAN_POINT('',(105.65,4.68112033195,25.25));
#5406 = DIRECTION('',(-0.,-0.,-1.));
#5407 = DIRECTION('',(-1.,0.,0.));
#5408 = ADVANCED_FACE('',(#5409),#5434,.F.);
#5409 = FACE_BOUND('',#5410,.F.);
#5410 = EDGE_LOOP('',(#5411,#5419,#5420,#5428));
#5411 = ORIENTED_EDGE('',*,*,#5412,.F.);
#5412 = EDGE_CURVE('',#5365,#5413,#5415,.T.);
#5413 = VERTEX_POINT('',#5414);
#5414 = CARTESIAN_POINT('',(100.7,7.3,27.45));
#5415 = LINE('',#5416,#5417);
#5416 = CARTESIAN_POINT('',(100.7,7.3,25.25));
#5417 = VECTOR('',#5418,1.);
#5418 = DIRECTION('',(0.,0.,1.));
#5419 = ORIENTED_EDGE('',*,*,#5372,.T.);
#5420 = ORIENTED_EDGE('',*,*,#5421,.T.);
#5421 = EDGE_CURVE('',#5373,#5422,#5424,.T.);
#5422 = VERTEX_POINT('',#5423);
#5423 = CARTESIAN_POINT('',(100.7,7.7,27.45));
#5424 = LINE('',#5425,#5426);
#5425 = CARTESIAN_POINT('',(100.7,7.7,25.25));
#5426 = VECTOR('',#5427,1.);
#5427 = DIRECTION('',(0.,0.,1.));
#5428 = ORIENTED_EDGE('',*,*,#5429,.F.);
#5429 = EDGE_CURVE('',#5413,#5422,#5430,.T.);
#5430 = LINE('',#5431,#5432);
#5431 = CARTESIAN_POINT('',(100.7,1.8,27.45));
#5432 = VECTOR('',#5433,1.);
#5433 = DIRECTION('',(0.,1.,0.));
#5434 = PLANE('',#5435);
#5435 = AXIS2_PLACEMENT_3D('',#5436,#5437,#5438);
#5436 = CARTESIAN_POINT('',(100.7,1.8,25.25));
#5437 = DIRECTION('',(1.,0.,0.));
#5438 = DIRECTION('',(0.,0.,1.));
#5439 = ADVANCED_FACE('',(#5440),#5458,.T.);
#5440 = FACE_BOUND('',#5441,.T.);
#5441 = EDGE_LOOP('',(#5442,#5443,#5444,#5452));
#5442 = ORIENTED_EDGE('',*,*,#5380,.F.);
#5443 = ORIENTED_EDGE('',*,*,#5421,.T.);
#5444 = ORIENTED_EDGE('',*,*,#5445,.T.);
#5445 = EDGE_CURVE('',#5422,#5446,#5448,.T.);
#5446 = VERTEX_POINT('',#5447);
#5447 = CARTESIAN_POINT('',(110.6,7.7,27.45));
#5448 = LINE('',#5449,#5450);
#5449 = CARTESIAN_POINT('',(100.7,7.7,27.45));
#5450 = VECTOR('',#5451,1.);
#5451 = DIRECTION('',(1.,0.,0.));
#5452 = ORIENTED_EDGE('',*,*,#5453,.F.);
#5453 = EDGE_CURVE('',#5381,#5446,#5454,.T.);
#5454 = LINE('',#5455,#5456);
#5455 = CARTESIAN_POINT('',(110.6,7.7,25.25));
#5456 = VECTOR('',#5457,1.);
#5457 = DIRECTION('',(0.,0.,1.));
#5458 = PLANE('',#5459);
#5459 = AXIS2_PLACEMENT_3D('',#5460,#5461,#5462);
#5460 = CARTESIAN_POINT('',(100.7,7.7,25.25));
#5461 = DIRECTION('',(0.,1.,0.));
#5462 = DIRECTION('',(0.,0.,1.));
#5463 = ADVANCED_FACE('',(#5464),#5482,.T.);
#5464 = FACE_BOUND('',#5465,.T.);
#5465 = EDGE_LOOP('',(#5466,#5474,#5475,#5476));
#5466 = ORIENTED_EDGE('',*,*,#5467,.F.);
#5467 = EDGE_CURVE('',#5389,#5468,#5470,.T.);
#5468 = VERTEX_POINT('',#5469);
#5469 = CARTESIAN_POINT('',(110.6,7.3,27.45));
#5470 = LINE('',#5471,#5472);
#5471 = CARTESIAN_POINT('',(110.6,7.3,25.25));
#5472 = VECTOR('',#5473,1.);
#5473 = DIRECTION('',(0.,0.,1.));
#5474 = ORIENTED_EDGE('',*,*,#5388,.T.);
#5475 = ORIENTED_EDGE('',*,*,#5453,.T.);
#5476 = ORIENTED_EDGE('',*,*,#5477,.F.);
#5477 = EDGE_CURVE('',#5468,#5446,#5478,.T.);
#5478 = LINE('',#5479,#5480);
#5479 = CARTESIAN_POINT('',(110.6,1.8,27.45));
#5480 = VECTOR('',#5481,1.);
#5481 = DIRECTION('',(0.,1.,0.));
#5482 = PLANE('',#5483);
#5483 = AXIS2_PLACEMENT_3D('',#5484,#5485,#5486);
#5484 = CARTESIAN_POINT('',(110.6,1.8,25.25));
#5485 = DIRECTION('',(1.,0.,0.));
#5486 = DIRECTION('',(0.,0.,1.));
#5487 = ADVANCED_FACE('',(#5488),#5501,.T.);
#5488 = FACE_BOUND('',#5489,.T.);
#5489 = EDGE_LOOP('',(#5490,#5491,#5492,#5493,#5494,#5500));
#5490 = ORIENTED_EDGE('',*,*,#78,.F.);
#5491 = ORIENTED_EDGE('',*,*,#39,.T.);
#5492 = ORIENTED_EDGE('',*,*,#5396,.F.);
#5493 = ORIENTED_EDGE('',*,*,#5467,.T.);
#5494 = ORIENTED_EDGE('',*,*,#5495,.T.);
#5495 = EDGE_CURVE('',#5468,#3827,#5496,.T.);
#5496 = LINE('',#5497,#5498);
#5497 = CARTESIAN_POINT('',(95.35,7.3,27.45));
#5498 = VECTOR('',#5499,1.);
#5499 = DIRECTION('',(1.,0.,0.));
#5500 = ORIENTED_EDGE('',*,*,#3834,.F.);
#5501 = PLANE('',#5502);
#5502 = AXIS2_PLACEMENT_3D('',#5503,#5504,#5505);
#5503 = CARTESIAN_POINT('',(113.87019650655,7.3,24.99519650655));
#5504 = DIRECTION('',(0.,1.,0.));
#5505 = DIRECTION('',(0.,0.,1.));
#5506 = ADVANCED_FACE('',(#5507),#5520,.T.);
#5507 = FACE_BOUND('',#5508,.T.);
#5508 = EDGE_LOOP('',(#5509,#5515,#5516,#5517,#5518,#5519));
#5509 = ORIENTED_EDGE('',*,*,#5510,.T.);
#5510 = EDGE_CURVE('',#5341,#5413,#5511,.T.);
#5511 = LINE('',#5512,#5513);
#5512 = CARTESIAN_POINT('',(95.35,7.3,27.45));
#5513 = VECTOR('',#5514,1.);
#5514 = DIRECTION('',(1.,0.,0.));
#5515 = ORIENTED_EDGE('',*,*,#5412,.F.);
#5516 = ORIENTED_EDGE('',*,*,#5364,.F.);
#5517 = ORIENTED_EDGE('',*,*,#4922,.F.);
#5518 = ORIENTED_EDGE('',*,*,#4906,.F.);
#5519 = ORIENTED_EDGE('',*,*,#5348,.T.);
#5520 = PLANE('',#5521);
#5521 = AXIS2_PLACEMENT_3D('',#5522,#5523,#5524);
#5522 = CARTESIAN_POINT('',(97.277648305085,7.3,24.972351694915));
#5523 = DIRECTION('',(0.,1.,0.));
#5524 = DIRECTION('',(0.,0.,1.));
#5525 = ADVANCED_FACE('',(#5526),#5540,.T.);
#5526 = FACE_BOUND('',#5527,.T.);
#5527 = EDGE_LOOP('',(#5528,#5529,#5530,#5531,#5532,#5533,#5534,#5535,
    #5536,#5537,#5538,#5539));
#5528 = ORIENTED_EDGE('',*,*,#5495,.F.);
#5529 = ORIENTED_EDGE('',*,*,#5477,.T.);
#5530 = ORIENTED_EDGE('',*,*,#5445,.F.);
#5531 = ORIENTED_EDGE('',*,*,#5429,.F.);
#5532 = ORIENTED_EDGE('',*,*,#5510,.F.);
#5533 = ORIENTED_EDGE('',*,*,#5340,.F.);
#5534 = ORIENTED_EDGE('',*,*,#4703,.T.);
#5535 = ORIENTED_EDGE('',*,*,#4659,.T.);
#5536 = ORIENTED_EDGE('',*,*,#4627,.T.);
#5537 = ORIENTED_EDGE('',*,*,#4604,.F.);
#5538 = ORIENTED_EDGE('',*,*,#4587,.T.);
#5539 = ORIENTED_EDGE('',*,*,#3826,.F.);
#5540 = PLANE('',#5541);
#5541 = AXIS2_PLACEMENT_3D('',#5542,#5543,#5544);
#5542 = CARTESIAN_POINT('',(105.6441588785,4.619906542056,27.45));
#5543 = DIRECTION('',(0.,0.,1.));
#5544 = DIRECTION('',(1.,0.,0.));
#5545 = ADVANCED_FACE('',(#5546),#5554,.T.);
#5546 = FACE_BOUND('',#5547,.T.);
#5547 = EDGE_LOOP('',(#5548,#5549,#5550,#5551,#5552,#5553));
#5548 = ORIENTED_EDGE('',*,*,#4784,.T.);
#5549 = ORIENTED_EDGE('',*,*,#4944,.T.);
#5550 = ORIENTED_EDGE('',*,*,#4984,.F.);
#5551 = ORIENTED_EDGE('',*,*,#4975,.F.);
#5552 = ORIENTED_EDGE('',*,*,#4953,.F.);
#5553 = ORIENTED_EDGE('',*,*,#4793,.T.);
#5554 = CYLINDRICAL_SURFACE('',#5555,3.);
#5555 = AXIS2_PLACEMENT_3D('',#5556,#5557,#5558);
#5556 = CARTESIAN_POINT('',(8.2,1.79,57.27));
#5557 = DIRECTION('',(0.,1.,0.));
#5558 = DIRECTION('',(0.,0.,1.));
#5559 = ADVANCED_FACE('',(#5560),#5568,.T.);
#5560 = FACE_BOUND('',#5561,.T.);
#5561 = EDGE_LOOP('',(#5562,#5563,#5564,#5565,#5566,#5567));
#5562 = ORIENTED_EDGE('',*,*,#4812,.T.);
#5563 = ORIENTED_EDGE('',*,*,#5045,.T.);
#5564 = ORIENTED_EDGE('',*,*,#5085,.F.);
#5565 = ORIENTED_EDGE('',*,*,#5076,.F.);
#5566 = ORIENTED_EDGE('',*,*,#5054,.F.);
#5567 = ORIENTED_EDGE('',*,*,#4821,.T.);
#5568 = CYLINDRICAL_SURFACE('',#5569,3.);
#5569 = AXIS2_PLACEMENT_3D('',#5570,#5571,#5572);
#5570 = CARTESIAN_POINT('',(8.2,1.79,8.23));
#5571 = DIRECTION('',(0.,1.,0.));
#5572 = DIRECTION('',(0.,0.,1.));
#5573 = ADVANCED_FACE('',(#5574),#5582,.T.);
#5574 = FACE_BOUND('',#5575,.T.);
#5575 = EDGE_LOOP('',(#5576,#5577,#5578,#5579,#5580,#5581));
#5576 = ORIENTED_EDGE('',*,*,#5177,.F.);
#5577 = ORIENTED_EDGE('',*,*,#5146,.F.);
#5578 = ORIENTED_EDGE('',*,*,#4849,.T.);
#5579 = ORIENTED_EDGE('',*,*,#4840,.T.);
#5580 = ORIENTED_EDGE('',*,*,#5155,.T.);
#5581 = ORIENTED_EDGE('',*,*,#5186,.F.);
#5582 = CYLINDRICAL_SURFACE('',#5583,3.);
#5583 = AXIS2_PLACEMENT_3D('',#5584,#5585,#5586);
#5584 = CARTESIAN_POINT('',(91.5,1.79,8.23));
#5585 = DIRECTION('',(0.,1.,0.));
#5586 = DIRECTION('',(0.,0.,1.));
#5587 = MANIFOLD_SOLID_BREP('',#5588);
#5588 = CLOSED_SHELL('',(#5589,#5617,#5642,#5670,#5695,#5723,#5748,#5820
    ,#6077,#6102,#6217,#6241,#6265,#6282,#6299,#6316,#6333,#6350,#6367,
    #6379,#6404,#6429,#6454,#6479,#6504,#6529,#6554,#6585,#6609,#6633,
    #6650,#6675,#6706,#6730,#6754,#6771,#6802,#6826,#6850,#6867,#6879,
    #6899,#6919,#6939,#6948,#6957,#6966,#6975,#6987,#7007,#7019,#7031,
    #7048,#7065,#7090,#7107,#7116,#7132,#7148));
#5589 = ADVANCED_FACE('',(#5590,#5601),#5612,.T.);
#5590 = FACE_BOUND('',#5591,.T.);
#5591 = EDGE_LOOP('',(#5592));
#5592 = ORIENTED_EDGE('',*,*,#5593,.T.);
#5593 = EDGE_CURVE('',#5594,#5594,#5596,.T.);
#5594 = VERTEX_POINT('',#5595);
#5595 = CARTESIAN_POINT('',(91.5,13.99,10.73));
#5596 = CIRCLE('',#5597,2.5);
#5597 = AXIS2_PLACEMENT_3D('',#5598,#5599,#5600);
#5598 = CARTESIAN_POINT('',(91.5,13.99,8.23));
#5599 = DIRECTION('',(0.,1.,0.));
#5600 = DIRECTION('',(0.,0.,1.));
#5601 = FACE_BOUND('',#5602,.T.);
#5602 = EDGE_LOOP('',(#5603));
#5603 = ORIENTED_EDGE('',*,*,#5604,.F.);
#5604 = EDGE_CURVE('',#5605,#5605,#5607,.T.);
#5605 = VERTEX_POINT('',#5606);
#5606 = CARTESIAN_POINT('',(91.5,13.99,10.72));
#5607 = CIRCLE('',#5608,2.49);
#5608 = AXIS2_PLACEMENT_3D('',#5609,#5610,#5611);
#5609 = CARTESIAN_POINT('',(91.5,13.99,8.23));
#5610 = DIRECTION('',(0.,1.,0.));
#5611 = DIRECTION('',(0.,0.,1.));
#5612 = PLANE('',#5613);
#5613 = AXIS2_PLACEMENT_3D('',#5614,#5615,#5616);
#5614 = CARTESIAN_POINT('',(91.5,13.99,8.23));
#5615 = DIRECTION('',(0.,1.,0.));
#5616 = DIRECTION('',(0.,0.,1.));
#5617 = ADVANCED_FACE('',(#5618),#5637,.F.);
#5618 = FACE_BOUND('',#5619,.F.);
#5619 = EDGE_LOOP('',(#5620,#5621,#5629,#5636));
#5620 = ORIENTED_EDGE('',*,*,#5604,.F.);
#5621 = ORIENTED_EDGE('',*,*,#5622,.F.);
#5622 = EDGE_CURVE('',#5623,#5605,#5625,.T.);
#5623 = VERTEX_POINT('',#5624);
#5624 = CARTESIAN_POINT('',(91.5,12.9,9.63));
#5625 = LINE('',#5626,#5627);
#5626 = CARTESIAN_POINT('',(91.5,12.9,9.63));
#5627 = VECTOR('',#5628,1.);
#5628 = DIRECTION('',(-1.731912112471E-16,0.707106781187,0.707106781187)
  );
#5629 = ORIENTED_EDGE('',*,*,#5630,.T.);
#5630 = EDGE_CURVE('',#5623,#5623,#5631,.T.);
#5631 = CIRCLE('',#5632,1.4);
#5632 = AXIS2_PLACEMENT_3D('',#5633,#5634,#5635);
#5633 = CARTESIAN_POINT('',(91.5,12.9,8.23));
#5634 = DIRECTION('',(0.,1.,0.));
#5635 = DIRECTION('',(0.,0.,1.));
#5636 = ORIENTED_EDGE('',*,*,#5622,.T.);
#5637 = CONICAL_SURFACE('',#5638,1.4,0.785398163397);
#5638 = AXIS2_PLACEMENT_3D('',#5639,#5640,#5641);
#5639 = CARTESIAN_POINT('',(91.5,12.9,8.23));
#5640 = DIRECTION('',(0.,1.,0.));
#5641 = DIRECTION('',(0.,0.,1.));
#5642 = ADVANCED_FACE('',(#5643,#5654),#5665,.T.);
#5643 = FACE_BOUND('',#5644,.T.);
#5644 = EDGE_LOOP('',(#5645));
#5645 = ORIENTED_EDGE('',*,*,#5646,.T.);
#5646 = EDGE_CURVE('',#5647,#5647,#5649,.T.);
#5647 = VERTEX_POINT('',#5648);
#5648 = CARTESIAN_POINT('',(8.2,13.99,10.73));
#5649 = CIRCLE('',#5650,2.5);
#5650 = AXIS2_PLACEMENT_3D('',#5651,#5652,#5653);
#5651 = CARTESIAN_POINT('',(8.2,13.99,8.23));
#5652 = DIRECTION('',(0.,1.,0.));
#5653 = DIRECTION('',(0.,0.,1.));
#5654 = FACE_BOUND('',#5655,.T.);
#5655 = EDGE_LOOP('',(#5656));
#5656 = ORIENTED_EDGE('',*,*,#5657,.F.);
#5657 = EDGE_CURVE('',#5658,#5658,#5660,.T.);
#5658 = VERTEX_POINT('',#5659);
#5659 = CARTESIAN_POINT('',(8.2,13.99,10.72));
#5660 = CIRCLE('',#5661,2.49);
#5661 = AXIS2_PLACEMENT_3D('',#5662,#5663,#5664);
#5662 = CARTESIAN_POINT('',(8.2,13.99,8.23));
#5663 = DIRECTION('',(0.,1.,0.));
#5664 = DIRECTION('',(0.,0.,1.));
#5665 = PLANE('',#5666);
#5666 = AXIS2_PLACEMENT_3D('',#5667,#5668,#5669);
#5667 = CARTESIAN_POINT('',(8.2,13.99,8.23));
#5668 = DIRECTION('',(0.,1.,0.));
#5669 = DIRECTION('',(0.,0.,1.));
#5670 = ADVANCED_FACE('',(#5671),#5690,.F.);
#5671 = FACE_BOUND('',#5672,.F.);
#5672 = EDGE_LOOP('',(#5673,#5674,#5682,#5689));
#5673 = ORIENTED_EDGE('',*,*,#5657,.F.);
#5674 = ORIENTED_EDGE('',*,*,#5675,.F.);
#5675 = EDGE_CURVE('',#5676,#5658,#5678,.T.);
#5676 = VERTEX_POINT('',#5677);
#5677 = CARTESIAN_POINT('',(8.2,12.9,9.63));
#5678 = LINE('',#5679,#5680);
#5679 = CARTESIAN_POINT('',(8.2,12.9,9.63));
#5680 = VECTOR('',#5681,1.);
#5681 = DIRECTION('',(-1.731912112471E-16,0.707106781187,0.707106781187)
  );
#5682 = ORIENTED_EDGE('',*,*,#5683,.T.);
#5683 = EDGE_CURVE('',#5676,#5676,#5684,.T.);
#5684 = CIRCLE('',#5685,1.4);
#5685 = AXIS2_PLACEMENT_3D('',#5686,#5687,#5688);
#5686 = CARTESIAN_POINT('',(8.2,12.9,8.23));
#5687 = DIRECTION('',(0.,1.,0.));
#5688 = DIRECTION('',(0.,0.,1.));
#5689 = ORIENTED_EDGE('',*,*,#5675,.T.);
#5690 = CONICAL_SURFACE('',#5691,1.4,0.785398163397);
#5691 = AXIS2_PLACEMENT_3D('',#5692,#5693,#5694);
#5692 = CARTESIAN_POINT('',(8.2,12.9,8.23));
#5693 = DIRECTION('',(0.,1.,0.));
#5694 = DIRECTION('',(0.,0.,1.));
#5695 = ADVANCED_FACE('',(#5696,#5707),#5718,.T.);
#5696 = FACE_BOUND('',#5697,.T.);
#5697 = EDGE_LOOP('',(#5698));
#5698 = ORIENTED_EDGE('',*,*,#5699,.T.);
#5699 = EDGE_CURVE('',#5700,#5700,#5702,.T.);
#5700 = VERTEX_POINT('',#5701);
#5701 = CARTESIAN_POINT('',(8.2,13.99,59.77));
#5702 = CIRCLE('',#5703,2.5);
#5703 = AXIS2_PLACEMENT_3D('',#5704,#5705,#5706);
#5704 = CARTESIAN_POINT('',(8.2,13.99,57.27));
#5705 = DIRECTION('',(0.,1.,0.));
#5706 = DIRECTION('',(0.,0.,1.));
#5707 = FACE_BOUND('',#5708,.T.);
#5708 = EDGE_LOOP('',(#5709));
#5709 = ORIENTED_EDGE('',*,*,#5710,.F.);
#5710 = EDGE_CURVE('',#5711,#5711,#5713,.T.);
#5711 = VERTEX_POINT('',#5712);
#5712 = CARTESIAN_POINT('',(8.2,13.99,59.76));
#5713 = CIRCLE('',#5714,2.49);
#5714 = AXIS2_PLACEMENT_3D('',#5715,#5716,#5717);
#5715 = CARTESIAN_POINT('',(8.2,13.99,57.27));
#5716 = DIRECTION('',(0.,1.,0.));
#5717 = DIRECTION('',(0.,0.,1.));
#5718 = PLANE('',#5719);
#5719 = AXIS2_PLACEMENT_3D('',#5720,#5721,#5722);
#5720 = CARTESIAN_POINT('',(8.2,13.99,57.27));
#5721 = DIRECTION('',(0.,1.,0.));
#5722 = DIRECTION('',(0.,0.,1.));
#5723 = ADVANCED_FACE('',(#5724),#5743,.F.);
#5724 = FACE_BOUND('',#5725,.F.);
#5725 = EDGE_LOOP('',(#5726,#5727,#5735,#5742));
#5726 = ORIENTED_EDGE('',*,*,#5710,.F.);
#5727 = ORIENTED_EDGE('',*,*,#5728,.F.);
#5728 = EDGE_CURVE('',#5729,#5711,#5731,.T.);
#5729 = VERTEX_POINT('',#5730);
#5730 = CARTESIAN_POINT('',(8.2,12.9,58.67));
#5731 = LINE('',#5732,#5733);
#5732 = CARTESIAN_POINT('',(8.2,12.9,58.67));
#5733 = VECTOR('',#5734,1.);
#5734 = DIRECTION('',(-1.731912112471E-16,0.707106781187,0.707106781187)
  );
#5735 = ORIENTED_EDGE('',*,*,#5736,.T.);
#5736 = EDGE_CURVE('',#5729,#5729,#5737,.T.);
#5737 = CIRCLE('',#5738,1.4);
#5738 = AXIS2_PLACEMENT_3D('',#5739,#5740,#5741);
#5739 = CARTESIAN_POINT('',(8.2,12.9,57.27));
#5740 = DIRECTION('',(0.,1.,0.));
#5741 = DIRECTION('',(0.,0.,1.));
#5742 = ORIENTED_EDGE('',*,*,#5728,.T.);
#5743 = CONICAL_SURFACE('',#5744,1.4,0.785398163397);
#5744 = AXIS2_PLACEMENT_3D('',#5745,#5746,#5747);
#5745 = CARTESIAN_POINT('',(8.2,12.9,57.27));
#5746 = DIRECTION('',(0.,1.,0.));
#5747 = DIRECTION('',(0.,0.,1.));
#5748 = ADVANCED_FACE('',(#5749),#5815,.T.);
#5749 = FACE_BOUND('',#5750,.T.);
#5750 = EDGE_LOOP('',(#5751,#5761,#5769,#5777,#5785,#5793,#5801,#5809));
#5751 = ORIENTED_EDGE('',*,*,#5752,.F.);
#5752 = EDGE_CURVE('',#5753,#5755,#5757,.T.);
#5753 = VERTEX_POINT('',#5754);
#5754 = CARTESIAN_POINT('',(3.6,12.6,1.85));
#5755 = VERTEX_POINT('',#5756);
#5756 = CARTESIAN_POINT('',(114.4,12.6,1.85));
#5757 = LINE('',#5758,#5759);
#5758 = CARTESIAN_POINT('',(3.6,12.6,1.85));
#5759 = VECTOR('',#5760,1.);
#5760 = DIRECTION('',(1.,0.,0.));
#5761 = ORIENTED_EDGE('',*,*,#5762,.T.);
#5762 = EDGE_CURVE('',#5753,#5763,#5765,.T.);
#5763 = VERTEX_POINT('',#5764);
#5764 = CARTESIAN_POINT('',(3.6,15.,1.85));
#5765 = LINE('',#5766,#5767);
#5766 = CARTESIAN_POINT('',(3.6,12.6,1.85));
#5767 = VECTOR('',#5768,1.);
#5768 = DIRECTION('',(0.,1.,0.));
#5769 = ORIENTED_EDGE('',*,*,#5770,.T.);
#5770 = EDGE_CURVE('',#5763,#5771,#5773,.T.);
#5771 = VERTEX_POINT('',#5772);
#5772 = CARTESIAN_POINT('',(36.,15.,1.85));
#5773 = LINE('',#5774,#5775);
#5774 = CARTESIAN_POINT('',(3.6,15.,1.85));
#5775 = VECTOR('',#5776,1.);
#5776 = DIRECTION('',(1.,0.,0.));
#5777 = ORIENTED_EDGE('',*,*,#5778,.T.);
#5778 = EDGE_CURVE('',#5771,#5779,#5781,.T.);
#5779 = VERTEX_POINT('',#5780);
#5780 = CARTESIAN_POINT('',(36.,13.8,1.85));
#5781 = LINE('',#5782,#5783);
#5782 = CARTESIAN_POINT('',(36.,13.2,1.85));
#5783 = VECTOR('',#5784,1.);
#5784 = DIRECTION('',(0.,-1.,0.));
#5785 = ORIENTED_EDGE('',*,*,#5786,.T.);
#5786 = EDGE_CURVE('',#5779,#5787,#5789,.T.);
#5787 = VERTEX_POINT('',#5788);
#5788 = CARTESIAN_POINT('',(44.,13.8,1.85));
#5789 = LINE('',#5790,#5791);
#5790 = CARTESIAN_POINT('',(19.8,13.8,1.85));
#5791 = VECTOR('',#5792,1.);
#5792 = DIRECTION('',(1.,0.,0.));
#5793 = ORIENTED_EDGE('',*,*,#5794,.F.);
#5794 = EDGE_CURVE('',#5795,#5787,#5797,.T.);
#5795 = VERTEX_POINT('',#5796);
#5796 = CARTESIAN_POINT('',(44.,15.,1.85));
#5797 = LINE('',#5798,#5799);
#5798 = CARTESIAN_POINT('',(44.,13.2,1.85));
#5799 = VECTOR('',#5800,1.);
#5800 = DIRECTION('',(0.,-1.,0.));
#5801 = ORIENTED_EDGE('',*,*,#5802,.T.);
#5802 = EDGE_CURVE('',#5795,#5803,#5805,.T.);
#5803 = VERTEX_POINT('',#5804);
#5804 = CARTESIAN_POINT('',(114.4,15.,1.85));
#5805 = LINE('',#5806,#5807);
#5806 = CARTESIAN_POINT('',(3.6,15.,1.85));
#5807 = VECTOR('',#5808,1.);
#5808 = DIRECTION('',(1.,0.,0.));
#5809 = ORIENTED_EDGE('',*,*,#5810,.F.);
#5810 = EDGE_CURVE('',#5755,#5803,#5811,.T.);
#5811 = LINE('',#5812,#5813);
#5812 = CARTESIAN_POINT('',(114.4,12.6,1.85));
#5813 = VECTOR('',#5814,1.);
#5814 = DIRECTION('',(0.,1.,0.));
#5815 = PLANE('',#5816);
#5816 = AXIS2_PLACEMENT_3D('',#5817,#5818,#5819);
#5817 = CARTESIAN_POINT('',(3.6,12.6,1.85));
#5818 = DIRECTION('',(0.,0.,-1.));
#5819 = DIRECTION('',(1.,0.,0.));
#5820 = ADVANCED_FACE('',(#5821,#5882,#5893,#5904,#5915,#5926,#5937,
    #5948,#5959,#5993,#6004,#6038),#6072,.T.);
#5821 = FACE_BOUND('',#5822,.T.);
#5822 = EDGE_LOOP('',(#5823,#5824,#5833,#5841,#5850,#5858,#5867,#5875));
#5823 = ORIENTED_EDGE('',*,*,#5752,.T.);
#5824 = ORIENTED_EDGE('',*,*,#5825,.T.);
#5825 = EDGE_CURVE('',#5755,#5826,#5828,.T.);
#5826 = VERTEX_POINT('',#5827);
#5827 = CARTESIAN_POINT('',(116.15,12.6,3.6));
#5828 = CIRCLE('',#5829,1.75);
#5829 = AXIS2_PLACEMENT_3D('',#5830,#5831,#5832);
#5830 = CARTESIAN_POINT('',(114.4,12.6,3.6));
#5831 = DIRECTION('',(0.,-1.,0.));
#5832 = DIRECTION('',(8.120488408687E-15,0.,-1.));
#5833 = ORIENTED_EDGE('',*,*,#5834,.T.);
#5834 = EDGE_CURVE('',#5826,#5835,#5837,.T.);
#5835 = VERTEX_POINT('',#5836);
#5836 = CARTESIAN_POINT('',(116.15,12.6,61.9));
#5837 = LINE('',#5838,#5839);
#5838 = CARTESIAN_POINT('',(116.15,12.6,3.6));
#5839 = VECTOR('',#5840,1.);
#5840 = DIRECTION('',(0.,0.,1.));
#5841 = ORIENTED_EDGE('',*,*,#5842,.T.);
#5842 = EDGE_CURVE('',#5835,#5843,#5845,.T.);
#5843 = VERTEX_POINT('',#5844);
#5844 = CARTESIAN_POINT('',(114.4,12.6,63.65));
#5845 = CIRCLE('',#5846,1.75);
#5846 = AXIS2_PLACEMENT_3D('',#5847,#5848,#5849);
#5847 = CARTESIAN_POINT('',(114.4,12.6,61.9));
#5848 = DIRECTION('',(0.,-1.,0.));
#5849 = DIRECTION('',(1.,0.,4.060244204343E-15));
#5850 = ORIENTED_EDGE('',*,*,#5851,.T.);
#5851 = EDGE_CURVE('',#5843,#5852,#5854,.T.);
#5852 = VERTEX_POINT('',#5853);
#5853 = CARTESIAN_POINT('',(3.6,12.6,63.65));
#5854 = LINE('',#5855,#5856);
#5855 = CARTESIAN_POINT('',(114.4,12.6,63.65));
#5856 = VECTOR('',#5857,1.);
#5857 = DIRECTION('',(-1.,0.,0.));
#5858 = ORIENTED_EDGE('',*,*,#5859,.T.);
#5859 = EDGE_CURVE('',#5852,#5860,#5862,.T.);
#5860 = VERTEX_POINT('',#5861);
#5861 = CARTESIAN_POINT('',(1.85,12.6,61.9));
#5862 = CIRCLE('',#5863,1.75);
#5863 = AXIS2_PLACEMENT_3D('',#5864,#5865,#5866);
#5864 = CARTESIAN_POINT('',(3.6,12.6,61.9));
#5865 = DIRECTION('',(0.,-1.,0.));
#5866 = DIRECTION('',(2.537652627715E-15,0.,1.));
#5867 = ORIENTED_EDGE('',*,*,#5868,.T.);
#5868 = EDGE_CURVE('',#5860,#5869,#5871,.T.);
#5869 = VERTEX_POINT('',#5870);
#5870 = CARTESIAN_POINT('',(1.85,12.6,3.6));
#5871 = LINE('',#5872,#5873);
#5872 = CARTESIAN_POINT('',(1.85,12.6,61.9));
#5873 = VECTOR('',#5874,1.);
#5874 = DIRECTION('',(0.,0.,-1.));
#5875 = ORIENTED_EDGE('',*,*,#5876,.T.);
#5876 = EDGE_CURVE('',#5869,#5753,#5877,.T.);
#5877 = CIRCLE('',#5878,1.75);
#5878 = AXIS2_PLACEMENT_3D('',#5879,#5880,#5881);
#5879 = CARTESIAN_POINT('',(3.6,12.6,3.6));
#5880 = DIRECTION('',(0.,-1.,0.));
#5881 = DIRECTION('',(-1.,0.,5.075305255429E-16));
#5882 = FACE_BOUND('',#5883,.T.);
#5883 = EDGE_LOOP('',(#5884));
#5884 = ORIENTED_EDGE('',*,*,#5885,.T.);
#5885 = EDGE_CURVE('',#5886,#5886,#5888,.T.);
#5886 = VERTEX_POINT('',#5887);
#5887 = CARTESIAN_POINT('',(8.2,12.6,60.07));
#5888 = CIRCLE('',#5889,2.8);
#5889 = AXIS2_PLACEMENT_3D('',#5890,#5891,#5892);
#5890 = CARTESIAN_POINT('',(8.2,12.6,57.27));
#5891 = DIRECTION('',(0.,1.,0.));
#5892 = DIRECTION('',(0.,0.,1.));
#5893 = FACE_BOUND('',#5894,.T.);
#5894 = EDGE_LOOP('',(#5895));
#5895 = ORIENTED_EDGE('',*,*,#5896,.T.);
#5896 = EDGE_CURVE('',#5897,#5897,#5899,.T.);
#5897 = VERTEX_POINT('',#5898);
#5898 = CARTESIAN_POINT('',(8.2,12.6,11.03));
#5899 = CIRCLE('',#5900,2.8);
#5900 = AXIS2_PLACEMENT_3D('',#5901,#5902,#5903);
#5901 = CARTESIAN_POINT('',(8.2,12.6,8.23));
#5902 = DIRECTION('',(0.,1.,0.));
#5903 = DIRECTION('',(0.,0.,1.));
#5904 = FACE_BOUND('',#5905,.T.);
#5905 = EDGE_LOOP('',(#5906));
#5906 = ORIENTED_EDGE('',*,*,#5907,.T.);
#5907 = EDGE_CURVE('',#5908,#5908,#5910,.T.);
#5908 = VERTEX_POINT('',#5909);
#5909 = CARTESIAN_POINT('',(91.5,12.6,60.07));
#5910 = CIRCLE('',#5911,2.8);
#5911 = AXIS2_PLACEMENT_3D('',#5912,#5913,#5914);
#5912 = CARTESIAN_POINT('',(91.5,12.6,57.27));
#5913 = DIRECTION('',(0.,1.,0.));
#5914 = DIRECTION('',(0.,0.,1.));
#5915 = FACE_BOUND('',#5916,.T.);
#5916 = EDGE_LOOP('',(#5917));
#5917 = ORIENTED_EDGE('',*,*,#5918,.T.);
#5918 = EDGE_CURVE('',#5919,#5919,#5921,.T.);
#5919 = VERTEX_POINT('',#5920);
#5920 = CARTESIAN_POINT('',(96.3,12.6,53.45));
#5921 = CIRCLE('',#5922,1.5);
#5922 = AXIS2_PLACEMENT_3D('',#5923,#5924,#5925);
#5923 = CARTESIAN_POINT('',(96.3,12.6,51.95));
#5924 = DIRECTION('',(0.,1.,0.));
#5925 = DIRECTION('',(0.,0.,1.));
#5926 = FACE_BOUND('',#5927,.T.);
#5927 = EDGE_LOOP('',(#5928));
#5928 = ORIENTED_EDGE('',*,*,#5929,.T.);
#5929 = EDGE_CURVE('',#5930,#5930,#5932,.T.);
#5930 = VERTEX_POINT('',#5931);
#5931 = CARTESIAN_POINT('',(109.55,12.6,53.45));
#5932 = CIRCLE('',#5933,1.5);
#5933 = AXIS2_PLACEMENT_3D('',#5934,#5935,#5936);
#5934 = CARTESIAN_POINT('',(109.55,12.6,51.95));
#5935 = DIRECTION('',(0.,1.,0.));
#5936 = DIRECTION('',(0.,0.,1.));
#5937 = FACE_BOUND('',#5938,.T.);
#5938 = EDGE_LOOP('',(#5939));
#5939 = ORIENTED_EDGE('',*,*,#5940,.T.);
#5940 = EDGE_CURVE('',#5941,#5941,#5943,.T.);
#5941 = VERTEX_POINT('',#5942);
#5942 = CARTESIAN_POINT('',(96.3,12.6,36.45));
#5943 = CIRCLE('',#5944,1.5);
#5944 = AXIS2_PLACEMENT_3D('',#5945,#5946,#5947);
#5945 = CARTESIAN_POINT('',(96.3,12.6,34.95));
#5946 = DIRECTION('',(0.,1.,0.));
#5947 = DIRECTION('',(0.,0.,1.));
#5948 = FACE_BOUND('',#5949,.T.);
#5949 = EDGE_LOOP('',(#5950));
#5950 = ORIENTED_EDGE('',*,*,#5951,.T.);
#5951 = EDGE_CURVE('',#5952,#5952,#5954,.T.);
#5952 = VERTEX_POINT('',#5953);
#5953 = CARTESIAN_POINT('',(109.55,12.6,36.45));
#5954 = CIRCLE('',#5955,1.5);
#5955 = AXIS2_PLACEMENT_3D('',#5956,#5957,#5958);
#5956 = CARTESIAN_POINT('',(109.55,12.6,34.95));
#5957 = DIRECTION('',(0.,1.,0.));
#5958 = DIRECTION('',(0.,0.,1.));
#5959 = FACE_BOUND('',#5960,.T.);
#5960 = EDGE_LOOP('',(#5961,#5971,#5979,#5987));
#5961 = ORIENTED_EDGE('',*,*,#5962,.T.);
#5962 = EDGE_CURVE('',#5963,#5965,#5967,.T.);
#5963 = VERTEX_POINT('',#5964);
#5964 = CARTESIAN_POINT('',(111.65,12.6,22.1));
#5965 = VERTEX_POINT('',#5966);
#5966 = CARTESIAN_POINT('',(99.65,12.6,22.1));
#5967 = LINE('',#5968,#5969);
#5968 = CARTESIAN_POINT('',(79.325,12.6,22.1));
#5969 = VECTOR('',#5970,1.);
#5970 = DIRECTION('',(-1.,0.,0.));
#5971 = ORIENTED_EDGE('',*,*,#5972,.T.);
#5972 = EDGE_CURVE('',#5965,#5973,#5975,.T.);
#5973 = VERTEX_POINT('',#5974);
#5974 = CARTESIAN_POINT('',(99.65,12.6,23.9));
#5975 = LINE('',#5976,#5977);
#5976 = CARTESIAN_POINT('',(99.65,12.6,27.425));
#5977 = VECTOR('',#5978,1.);
#5978 = DIRECTION('',(0.,0.,1.));
#5979 = ORIENTED_EDGE('',*,*,#5980,.F.);
#5980 = EDGE_CURVE('',#5981,#5973,#5983,.T.);
#5981 = VERTEX_POINT('',#5982);
#5982 = CARTESIAN_POINT('',(111.65,12.6,23.9));
#5983 = LINE('',#5984,#5985);
#5984 = CARTESIAN_POINT('',(79.325,12.6,23.9));
#5985 = VECTOR('',#5986,1.);
#5986 = DIRECTION('',(-1.,0.,0.));
#5987 = ORIENTED_EDGE('',*,*,#5988,.F.);
#5988 = EDGE_CURVE('',#5963,#5981,#5989,.T.);
#5989 = LINE('',#5990,#5991);
#5990 = CARTESIAN_POINT('',(111.65,12.6,27.425));
#5991 = VECTOR('',#5992,1.);
#5992 = DIRECTION('',(0.,0.,1.));
#5993 = FACE_BOUND('',#5994,.T.);
#5994 = EDGE_LOOP('',(#5995));
#5995 = ORIENTED_EDGE('',*,*,#5996,.T.);
#5996 = EDGE_CURVE('',#5997,#5997,#5999,.T.);
#5997 = VERTEX_POINT('',#5998);
#5998 = CARTESIAN_POINT('',(91.5,12.6,11.03));
#5999 = CIRCLE('',#6000,2.8);
#6000 = AXIS2_PLACEMENT_3D('',#6001,#6002,#6003);
#6001 = CARTESIAN_POINT('',(91.5,12.6,8.23));
#6002 = DIRECTION('',(0.,1.,0.));
#6003 = DIRECTION('',(0.,0.,1.));
#6004 = FACE_BOUND('',#6005,.T.);
#6005 = EDGE_LOOP('',(#6006,#6016,#6024,#6032));
#6006 = ORIENTED_EDGE('',*,*,#6007,.T.);
#6007 = EDGE_CURVE('',#6008,#6010,#6012,.T.);
#6008 = VERTEX_POINT('',#6009);
#6009 = CARTESIAN_POINT('',(111.65,12.6,15.7));
#6010 = VERTEX_POINT('',#6011);
#6011 = CARTESIAN_POINT('',(99.65,12.6,15.7));
#6012 = LINE('',#6013,#6014);
#6013 = CARTESIAN_POINT('',(79.325,12.6,15.7));
#6014 = VECTOR('',#6015,1.);
#6015 = DIRECTION('',(-1.,0.,0.));
#6016 = ORIENTED_EDGE('',*,*,#6017,.T.);
#6017 = EDGE_CURVE('',#6010,#6018,#6020,.T.);
#6018 = VERTEX_POINT('',#6019);
#6019 = CARTESIAN_POINT('',(99.65,12.6,17.5));
#6020 = LINE('',#6021,#6022);
#6021 = CARTESIAN_POINT('',(99.65,12.6,24.225));
#6022 = VECTOR('',#6023,1.);
#6023 = DIRECTION('',(0.,0.,1.));
#6024 = ORIENTED_EDGE('',*,*,#6025,.F.);
#6025 = EDGE_CURVE('',#6026,#6018,#6028,.T.);
#6026 = VERTEX_POINT('',#6027);
#6027 = CARTESIAN_POINT('',(111.65,12.6,17.5));
#6028 = LINE('',#6029,#6030);
#6029 = CARTESIAN_POINT('',(79.325,12.6,17.5));
#6030 = VECTOR('',#6031,1.);
#6031 = DIRECTION('',(-1.,0.,0.));
#6032 = ORIENTED_EDGE('',*,*,#6033,.F.);
#6033 = EDGE_CURVE('',#6008,#6026,#6034,.T.);
#6034 = LINE('',#6035,#6036);
#6035 = CARTESIAN_POINT('',(111.65,12.6,24.225));
#6036 = VECTOR('',#6037,1.);
#6037 = DIRECTION('',(0.,0.,1.));
#6038 = FACE_BOUND('',#6039,.T.);
#6039 = EDGE_LOOP('',(#6040,#6050,#6058,#6066));
#6040 = ORIENTED_EDGE('',*,*,#6041,.T.);
#6041 = EDGE_CURVE('',#6042,#6044,#6046,.T.);
#6042 = VERTEX_POINT('',#6043);
#6043 = CARTESIAN_POINT('',(111.65,12.6,6.7));
#6044 = VERTEX_POINT('',#6045);
#6045 = CARTESIAN_POINT('',(99.65,12.6,6.7));
#6046 = LINE('',#6047,#6048);
#6047 = CARTESIAN_POINT('',(79.325,12.6,6.7));
#6048 = VECTOR('',#6049,1.);
#6049 = DIRECTION('',(-1.,0.,0.));
#6050 = ORIENTED_EDGE('',*,*,#6051,.T.);
#6051 = EDGE_CURVE('',#6044,#6052,#6054,.T.);
#6052 = VERTEX_POINT('',#6053);
#6053 = CARTESIAN_POINT('',(99.65,12.6,8.5));
#6054 = LINE('',#6055,#6056);
#6055 = CARTESIAN_POINT('',(99.65,12.6,19.725));
#6056 = VECTOR('',#6057,1.);
#6057 = DIRECTION('',(0.,0.,1.));
#6058 = ORIENTED_EDGE('',*,*,#6059,.F.);
#6059 = EDGE_CURVE('',#6060,#6052,#6062,.T.);
#6060 = VERTEX_POINT('',#6061);
#6061 = CARTESIAN_POINT('',(111.65,12.6,8.5));
#6062 = LINE('',#6063,#6064);
#6063 = CARTESIAN_POINT('',(79.325,12.6,8.5));
#6064 = VECTOR('',#6065,1.);
#6065 = DIRECTION('',(-1.,0.,0.));
#6066 = ORIENTED_EDGE('',*,*,#6067,.F.);
#6067 = EDGE_CURVE('',#6042,#6060,#6068,.T.);
#6068 = LINE('',#6069,#6070);
#6069 = CARTESIAN_POINT('',(111.65,12.6,19.725));
#6070 = VECTOR('',#6071,1.);
#6071 = DIRECTION('',(0.,0.,1.));
#6072 = PLANE('',#6073);
#6073 = AXIS2_PLACEMENT_3D('',#6074,#6075,#6076);
#6074 = CARTESIAN_POINT('',(59.,12.6,32.75));
#6075 = DIRECTION('',(-0.,-1.,-0.));
#6076 = DIRECTION('',(0.,0.,-1.));
#6077 = ADVANCED_FACE('',(#6078),#6097,.T.);
#6078 = FACE_BOUND('',#6079,.T.);
#6079 = EDGE_LOOP('',(#6080,#6081,#6090,#6096));
#6080 = ORIENTED_EDGE('',*,*,#5810,.T.);
#6081 = ORIENTED_EDGE('',*,*,#6082,.T.);
#6082 = EDGE_CURVE('',#5803,#6083,#6085,.T.);
#6083 = VERTEX_POINT('',#6084);
#6084 = CARTESIAN_POINT('',(116.15,15.,3.6));
#6085 = CIRCLE('',#6086,1.75);
#6086 = AXIS2_PLACEMENT_3D('',#6087,#6088,#6089);
#6087 = CARTESIAN_POINT('',(114.4,15.,3.6));
#6088 = DIRECTION('',(0.,-1.,0.));
#6089 = DIRECTION('',(8.120488408687E-15,0.,-1.));
#6090 = ORIENTED_EDGE('',*,*,#6091,.F.);
#6091 = EDGE_CURVE('',#5826,#6083,#6092,.T.);
#6092 = LINE('',#6093,#6094);
#6093 = CARTESIAN_POINT('',(116.15,12.6,3.6));
#6094 = VECTOR('',#6095,1.);
#6095 = DIRECTION('',(0.,1.,0.));
#6096 = ORIENTED_EDGE('',*,*,#5825,.F.);
#6097 = CYLINDRICAL_SURFACE('',#6098,1.75);
#6098 = AXIS2_PLACEMENT_3D('',#6099,#6100,#6101);
#6099 = CARTESIAN_POINT('',(114.4,12.6,3.6));
#6100 = DIRECTION('',(0.,-1.,0.));
#6101 = DIRECTION('',(8.120488408687E-15,0.,-1.));
#6102 = ADVANCED_FACE('',(#6103,#6179,#6190,#6201),#6212,.F.);
#6103 = FACE_BOUND('',#6104,.F.);
#6104 = EDGE_LOOP('',(#6105,#6114,#6115,#6123,#6131,#6137,#6138,#6139,
    #6147,#6156,#6164,#6173));
#6105 = ORIENTED_EDGE('',*,*,#6106,.T.);
#6106 = EDGE_CURVE('',#6107,#5763,#6109,.T.);
#6107 = VERTEX_POINT('',#6108);
#6108 = CARTESIAN_POINT('',(1.85,15.,3.6));
#6109 = CIRCLE('',#6110,1.75);
#6110 = AXIS2_PLACEMENT_3D('',#6111,#6112,#6113);
#6111 = CARTESIAN_POINT('',(3.6,15.,3.6));
#6112 = DIRECTION('',(0.,-1.,0.));
#6113 = DIRECTION('',(-1.,0.,5.075305255429E-16));
#6114 = ORIENTED_EDGE('',*,*,#5770,.T.);
#6115 = ORIENTED_EDGE('',*,*,#6116,.T.);
#6116 = EDGE_CURVE('',#5771,#6117,#6119,.T.);
#6117 = VERTEX_POINT('',#6118);
#6118 = CARTESIAN_POINT('',(36.,15.,3.05));
#6119 = LINE('',#6120,#6121);
#6120 = CARTESIAN_POINT('',(36.,15.,15.875));
#6121 = VECTOR('',#6122,1.);
#6122 = DIRECTION('',(0.,0.,1.));
#6123 = ORIENTED_EDGE('',*,*,#6124,.F.);
#6124 = EDGE_CURVE('',#6125,#6117,#6127,.T.);
#6125 = VERTEX_POINT('',#6126);
#6126 = CARTESIAN_POINT('',(44.,15.,3.05));
#6127 = LINE('',#6128,#6129);
#6128 = CARTESIAN_POINT('',(47.5,15.,3.05));
#6129 = VECTOR('',#6130,1.);
#6130 = DIRECTION('',(-1.,0.,0.));
#6131 = ORIENTED_EDGE('',*,*,#6132,.F.);
#6132 = EDGE_CURVE('',#5795,#6125,#6133,.T.);
#6133 = LINE('',#6134,#6135);
#6134 = CARTESIAN_POINT('',(44.,15.,15.875));
#6135 = VECTOR('',#6136,1.);
#6136 = DIRECTION('',(0.,0.,1.));
#6137 = ORIENTED_EDGE('',*,*,#5802,.T.);
#6138 = ORIENTED_EDGE('',*,*,#6082,.T.);
#6139 = ORIENTED_EDGE('',*,*,#6140,.T.);
#6140 = EDGE_CURVE('',#6083,#6141,#6143,.T.);
#6141 = VERTEX_POINT('',#6142);
#6142 = CARTESIAN_POINT('',(116.15,15.,61.9));
#6143 = LINE('',#6144,#6145);
#6144 = CARTESIAN_POINT('',(116.15,15.,3.6));
#6145 = VECTOR('',#6146,1.);
#6146 = DIRECTION('',(0.,0.,1.));
#6147 = ORIENTED_EDGE('',*,*,#6148,.T.);
#6148 = EDGE_CURVE('',#6141,#6149,#6151,.T.);
#6149 = VERTEX_POINT('',#6150);
#6150 = CARTESIAN_POINT('',(114.4,15.,63.65));
#6151 = CIRCLE('',#6152,1.75);
#6152 = AXIS2_PLACEMENT_3D('',#6153,#6154,#6155);
#6153 = CARTESIAN_POINT('',(114.4,15.,61.9));
#6154 = DIRECTION('',(0.,-1.,0.));
#6155 = DIRECTION('',(1.,0.,4.060244204343E-15));
#6156 = ORIENTED_EDGE('',*,*,#6157,.T.);
#6157 = EDGE_CURVE('',#6149,#6158,#6160,.T.);
#6158 = VERTEX_POINT('',#6159);
#6159 = CARTESIAN_POINT('',(3.6,15.,63.65));
#6160 = LINE('',#6161,#6162);
#6161 = CARTESIAN_POINT('',(114.4,15.,63.65));
#6162 = VECTOR('',#6163,1.);
#6163 = DIRECTION('',(-1.,0.,0.));
#6164 = ORIENTED_EDGE('',*,*,#6165,.T.);
#6165 = EDGE_CURVE('',#6158,#6166,#6168,.T.);
#6166 = VERTEX_POINT('',#6167);
#6167 = CARTESIAN_POINT('',(1.85,15.,61.9));
#6168 = CIRCLE('',#6169,1.75);
#6169 = AXIS2_PLACEMENT_3D('',#6170,#6171,#6172);
#6170 = CARTESIAN_POINT('',(3.6,15.,61.9));
#6171 = DIRECTION('',(0.,-1.,0.));
#6172 = DIRECTION('',(2.537652627715E-15,0.,1.));
#6173 = ORIENTED_EDGE('',*,*,#6174,.T.);
#6174 = EDGE_CURVE('',#6166,#6107,#6175,.T.);
#6175 = LINE('',#6176,#6177);
#6176 = CARTESIAN_POINT('',(1.85,15.,61.9));
#6177 = VECTOR('',#6178,1.);
#6178 = DIRECTION('',(0.,0.,-1.));
#6179 = FACE_BOUND('',#6180,.F.);
#6180 = EDGE_LOOP('',(#6181));
#6181 = ORIENTED_EDGE('',*,*,#6182,.T.);
#6182 = EDGE_CURVE('',#6183,#6183,#6185,.T.);
#6183 = VERTEX_POINT('',#6184);
#6184 = CARTESIAN_POINT('',(8.2,15.,59.77));
#6185 = CIRCLE('',#6186,2.5);
#6186 = AXIS2_PLACEMENT_3D('',#6187,#6188,#6189);
#6187 = CARTESIAN_POINT('',(8.2,15.,57.27));
#6188 = DIRECTION('',(0.,1.,0.));
#6189 = DIRECTION('',(0.,0.,1.));
#6190 = FACE_BOUND('',#6191,.F.);
#6191 = EDGE_LOOP('',(#6192));
#6192 = ORIENTED_EDGE('',*,*,#6193,.T.);
#6193 = EDGE_CURVE('',#6194,#6194,#6196,.T.);
#6194 = VERTEX_POINT('',#6195);
#6195 = CARTESIAN_POINT('',(8.2,15.,10.73));
#6196 = CIRCLE('',#6197,2.5);
#6197 = AXIS2_PLACEMENT_3D('',#6198,#6199,#6200);
#6198 = CARTESIAN_POINT('',(8.2,15.,8.23));
#6199 = DIRECTION('',(0.,1.,0.));
#6200 = DIRECTION('',(0.,0.,1.));
#6201 = FACE_BOUND('',#6202,.F.);
#6202 = EDGE_LOOP('',(#6203));
#6203 = ORIENTED_EDGE('',*,*,#6204,.T.);
#6204 = EDGE_CURVE('',#6205,#6205,#6207,.T.);
#6205 = VERTEX_POINT('',#6206);
#6206 = CARTESIAN_POINT('',(91.5,15.,10.73));
#6207 = CIRCLE('',#6208,2.5);
#6208 = AXIS2_PLACEMENT_3D('',#6209,#6210,#6211);
#6209 = CARTESIAN_POINT('',(91.5,15.,8.23));
#6210 = DIRECTION('',(0.,1.,0.));
#6211 = DIRECTION('',(0.,0.,1.));
#6212 = PLANE('',#6213);
#6213 = AXIS2_PLACEMENT_3D('',#6214,#6215,#6216);
#6214 = CARTESIAN_POINT('',(59.,15.,32.75));
#6215 = DIRECTION('',(-0.,-1.,-0.));
#6216 = DIRECTION('',(0.,0.,-1.));
#6217 = ADVANCED_FACE('',(#6218),#6236,.F.);
#6218 = FACE_BOUND('',#6219,.F.);
#6219 = EDGE_LOOP('',(#6220,#6228,#6229,#6230));
#6220 = ORIENTED_EDGE('',*,*,#6221,.F.);
#6221 = EDGE_CURVE('',#5787,#6222,#6224,.T.);
#6222 = VERTEX_POINT('',#6223);
#6223 = CARTESIAN_POINT('',(44.,13.8,3.05));
#6224 = LINE('',#6225,#6226);
#6225 = CARTESIAN_POINT('',(44.,13.8,-1.));
#6226 = VECTOR('',#6227,1.);
#6227 = DIRECTION('',(0.,0.,1.));
#6228 = ORIENTED_EDGE('',*,*,#5794,.F.);
#6229 = ORIENTED_EDGE('',*,*,#6132,.T.);
#6230 = ORIENTED_EDGE('',*,*,#6231,.F.);
#6231 = EDGE_CURVE('',#6222,#6125,#6232,.T.);
#6232 = LINE('',#6233,#6234);
#6233 = CARTESIAN_POINT('',(44.,13.8,3.05));
#6234 = VECTOR('',#6235,1.);
#6235 = DIRECTION('',(0.,1.,0.));
#6236 = PLANE('',#6237);
#6237 = AXIS2_PLACEMENT_3D('',#6238,#6239,#6240);
#6238 = CARTESIAN_POINT('',(44.,13.8,-1.));
#6239 = DIRECTION('',(1.,0.,0.));
#6240 = DIRECTION('',(0.,0.,1.));
#6241 = ADVANCED_FACE('',(#6242),#6260,.T.);
#6242 = FACE_BOUND('',#6243,.T.);
#6243 = EDGE_LOOP('',(#6244,#6245,#6246,#6254));
#6244 = ORIENTED_EDGE('',*,*,#6221,.F.);
#6245 = ORIENTED_EDGE('',*,*,#5786,.F.);
#6246 = ORIENTED_EDGE('',*,*,#6247,.T.);
#6247 = EDGE_CURVE('',#5779,#6248,#6250,.T.);
#6248 = VERTEX_POINT('',#6249);
#6249 = CARTESIAN_POINT('',(36.,13.8,3.05));
#6250 = LINE('',#6251,#6252);
#6251 = CARTESIAN_POINT('',(36.,13.8,-1.));
#6252 = VECTOR('',#6253,1.);
#6253 = DIRECTION('',(0.,0.,1.));
#6254 = ORIENTED_EDGE('',*,*,#6255,.T.);
#6255 = EDGE_CURVE('',#6248,#6222,#6256,.T.);
#6256 = LINE('',#6257,#6258);
#6257 = CARTESIAN_POINT('',(36.,13.8,3.05));
#6258 = VECTOR('',#6259,1.);
#6259 = DIRECTION('',(1.,0.,0.));
#6260 = PLANE('',#6261);
#6261 = AXIS2_PLACEMENT_3D('',#6262,#6263,#6264);
#6262 = CARTESIAN_POINT('',(36.,13.8,-1.));
#6263 = DIRECTION('',(0.,1.,0.));
#6264 = DIRECTION('',(0.,0.,1.));
#6265 = ADVANCED_FACE('',(#6266),#6277,.T.);
#6266 = FACE_BOUND('',#6267,.T.);
#6267 = EDGE_LOOP('',(#6268,#6269,#6270,#6271));
#6268 = ORIENTED_EDGE('',*,*,#6247,.F.);
#6269 = ORIENTED_EDGE('',*,*,#5778,.F.);
#6270 = ORIENTED_EDGE('',*,*,#6116,.T.);
#6271 = ORIENTED_EDGE('',*,*,#6272,.F.);
#6272 = EDGE_CURVE('',#6248,#6117,#6273,.T.);
#6273 = LINE('',#6274,#6275);
#6274 = CARTESIAN_POINT('',(36.,13.8,3.05));
#6275 = VECTOR('',#6276,1.);
#6276 = DIRECTION('',(0.,1.,0.));
#6277 = PLANE('',#6278);
#6278 = AXIS2_PLACEMENT_3D('',#6279,#6280,#6281);
#6279 = CARTESIAN_POINT('',(36.,13.8,-1.));
#6280 = DIRECTION('',(1.,0.,0.));
#6281 = DIRECTION('',(0.,0.,1.));
#6282 = ADVANCED_FACE('',(#6283),#6294,.T.);
#6283 = FACE_BOUND('',#6284,.T.);
#6284 = EDGE_LOOP('',(#6285,#6291,#6292,#6293));
#6285 = ORIENTED_EDGE('',*,*,#6286,.T.);
#6286 = EDGE_CURVE('',#5869,#6107,#6287,.T.);
#6287 = LINE('',#6288,#6289);
#6288 = CARTESIAN_POINT('',(1.85,12.6,3.6));
#6289 = VECTOR('',#6290,1.);
#6290 = DIRECTION('',(0.,1.,0.));
#6291 = ORIENTED_EDGE('',*,*,#6106,.T.);
#6292 = ORIENTED_EDGE('',*,*,#5762,.F.);
#6293 = ORIENTED_EDGE('',*,*,#5876,.F.);
#6294 = CYLINDRICAL_SURFACE('',#6295,1.75);
#6295 = AXIS2_PLACEMENT_3D('',#6296,#6297,#6298);
#6296 = CARTESIAN_POINT('',(3.6,12.6,3.6));
#6297 = DIRECTION('',(0.,-1.,0.));
#6298 = DIRECTION('',(-1.,0.,5.075305255429E-16));
#6299 = ADVANCED_FACE('',(#6300),#6311,.T.);
#6300 = FACE_BOUND('',#6301,.T.);
#6301 = EDGE_LOOP('',(#6302,#6308,#6309,#6310));
#6302 = ORIENTED_EDGE('',*,*,#6303,.T.);
#6303 = EDGE_CURVE('',#5860,#6166,#6304,.T.);
#6304 = LINE('',#6305,#6306);
#6305 = CARTESIAN_POINT('',(1.85,12.6,61.9));
#6306 = VECTOR('',#6307,1.);
#6307 = DIRECTION('',(0.,1.,0.));
#6308 = ORIENTED_EDGE('',*,*,#6174,.T.);
#6309 = ORIENTED_EDGE('',*,*,#6286,.F.);
#6310 = ORIENTED_EDGE('',*,*,#5868,.F.);
#6311 = PLANE('',#6312);
#6312 = AXIS2_PLACEMENT_3D('',#6313,#6314,#6315);
#6313 = CARTESIAN_POINT('',(1.85,12.6,61.9));
#6314 = DIRECTION('',(-1.,0.,0.));
#6315 = DIRECTION('',(0.,0.,-1.));
#6316 = ADVANCED_FACE('',(#6317),#6328,.T.);
#6317 = FACE_BOUND('',#6318,.T.);
#6318 = EDGE_LOOP('',(#6319,#6320,#6321,#6327));
#6319 = ORIENTED_EDGE('',*,*,#6091,.T.);
#6320 = ORIENTED_EDGE('',*,*,#6140,.T.);
#6321 = ORIENTED_EDGE('',*,*,#6322,.F.);
#6322 = EDGE_CURVE('',#5835,#6141,#6323,.T.);
#6323 = LINE('',#6324,#6325);
#6324 = CARTESIAN_POINT('',(116.15,12.6,61.9));
#6325 = VECTOR('',#6326,1.);
#6326 = DIRECTION('',(0.,1.,0.));
#6327 = ORIENTED_EDGE('',*,*,#5834,.F.);
#6328 = PLANE('',#6329);
#6329 = AXIS2_PLACEMENT_3D('',#6330,#6331,#6332);
#6330 = CARTESIAN_POINT('',(116.15,12.6,3.6));
#6331 = DIRECTION('',(1.,0.,0.));
#6332 = DIRECTION('',(0.,0.,1.));
#6333 = ADVANCED_FACE('',(#6334),#6345,.T.);
#6334 = FACE_BOUND('',#6335,.T.);
#6335 = EDGE_LOOP('',(#6336,#6342,#6343,#6344));
#6336 = ORIENTED_EDGE('',*,*,#6337,.T.);
#6337 = EDGE_CURVE('',#5852,#6158,#6338,.T.);
#6338 = LINE('',#6339,#6340);
#6339 = CARTESIAN_POINT('',(3.6,12.6,63.65));
#6340 = VECTOR('',#6341,1.);
#6341 = DIRECTION('',(0.,1.,0.));
#6342 = ORIENTED_EDGE('',*,*,#6165,.T.);
#6343 = ORIENTED_EDGE('',*,*,#6303,.F.);
#6344 = ORIENTED_EDGE('',*,*,#5859,.F.);
#6345 = CYLINDRICAL_SURFACE('',#6346,1.75);
#6346 = AXIS2_PLACEMENT_3D('',#6347,#6348,#6349);
#6347 = CARTESIAN_POINT('',(3.6,12.6,61.9));
#6348 = DIRECTION('',(0.,-1.,0.));
#6349 = DIRECTION('',(2.537652627715E-15,0.,1.));
#6350 = ADVANCED_FACE('',(#6351),#6362,.T.);
#6351 = FACE_BOUND('',#6352,.T.);
#6352 = EDGE_LOOP('',(#6353,#6354,#6355,#6361));
#6353 = ORIENTED_EDGE('',*,*,#6322,.T.);
#6354 = ORIENTED_EDGE('',*,*,#6148,.T.);
#6355 = ORIENTED_EDGE('',*,*,#6356,.F.);
#6356 = EDGE_CURVE('',#5843,#6149,#6357,.T.);
#6357 = LINE('',#6358,#6359);
#6358 = CARTESIAN_POINT('',(114.4,12.6,63.65));
#6359 = VECTOR('',#6360,1.);
#6360 = DIRECTION('',(0.,1.,0.));
#6361 = ORIENTED_EDGE('',*,*,#5842,.F.);
#6362 = CYLINDRICAL_SURFACE('',#6363,1.75);
#6363 = AXIS2_PLACEMENT_3D('',#6364,#6365,#6366);
#6364 = CARTESIAN_POINT('',(114.4,12.6,61.9));
#6365 = DIRECTION('',(0.,-1.,0.));
#6366 = DIRECTION('',(1.,0.,4.060244204343E-15));
#6367 = ADVANCED_FACE('',(#6368),#6374,.T.);
#6368 = FACE_BOUND('',#6369,.T.);
#6369 = EDGE_LOOP('',(#6370,#6371,#6372,#6373));
#6370 = ORIENTED_EDGE('',*,*,#6356,.T.);
#6371 = ORIENTED_EDGE('',*,*,#6157,.T.);
#6372 = ORIENTED_EDGE('',*,*,#6337,.F.);
#6373 = ORIENTED_EDGE('',*,*,#5851,.F.);
#6374 = PLANE('',#6375);
#6375 = AXIS2_PLACEMENT_3D('',#6376,#6377,#6378);
#6376 = CARTESIAN_POINT('',(114.4,12.6,63.65));
#6377 = DIRECTION('',(0.,0.,1.));
#6378 = DIRECTION('',(-1.,0.,0.));
#6379 = ADVANCED_FACE('',(#6380),#6399,.T.);
#6380 = FACE_BOUND('',#6381,.T.);
#6381 = EDGE_LOOP('',(#6382,#6383,#6391,#6398));
#6382 = ORIENTED_EDGE('',*,*,#5885,.F.);
#6383 = ORIENTED_EDGE('',*,*,#6384,.F.);
#6384 = EDGE_CURVE('',#6385,#5886,#6387,.T.);
#6385 = VERTEX_POINT('',#6386);
#6386 = CARTESIAN_POINT('',(8.2,6.45,60.07));
#6387 = LINE('',#6388,#6389);
#6388 = CARTESIAN_POINT('',(8.2,6.45,60.07));
#6389 = VECTOR('',#6390,1.);
#6390 = DIRECTION('',(0.,1.,0.));
#6391 = ORIENTED_EDGE('',*,*,#6392,.T.);
#6392 = EDGE_CURVE('',#6385,#6385,#6393,.T.);
#6393 = CIRCLE('',#6394,2.8);
#6394 = AXIS2_PLACEMENT_3D('',#6395,#6396,#6397);
#6395 = CARTESIAN_POINT('',(8.2,6.45,57.27));
#6396 = DIRECTION('',(0.,1.,0.));
#6397 = DIRECTION('',(0.,0.,1.));
#6398 = ORIENTED_EDGE('',*,*,#6384,.T.);
#6399 = CYLINDRICAL_SURFACE('',#6400,2.8);
#6400 = AXIS2_PLACEMENT_3D('',#6401,#6402,#6403);
#6401 = CARTESIAN_POINT('',(8.2,6.45,57.27));
#6402 = DIRECTION('',(0.,1.,0.));
#6403 = DIRECTION('',(0.,0.,1.));
#6404 = ADVANCED_FACE('',(#6405),#6424,.T.);
#6405 = FACE_BOUND('',#6406,.T.);
#6406 = EDGE_LOOP('',(#6407,#6408,#6416,#6423));
#6407 = ORIENTED_EDGE('',*,*,#5896,.F.);
#6408 = ORIENTED_EDGE('',*,*,#6409,.F.);
#6409 = EDGE_CURVE('',#6410,#5897,#6412,.T.);
#6410 = VERTEX_POINT('',#6411);
#6411 = CARTESIAN_POINT('',(8.2,6.45,11.03));
#6412 = LINE('',#6413,#6414);
#6413 = CARTESIAN_POINT('',(8.2,6.45,11.03));
#6414 = VECTOR('',#6415,1.);
#6415 = DIRECTION('',(0.,1.,0.));
#6416 = ORIENTED_EDGE('',*,*,#6417,.T.);
#6417 = EDGE_CURVE('',#6410,#6410,#6418,.T.);
#6418 = CIRCLE('',#6419,2.8);
#6419 = AXIS2_PLACEMENT_3D('',#6420,#6421,#6422);
#6420 = CARTESIAN_POINT('',(8.2,6.45,8.23));
#6421 = DIRECTION('',(0.,1.,0.));
#6422 = DIRECTION('',(0.,0.,1.));
#6423 = ORIENTED_EDGE('',*,*,#6409,.T.);
#6424 = CYLINDRICAL_SURFACE('',#6425,2.8);
#6425 = AXIS2_PLACEMENT_3D('',#6426,#6427,#6428);
#6426 = CARTESIAN_POINT('',(8.2,6.45,8.23));
#6427 = DIRECTION('',(0.,1.,0.));
#6428 = DIRECTION('',(0.,0.,1.));
#6429 = ADVANCED_FACE('',(#6430),#6449,.T.);
#6430 = FACE_BOUND('',#6431,.T.);
#6431 = EDGE_LOOP('',(#6432,#6433,#6441,#6448));
#6432 = ORIENTED_EDGE('',*,*,#5907,.F.);
#6433 = ORIENTED_EDGE('',*,*,#6434,.F.);
#6434 = EDGE_CURVE('',#6435,#5908,#6437,.T.);
#6435 = VERTEX_POINT('',#6436);
#6436 = CARTESIAN_POINT('',(91.5,6.4,60.07));
#6437 = LINE('',#6438,#6439);
#6438 = CARTESIAN_POINT('',(91.5,6.4,60.07));
#6439 = VECTOR('',#6440,1.);
#6440 = DIRECTION('',(0.,1.,0.));
#6441 = ORIENTED_EDGE('',*,*,#6442,.T.);
#6442 = EDGE_CURVE('',#6435,#6435,#6443,.T.);
#6443 = CIRCLE('',#6444,2.8);
#6444 = AXIS2_PLACEMENT_3D('',#6445,#6446,#6447);
#6445 = CARTESIAN_POINT('',(91.5,6.4,57.27));
#6446 = DIRECTION('',(0.,1.,0.));
#6447 = DIRECTION('',(0.,0.,1.));
#6448 = ORIENTED_EDGE('',*,*,#6434,.T.);
#6449 = CYLINDRICAL_SURFACE('',#6450,2.8);
#6450 = AXIS2_PLACEMENT_3D('',#6451,#6452,#6453);
#6451 = CARTESIAN_POINT('',(91.5,6.4,57.27));
#6452 = DIRECTION('',(0.,1.,0.));
#6453 = DIRECTION('',(0.,0.,1.));
#6454 = ADVANCED_FACE('',(#6455),#6474,.T.);
#6455 = FACE_BOUND('',#6456,.T.);
#6456 = EDGE_LOOP('',(#6457,#6458,#6466,#6473));
#6457 = ORIENTED_EDGE('',*,*,#5918,.F.);
#6458 = ORIENTED_EDGE('',*,*,#6459,.F.);
#6459 = EDGE_CURVE('',#6460,#5919,#6462,.T.);
#6460 = VERTEX_POINT('',#6461);
#6461 = CARTESIAN_POINT('',(96.3,2.45,53.45));
#6462 = LINE('',#6463,#6464);
#6463 = CARTESIAN_POINT('',(96.3,2.45,53.45));
#6464 = VECTOR('',#6465,1.);
#6465 = DIRECTION('',(0.,1.,0.));
#6466 = ORIENTED_EDGE('',*,*,#6467,.T.);
#6467 = EDGE_CURVE('',#6460,#6460,#6468,.T.);
#6468 = CIRCLE('',#6469,1.5);
#6469 = AXIS2_PLACEMENT_3D('',#6470,#6471,#6472);
#6470 = CARTESIAN_POINT('',(96.3,2.45,51.95));
#6471 = DIRECTION('',(0.,1.,0.));
#6472 = DIRECTION('',(0.,0.,1.));
#6473 = ORIENTED_EDGE('',*,*,#6459,.T.);
#6474 = CYLINDRICAL_SURFACE('',#6475,1.5);
#6475 = AXIS2_PLACEMENT_3D('',#6476,#6477,#6478);
#6476 = CARTESIAN_POINT('',(96.3,2.45,51.95));
#6477 = DIRECTION('',(0.,1.,0.));
#6478 = DIRECTION('',(0.,0.,1.));
#6479 = ADVANCED_FACE('',(#6480),#6499,.T.);
#6480 = FACE_BOUND('',#6481,.T.);
#6481 = EDGE_LOOP('',(#6482,#6483,#6491,#6498));
#6482 = ORIENTED_EDGE('',*,*,#5929,.F.);
#6483 = ORIENTED_EDGE('',*,*,#6484,.F.);
#6484 = EDGE_CURVE('',#6485,#5930,#6487,.T.);
#6485 = VERTEX_POINT('',#6486);
#6486 = CARTESIAN_POINT('',(109.55,2.45,53.45));
#6487 = LINE('',#6488,#6489);
#6488 = CARTESIAN_POINT('',(109.55,2.45,53.45));
#6489 = VECTOR('',#6490,1.);
#6490 = DIRECTION('',(0.,1.,0.));
#6491 = ORIENTED_EDGE('',*,*,#6492,.T.);
#6492 = EDGE_CURVE('',#6485,#6485,#6493,.T.);
#6493 = CIRCLE('',#6494,1.5);
#6494 = AXIS2_PLACEMENT_3D('',#6495,#6496,#6497);
#6495 = CARTESIAN_POINT('',(109.55,2.45,51.95));
#6496 = DIRECTION('',(0.,1.,0.));
#6497 = DIRECTION('',(0.,0.,1.));
#6498 = ORIENTED_EDGE('',*,*,#6484,.T.);
#6499 = CYLINDRICAL_SURFACE('',#6500,1.5);
#6500 = AXIS2_PLACEMENT_3D('',#6501,#6502,#6503);
#6501 = CARTESIAN_POINT('',(109.55,2.45,51.95));
#6502 = DIRECTION('',(0.,1.,0.));
#6503 = DIRECTION('',(0.,0.,1.));
#6504 = ADVANCED_FACE('',(#6505),#6524,.T.);
#6505 = FACE_BOUND('',#6506,.T.);
#6506 = EDGE_LOOP('',(#6507,#6508,#6516,#6523));
#6507 = ORIENTED_EDGE('',*,*,#5940,.F.);
#6508 = ORIENTED_EDGE('',*,*,#6509,.F.);
#6509 = EDGE_CURVE('',#6510,#5941,#6512,.T.);
#6510 = VERTEX_POINT('',#6511);
#6511 = CARTESIAN_POINT('',(96.3,2.45,36.45));
#6512 = LINE('',#6513,#6514);
#6513 = CARTESIAN_POINT('',(96.3,2.45,36.45));
#6514 = VECTOR('',#6515,1.);
#6515 = DIRECTION('',(0.,1.,0.));
#6516 = ORIENTED_EDGE('',*,*,#6517,.T.);
#6517 = EDGE_CURVE('',#6510,#6510,#6518,.T.);
#6518 = CIRCLE('',#6519,1.5);
#6519 = AXIS2_PLACEMENT_3D('',#6520,#6521,#6522);
#6520 = CARTESIAN_POINT('',(96.3,2.45,34.95));
#6521 = DIRECTION('',(0.,1.,0.));
#6522 = DIRECTION('',(0.,0.,1.));
#6523 = ORIENTED_EDGE('',*,*,#6509,.T.);
#6524 = CYLINDRICAL_SURFACE('',#6525,1.5);
#6525 = AXIS2_PLACEMENT_3D('',#6526,#6527,#6528);
#6526 = CARTESIAN_POINT('',(96.3,2.45,34.95));
#6527 = DIRECTION('',(0.,1.,0.));
#6528 = DIRECTION('',(0.,0.,1.));
#6529 = ADVANCED_FACE('',(#6530),#6549,.T.);
#6530 = FACE_BOUND('',#6531,.T.);
#6531 = EDGE_LOOP('',(#6532,#6533,#6541,#6548));
#6532 = ORIENTED_EDGE('',*,*,#5951,.F.);
#6533 = ORIENTED_EDGE('',*,*,#6534,.F.);
#6534 = EDGE_CURVE('',#6535,#5952,#6537,.T.);
#6535 = VERTEX_POINT('',#6536);
#6536 = CARTESIAN_POINT('',(109.55,2.45,36.45));
#6537 = LINE('',#6538,#6539);
#6538 = CARTESIAN_POINT('',(109.55,2.45,36.45));
#6539 = VECTOR('',#6540,1.);
#6540 = DIRECTION('',(0.,1.,0.));
#6541 = ORIENTED_EDGE('',*,*,#6542,.T.);
#6542 = EDGE_CURVE('',#6535,#6535,#6543,.T.);
#6543 = CIRCLE('',#6544,1.5);
#6544 = AXIS2_PLACEMENT_3D('',#6545,#6546,#6547);
#6545 = CARTESIAN_POINT('',(109.55,2.45,34.95));
#6546 = DIRECTION('',(0.,1.,0.));
#6547 = DIRECTION('',(0.,0.,1.));
#6548 = ORIENTED_EDGE('',*,*,#6534,.T.);
#6549 = CYLINDRICAL_SURFACE('',#6550,1.5);
#6550 = AXIS2_PLACEMENT_3D('',#6551,#6552,#6553);
#6551 = CARTESIAN_POINT('',(109.55,2.45,34.95));
#6552 = DIRECTION('',(0.,1.,0.));
#6553 = DIRECTION('',(0.,0.,1.));
#6554 = ADVANCED_FACE('',(#6555),#6580,.F.);
#6555 = FACE_BOUND('',#6556,.F.);
#6556 = EDGE_LOOP('',(#6557,#6565,#6573,#6579));
#6557 = ORIENTED_EDGE('',*,*,#6558,.F.);
#6558 = EDGE_CURVE('',#6559,#5965,#6561,.T.);
#6559 = VERTEX_POINT('',#6560);
#6560 = CARTESIAN_POINT('',(99.65,6.5,22.1));
#6561 = LINE('',#6562,#6563);
#6562 = CARTESIAN_POINT('',(99.65,6.5,22.1));
#6563 = VECTOR('',#6564,1.);
#6564 = DIRECTION('',(0.,1.,0.));
#6565 = ORIENTED_EDGE('',*,*,#6566,.T.);
#6566 = EDGE_CURVE('',#6559,#6567,#6569,.T.);
#6567 = VERTEX_POINT('',#6568);
#6568 = CARTESIAN_POINT('',(111.65,6.5,22.1));
#6569 = LINE('',#6570,#6571);
#6570 = CARTESIAN_POINT('',(99.65,6.5,22.1));
#6571 = VECTOR('',#6572,1.);
#6572 = DIRECTION('',(1.,0.,0.));
#6573 = ORIENTED_EDGE('',*,*,#6574,.T.);
#6574 = EDGE_CURVE('',#6567,#5963,#6575,.T.);
#6575 = LINE('',#6576,#6577);
#6576 = CARTESIAN_POINT('',(111.65,6.5,22.1));
#6577 = VECTOR('',#6578,1.);
#6578 = DIRECTION('',(0.,1.,0.));
#6579 = ORIENTED_EDGE('',*,*,#5962,.T.);
#6580 = PLANE('',#6581);
#6581 = AXIS2_PLACEMENT_3D('',#6582,#6583,#6584);
#6582 = CARTESIAN_POINT('',(99.65,6.5,22.1));
#6583 = DIRECTION('',(0.,0.,1.));
#6584 = DIRECTION('',(1.,0.,0.));
#6585 = ADVANCED_FACE('',(#6586),#6604,.T.);
#6586 = FACE_BOUND('',#6587,.T.);
#6587 = EDGE_LOOP('',(#6588,#6596,#6602,#6603));
#6588 = ORIENTED_EDGE('',*,*,#6589,.F.);
#6589 = EDGE_CURVE('',#6590,#5981,#6592,.T.);
#6590 = VERTEX_POINT('',#6591);
#6591 = CARTESIAN_POINT('',(111.65,6.5,23.9));
#6592 = LINE('',#6593,#6594);
#6593 = CARTESIAN_POINT('',(111.65,6.5,23.9));
#6594 = VECTOR('',#6595,1.);
#6595 = DIRECTION('',(0.,1.,0.));
#6596 = ORIENTED_EDGE('',*,*,#6597,.F.);
#6597 = EDGE_CURVE('',#6567,#6590,#6598,.T.);
#6598 = LINE('',#6599,#6600);
#6599 = CARTESIAN_POINT('',(111.65,6.5,22.1));
#6600 = VECTOR('',#6601,1.);
#6601 = DIRECTION('',(0.,0.,1.));
#6602 = ORIENTED_EDGE('',*,*,#6574,.T.);
#6603 = ORIENTED_EDGE('',*,*,#5988,.T.);
#6604 = PLANE('',#6605);
#6605 = AXIS2_PLACEMENT_3D('',#6606,#6607,#6608);
#6606 = CARTESIAN_POINT('',(111.65,6.5,22.1));
#6607 = DIRECTION('',(1.,0.,0.));
#6608 = DIRECTION('',(0.,0.,1.));
#6609 = ADVANCED_FACE('',(#6610),#6628,.F.);
#6610 = FACE_BOUND('',#6611,.F.);
#6611 = EDGE_LOOP('',(#6612,#6620,#6626,#6627));
#6612 = ORIENTED_EDGE('',*,*,#6613,.F.);
#6613 = EDGE_CURVE('',#6614,#5973,#6616,.T.);
#6614 = VERTEX_POINT('',#6615);
#6615 = CARTESIAN_POINT('',(99.65,6.5,23.9));
#6616 = LINE('',#6617,#6618);
#6617 = CARTESIAN_POINT('',(99.65,6.5,23.9));
#6618 = VECTOR('',#6619,1.);
#6619 = DIRECTION('',(0.,1.,0.));
#6620 = ORIENTED_EDGE('',*,*,#6621,.F.);
#6621 = EDGE_CURVE('',#6559,#6614,#6622,.T.);
#6622 = LINE('',#6623,#6624);
#6623 = CARTESIAN_POINT('',(99.65,6.5,22.1));
#6624 = VECTOR('',#6625,1.);
#6625 = DIRECTION('',(0.,0.,1.));
#6626 = ORIENTED_EDGE('',*,*,#6558,.T.);
#6627 = ORIENTED_EDGE('',*,*,#5972,.T.);
#6628 = PLANE('',#6629);
#6629 = AXIS2_PLACEMENT_3D('',#6630,#6631,#6632);
#6630 = CARTESIAN_POINT('',(99.65,6.5,22.1));
#6631 = DIRECTION('',(1.,0.,0.));
#6632 = DIRECTION('',(0.,0.,1.));
#6633 = ADVANCED_FACE('',(#6634),#6645,.T.);
#6634 = FACE_BOUND('',#6635,.T.);
#6635 = EDGE_LOOP('',(#6636,#6637,#6643,#6644));
#6636 = ORIENTED_EDGE('',*,*,#6613,.F.);
#6637 = ORIENTED_EDGE('',*,*,#6638,.T.);
#6638 = EDGE_CURVE('',#6614,#6590,#6639,.T.);
#6639 = LINE('',#6640,#6641);
#6640 = CARTESIAN_POINT('',(99.65,6.5,23.9));
#6641 = VECTOR('',#6642,1.);
#6642 = DIRECTION('',(1.,0.,0.));
#6643 = ORIENTED_EDGE('',*,*,#6589,.T.);
#6644 = ORIENTED_EDGE('',*,*,#5980,.T.);
#6645 = PLANE('',#6646);
#6646 = AXIS2_PLACEMENT_3D('',#6647,#6648,#6649);
#6647 = CARTESIAN_POINT('',(99.65,6.5,23.9));
#6648 = DIRECTION('',(0.,0.,1.));
#6649 = DIRECTION('',(1.,0.,0.));
#6650 = ADVANCED_FACE('',(#6651),#6670,.T.);
#6651 = FACE_BOUND('',#6652,.T.);
#6652 = EDGE_LOOP('',(#6653,#6654,#6662,#6669));
#6653 = ORIENTED_EDGE('',*,*,#5996,.F.);
#6654 = ORIENTED_EDGE('',*,*,#6655,.F.);
#6655 = EDGE_CURVE('',#6656,#5997,#6658,.T.);
#6656 = VERTEX_POINT('',#6657);
#6657 = CARTESIAN_POINT('',(91.5,6.45,11.03));
#6658 = LINE('',#6659,#6660);
#6659 = CARTESIAN_POINT('',(91.5,6.45,11.03));
#6660 = VECTOR('',#6661,1.);
#6661 = DIRECTION('',(0.,1.,0.));
#6662 = ORIENTED_EDGE('',*,*,#6663,.T.);
#6663 = EDGE_CURVE('',#6656,#6656,#6664,.T.);
#6664 = CIRCLE('',#6665,2.8);
#6665 = AXIS2_PLACEMENT_3D('',#6666,#6667,#6668);
#6666 = CARTESIAN_POINT('',(91.5,6.45,8.23));
#6667 = DIRECTION('',(0.,1.,0.));
#6668 = DIRECTION('',(0.,0.,1.));
#6669 = ORIENTED_EDGE('',*,*,#6655,.T.);
#6670 = CYLINDRICAL_SURFACE('',#6671,2.8);
#6671 = AXIS2_PLACEMENT_3D('',#6672,#6673,#6674);
#6672 = CARTESIAN_POINT('',(91.5,6.45,8.23));
#6673 = DIRECTION('',(0.,1.,0.));
#6674 = DIRECTION('',(0.,0.,1.));
#6675 = ADVANCED_FACE('',(#6676),#6701,.F.);
#6676 = FACE_BOUND('',#6677,.F.);
#6677 = EDGE_LOOP('',(#6678,#6686,#6694,#6700));
#6678 = ORIENTED_EDGE('',*,*,#6679,.F.);
#6679 = EDGE_CURVE('',#6680,#6010,#6682,.T.);
#6680 = VERTEX_POINT('',#6681);
#6681 = CARTESIAN_POINT('',(99.65,6.5,15.7));
#6682 = LINE('',#6683,#6684);
#6683 = CARTESIAN_POINT('',(99.65,6.5,15.7));
#6684 = VECTOR('',#6685,1.);
#6685 = DIRECTION('',(0.,1.,0.));
#6686 = ORIENTED_EDGE('',*,*,#6687,.T.);
#6687 = EDGE_CURVE('',#6680,#6688,#6690,.T.);
#6688 = VERTEX_POINT('',#6689);
#6689 = CARTESIAN_POINT('',(111.65,6.5,15.7));
#6690 = LINE('',#6691,#6692);
#6691 = CARTESIAN_POINT('',(99.65,6.5,15.7));
#6692 = VECTOR('',#6693,1.);
#6693 = DIRECTION('',(1.,0.,0.));
#6694 = ORIENTED_EDGE('',*,*,#6695,.T.);
#6695 = EDGE_CURVE('',#6688,#6008,#6696,.T.);
#6696 = LINE('',#6697,#6698);
#6697 = CARTESIAN_POINT('',(111.65,6.5,15.7));
#6698 = VECTOR('',#6699,1.);
#6699 = DIRECTION('',(0.,1.,0.));
#6700 = ORIENTED_EDGE('',*,*,#6007,.T.);
#6701 = PLANE('',#6702);
#6702 = AXIS2_PLACEMENT_3D('',#6703,#6704,#6705);
#6703 = CARTESIAN_POINT('',(99.65,6.5,15.7));
#6704 = DIRECTION('',(0.,0.,1.));
#6705 = DIRECTION('',(1.,0.,0.));
#6706 = ADVANCED_FACE('',(#6707),#6725,.T.);
#6707 = FACE_BOUND('',#6708,.T.);
#6708 = EDGE_LOOP('',(#6709,#6717,#6723,#6724));
#6709 = ORIENTED_EDGE('',*,*,#6710,.F.);
#6710 = EDGE_CURVE('',#6711,#6026,#6713,.T.);
#6711 = VERTEX_POINT('',#6712);
#6712 = CARTESIAN_POINT('',(111.65,6.5,17.5));
#6713 = LINE('',#6714,#6715);
#6714 = CARTESIAN_POINT('',(111.65,6.5,17.5));
#6715 = VECTOR('',#6716,1.);
#6716 = DIRECTION('',(0.,1.,0.));
#6717 = ORIENTED_EDGE('',*,*,#6718,.F.);
#6718 = EDGE_CURVE('',#6688,#6711,#6719,.T.);
#6719 = LINE('',#6720,#6721);
#6720 = CARTESIAN_POINT('',(111.65,6.5,15.7));
#6721 = VECTOR('',#6722,1.);
#6722 = DIRECTION('',(0.,0.,1.));
#6723 = ORIENTED_EDGE('',*,*,#6695,.T.);
#6724 = ORIENTED_EDGE('',*,*,#6033,.T.);
#6725 = PLANE('',#6726);
#6726 = AXIS2_PLACEMENT_3D('',#6727,#6728,#6729);
#6727 = CARTESIAN_POINT('',(111.65,6.5,15.7));
#6728 = DIRECTION('',(1.,0.,0.));
#6729 = DIRECTION('',(0.,0.,1.));
#6730 = ADVANCED_FACE('',(#6731),#6749,.F.);
#6731 = FACE_BOUND('',#6732,.F.);
#6732 = EDGE_LOOP('',(#6733,#6741,#6747,#6748));
#6733 = ORIENTED_EDGE('',*,*,#6734,.F.);
#6734 = EDGE_CURVE('',#6735,#6018,#6737,.T.);
#6735 = VERTEX_POINT('',#6736);
#6736 = CARTESIAN_POINT('',(99.65,6.5,17.5));
#6737 = LINE('',#6738,#6739);
#6738 = CARTESIAN_POINT('',(99.65,6.5,17.5));
#6739 = VECTOR('',#6740,1.);
#6740 = DIRECTION('',(0.,1.,0.));
#6741 = ORIENTED_EDGE('',*,*,#6742,.F.);
#6742 = EDGE_CURVE('',#6680,#6735,#6743,.T.);
#6743 = LINE('',#6744,#6745);
#6744 = CARTESIAN_POINT('',(99.65,6.5,15.7));
#6745 = VECTOR('',#6746,1.);
#6746 = DIRECTION('',(0.,0.,1.));
#6747 = ORIENTED_EDGE('',*,*,#6679,.T.);
#6748 = ORIENTED_EDGE('',*,*,#6017,.T.);
#6749 = PLANE('',#6750);
#6750 = AXIS2_PLACEMENT_3D('',#6751,#6752,#6753);
#6751 = CARTESIAN_POINT('',(99.65,6.5,15.7));
#6752 = DIRECTION('',(1.,0.,0.));
#6753 = DIRECTION('',(0.,0.,1.));
#6754 = ADVANCED_FACE('',(#6755),#6766,.T.);
#6755 = FACE_BOUND('',#6756,.T.);
#6756 = EDGE_LOOP('',(#6757,#6758,#6764,#6765));
#6757 = ORIENTED_EDGE('',*,*,#6734,.F.);
#6758 = ORIENTED_EDGE('',*,*,#6759,.T.);
#6759 = EDGE_CURVE('',#6735,#6711,#6760,.T.);
#6760 = LINE('',#6761,#6762);
#6761 = CARTESIAN_POINT('',(99.65,6.5,17.5));
#6762 = VECTOR('',#6763,1.);
#6763 = DIRECTION('',(1.,0.,0.));
#6764 = ORIENTED_EDGE('',*,*,#6710,.T.);
#6765 = ORIENTED_EDGE('',*,*,#6025,.T.);
#6766 = PLANE('',#6767);
#6767 = AXIS2_PLACEMENT_3D('',#6768,#6769,#6770);
#6768 = CARTESIAN_POINT('',(99.65,6.5,17.5));
#6769 = DIRECTION('',(0.,0.,1.));
#6770 = DIRECTION('',(1.,0.,0.));
#6771 = ADVANCED_FACE('',(#6772),#6797,.F.);
#6772 = FACE_BOUND('',#6773,.F.);
#6773 = EDGE_LOOP('',(#6774,#6782,#6790,#6796));
#6774 = ORIENTED_EDGE('',*,*,#6775,.F.);
#6775 = EDGE_CURVE('',#6776,#6044,#6778,.T.);
#6776 = VERTEX_POINT('',#6777);
#6777 = CARTESIAN_POINT('',(99.65,6.5,6.7));
#6778 = LINE('',#6779,#6780);
#6779 = CARTESIAN_POINT('',(99.65,6.5,6.7));
#6780 = VECTOR('',#6781,1.);
#6781 = DIRECTION('',(0.,1.,0.));
#6782 = ORIENTED_EDGE('',*,*,#6783,.T.);
#6783 = EDGE_CURVE('',#6776,#6784,#6786,.T.);
#6784 = VERTEX_POINT('',#6785);
#6785 = CARTESIAN_POINT('',(111.65,6.5,6.7));
#6786 = LINE('',#6787,#6788);
#6787 = CARTESIAN_POINT('',(99.65,6.5,6.7));
#6788 = VECTOR('',#6789,1.);
#6789 = DIRECTION('',(1.,0.,0.));
#6790 = ORIENTED_EDGE('',*,*,#6791,.T.);
#6791 = EDGE_CURVE('',#6784,#6042,#6792,.T.);
#6792 = LINE('',#6793,#6794);
#6793 = CARTESIAN_POINT('',(111.65,6.5,6.7));
#6794 = VECTOR('',#6795,1.);
#6795 = DIRECTION('',(0.,1.,0.));
#6796 = ORIENTED_EDGE('',*,*,#6041,.T.);
#6797 = PLANE('',#6798);
#6798 = AXIS2_PLACEMENT_3D('',#6799,#6800,#6801);
#6799 = CARTESIAN_POINT('',(99.65,6.5,6.7));
#6800 = DIRECTION('',(0.,0.,1.));
#6801 = DIRECTION('',(1.,0.,0.));
#6802 = ADVANCED_FACE('',(#6803),#6821,.T.);
#6803 = FACE_BOUND('',#6804,.T.);
#6804 = EDGE_LOOP('',(#6805,#6813,#6819,#6820));
#6805 = ORIENTED_EDGE('',*,*,#6806,.F.);
#6806 = EDGE_CURVE('',#6807,#6060,#6809,.T.);
#6807 = VERTEX_POINT('',#6808);
#6808 = CARTESIAN_POINT('',(111.65,6.5,8.5));
#6809 = LINE('',#6810,#6811);
#6810 = CARTESIAN_POINT('',(111.65,6.5,8.5));
#6811 = VECTOR('',#6812,1.);
#6812 = DIRECTION('',(0.,1.,0.));
#6813 = ORIENTED_EDGE('',*,*,#6814,.F.);
#6814 = EDGE_CURVE('',#6784,#6807,#6815,.T.);
#6815 = LINE('',#6816,#6817);
#6816 = CARTESIAN_POINT('',(111.65,6.5,6.7));
#6817 = VECTOR('',#6818,1.);
#6818 = DIRECTION('',(0.,0.,1.));
#6819 = ORIENTED_EDGE('',*,*,#6791,.T.);
#6820 = ORIENTED_EDGE('',*,*,#6067,.T.);
#6821 = PLANE('',#6822);
#6822 = AXIS2_PLACEMENT_3D('',#6823,#6824,#6825);
#6823 = CARTESIAN_POINT('',(111.65,6.5,6.7));
#6824 = DIRECTION('',(1.,0.,0.));
#6825 = DIRECTION('',(0.,0.,1.));
#6826 = ADVANCED_FACE('',(#6827),#6845,.F.);
#6827 = FACE_BOUND('',#6828,.F.);
#6828 = EDGE_LOOP('',(#6829,#6837,#6843,#6844));
#6829 = ORIENTED_EDGE('',*,*,#6830,.F.);
#6830 = EDGE_CURVE('',#6831,#6052,#6833,.T.);
#6831 = VERTEX_POINT('',#6832);
#6832 = CARTESIAN_POINT('',(99.65,6.5,8.5));
#6833 = LINE('',#6834,#6835);
#6834 = CARTESIAN_POINT('',(99.65,6.5,8.5));
#6835 = VECTOR('',#6836,1.);
#6836 = DIRECTION('',(0.,1.,0.));
#6837 = ORIENTED_EDGE('',*,*,#6838,.F.);
#6838 = EDGE_CURVE('',#6776,#6831,#6839,.T.);
#6839 = LINE('',#6840,#6841);
#6840 = CARTESIAN_POINT('',(99.65,6.5,6.7));
#6841 = VECTOR('',#6842,1.);
#6842 = DIRECTION('',(0.,0.,1.));
#6843 = ORIENTED_EDGE('',*,*,#6775,.T.);
#6844 = ORIENTED_EDGE('',*,*,#6051,.T.);
#6845 = PLANE('',#6846);
#6846 = AXIS2_PLACEMENT_3D('',#6847,#6848,#6849);
#6847 = CARTESIAN_POINT('',(99.65,6.5,6.7));
#6848 = DIRECTION('',(1.,0.,0.));
#6849 = DIRECTION('',(0.,0.,1.));
#6850 = ADVANCED_FACE('',(#6851),#6862,.T.);
#6851 = FACE_BOUND('',#6852,.T.);
#6852 = EDGE_LOOP('',(#6853,#6854,#6860,#6861));
#6853 = ORIENTED_EDGE('',*,*,#6830,.F.);
#6854 = ORIENTED_EDGE('',*,*,#6855,.T.);
#6855 = EDGE_CURVE('',#6831,#6807,#6856,.T.);
#6856 = LINE('',#6857,#6858);
#6857 = CARTESIAN_POINT('',(99.65,6.5,8.5));
#6858 = VECTOR('',#6859,1.);
#6859 = DIRECTION('',(1.,0.,0.));
#6860 = ORIENTED_EDGE('',*,*,#6806,.T.);
#6861 = ORIENTED_EDGE('',*,*,#6059,.T.);
#6862 = PLANE('',#6863);
#6863 = AXIS2_PLACEMENT_3D('',#6864,#6865,#6866);
#6864 = CARTESIAN_POINT('',(99.65,6.5,8.5));
#6865 = DIRECTION('',(0.,0.,1.));
#6866 = DIRECTION('',(1.,0.,0.));
#6867 = ADVANCED_FACE('',(#6868),#6874,.F.);
#6868 = FACE_BOUND('',#6869,.F.);
#6869 = EDGE_LOOP('',(#6870,#6871,#6872,#6873));
#6870 = ORIENTED_EDGE('',*,*,#6272,.F.);
#6871 = ORIENTED_EDGE('',*,*,#6255,.T.);
#6872 = ORIENTED_EDGE('',*,*,#6231,.T.);
#6873 = ORIENTED_EDGE('',*,*,#6124,.T.);
#6874 = PLANE('',#6875);
#6875 = AXIS2_PLACEMENT_3D('',#6876,#6877,#6878);
#6876 = CARTESIAN_POINT('',(36.,13.8,3.05));
#6877 = DIRECTION('',(0.,0.,1.));
#6878 = DIRECTION('',(1.,0.,0.));
#6879 = ADVANCED_FACE('',(#6880,#6883),#6894,.F.);
#6880 = FACE_BOUND('',#6881,.F.);
#6881 = EDGE_LOOP('',(#6882));
#6882 = ORIENTED_EDGE('',*,*,#6392,.T.);
#6883 = FACE_BOUND('',#6884,.F.);
#6884 = EDGE_LOOP('',(#6885));
#6885 = ORIENTED_EDGE('',*,*,#6886,.F.);
#6886 = EDGE_CURVE('',#6887,#6887,#6889,.T.);
#6887 = VERTEX_POINT('',#6888);
#6888 = CARTESIAN_POINT('',(8.2,6.45,58.67));
#6889 = CIRCLE('',#6890,1.4);
#6890 = AXIS2_PLACEMENT_3D('',#6891,#6892,#6893);
#6891 = CARTESIAN_POINT('',(8.2,6.45,57.27));
#6892 = DIRECTION('',(0.,1.,0.));
#6893 = DIRECTION('',(0.,0.,1.));
#6894 = PLANE('',#6895);
#6895 = AXIS2_PLACEMENT_3D('',#6896,#6897,#6898);
#6896 = CARTESIAN_POINT('',(8.2,6.45,57.27));
#6897 = DIRECTION('',(0.,1.,0.));
#6898 = DIRECTION('',(0.,0.,1.));
#6899 = ADVANCED_FACE('',(#6900,#6903),#6914,.F.);
#6900 = FACE_BOUND('',#6901,.F.);
#6901 = EDGE_LOOP('',(#6902));
#6902 = ORIENTED_EDGE('',*,*,#6417,.T.);
#6903 = FACE_BOUND('',#6904,.F.);
#6904 = EDGE_LOOP('',(#6905));
#6905 = ORIENTED_EDGE('',*,*,#6906,.F.);
#6906 = EDGE_CURVE('',#6907,#6907,#6909,.T.);
#6907 = VERTEX_POINT('',#6908);
#6908 = CARTESIAN_POINT('',(8.2,6.45,9.63));
#6909 = CIRCLE('',#6910,1.4);
#6910 = AXIS2_PLACEMENT_3D('',#6911,#6912,#6913);
#6911 = CARTESIAN_POINT('',(8.2,6.45,8.23));
#6912 = DIRECTION('',(0.,1.,0.));
#6913 = DIRECTION('',(0.,0.,1.));
#6914 = PLANE('',#6915);
#6915 = AXIS2_PLACEMENT_3D('',#6916,#6917,#6918);
#6916 = CARTESIAN_POINT('',(8.2,6.45,8.23));
#6917 = DIRECTION('',(0.,1.,0.));
#6918 = DIRECTION('',(0.,0.,1.));
#6919 = ADVANCED_FACE('',(#6920,#6923),#6934,.F.);
#6920 = FACE_BOUND('',#6921,.F.);
#6921 = EDGE_LOOP('',(#6922));
#6922 = ORIENTED_EDGE('',*,*,#6442,.T.);
#6923 = FACE_BOUND('',#6924,.F.);
#6924 = EDGE_LOOP('',(#6925));
#6925 = ORIENTED_EDGE('',*,*,#6926,.F.);
#6926 = EDGE_CURVE('',#6927,#6927,#6929,.T.);
#6927 = VERTEX_POINT('',#6928);
#6928 = CARTESIAN_POINT('',(91.5,6.4,59.02));
#6929 = CIRCLE('',#6930,1.75);
#6930 = AXIS2_PLACEMENT_3D('',#6931,#6932,#6933);
#6931 = CARTESIAN_POINT('',(91.5,6.4,57.27));
#6932 = DIRECTION('',(0.,1.,0.));
#6933 = DIRECTION('',(0.,0.,1.));
#6934 = PLANE('',#6935);
#6935 = AXIS2_PLACEMENT_3D('',#6936,#6937,#6938);
#6936 = CARTESIAN_POINT('',(91.5,6.4,57.27));
#6937 = DIRECTION('',(0.,1.,0.));
#6938 = DIRECTION('',(0.,0.,1.));
#6939 = ADVANCED_FACE('',(#6940),#6943,.F.);
#6940 = FACE_BOUND('',#6941,.T.);
#6941 = EDGE_LOOP('',(#6942));
#6942 = ORIENTED_EDGE('',*,*,#6467,.F.);
#6943 = PLANE('',#6944);
#6944 = AXIS2_PLACEMENT_3D('',#6945,#6946,#6947);
#6945 = CARTESIAN_POINT('',(96.3,2.45,51.95));
#6946 = DIRECTION('',(0.,1.,0.));
#6947 = DIRECTION('',(0.,0.,1.));
#6948 = ADVANCED_FACE('',(#6949),#6952,.F.);
#6949 = FACE_BOUND('',#6950,.T.);
#6950 = EDGE_LOOP('',(#6951));
#6951 = ORIENTED_EDGE('',*,*,#6492,.F.);
#6952 = PLANE('',#6953);
#6953 = AXIS2_PLACEMENT_3D('',#6954,#6955,#6956);
#6954 = CARTESIAN_POINT('',(109.55,2.45,51.95));
#6955 = DIRECTION('',(0.,1.,0.));
#6956 = DIRECTION('',(0.,0.,1.));
#6957 = ADVANCED_FACE('',(#6958),#6961,.F.);
#6958 = FACE_BOUND('',#6959,.T.);
#6959 = EDGE_LOOP('',(#6960));
#6960 = ORIENTED_EDGE('',*,*,#6517,.F.);
#6961 = PLANE('',#6962);
#6962 = AXIS2_PLACEMENT_3D('',#6963,#6964,#6965);
#6963 = CARTESIAN_POINT('',(96.3,2.45,34.95));
#6964 = DIRECTION('',(0.,1.,0.));
#6965 = DIRECTION('',(0.,0.,1.));
#6966 = ADVANCED_FACE('',(#6967),#6970,.F.);
#6967 = FACE_BOUND('',#6968,.T.);
#6968 = EDGE_LOOP('',(#6969));
#6969 = ORIENTED_EDGE('',*,*,#6542,.F.);
#6970 = PLANE('',#6971);
#6971 = AXIS2_PLACEMENT_3D('',#6972,#6973,#6974);
#6972 = CARTESIAN_POINT('',(109.55,2.45,34.95));
#6973 = DIRECTION('',(0.,1.,0.));
#6974 = DIRECTION('',(0.,0.,1.));
#6975 = ADVANCED_FACE('',(#6976),#6982,.F.);
#6976 = FACE_BOUND('',#6977,.F.);
#6977 = EDGE_LOOP('',(#6978,#6979,#6980,#6981));
#6978 = ORIENTED_EDGE('',*,*,#6566,.F.);
#6979 = ORIENTED_EDGE('',*,*,#6621,.T.);
#6980 = ORIENTED_EDGE('',*,*,#6638,.T.);
#6981 = ORIENTED_EDGE('',*,*,#6597,.F.);
#6982 = PLANE('',#6983);
#6983 = AXIS2_PLACEMENT_3D('',#6984,#6985,#6986);
#6984 = CARTESIAN_POINT('',(99.65,6.5,22.1));
#6985 = DIRECTION('',(0.,1.,0.));
#6986 = DIRECTION('',(0.,0.,1.));
#6987 = ADVANCED_FACE('',(#6988,#6991),#7002,.F.);
#6988 = FACE_BOUND('',#6989,.F.);
#6989 = EDGE_LOOP('',(#6990));
#6990 = ORIENTED_EDGE('',*,*,#6663,.T.);
#6991 = FACE_BOUND('',#6992,.F.);
#6992 = EDGE_LOOP('',(#6993));
#6993 = ORIENTED_EDGE('',*,*,#6994,.F.);
#6994 = EDGE_CURVE('',#6995,#6995,#6997,.T.);
#6995 = VERTEX_POINT('',#6996);
#6996 = CARTESIAN_POINT('',(91.5,6.45,9.63));
#6997 = CIRCLE('',#6998,1.4);
#6998 = AXIS2_PLACEMENT_3D('',#6999,#7000,#7001);
#6999 = CARTESIAN_POINT('',(91.5,6.45,8.23));
#7000 = DIRECTION('',(0.,1.,0.));
#7001 = DIRECTION('',(0.,0.,1.));
#7002 = PLANE('',#7003);
#7003 = AXIS2_PLACEMENT_3D('',#7004,#7005,#7006);
#7004 = CARTESIAN_POINT('',(91.5,6.45,8.23));
#7005 = DIRECTION('',(0.,1.,0.));
#7006 = DIRECTION('',(0.,0.,1.));
#7007 = ADVANCED_FACE('',(#7008),#7014,.F.);
#7008 = FACE_BOUND('',#7009,.F.);
#7009 = EDGE_LOOP('',(#7010,#7011,#7012,#7013));
#7010 = ORIENTED_EDGE('',*,*,#6687,.F.);
#7011 = ORIENTED_EDGE('',*,*,#6742,.T.);
#7012 = ORIENTED_EDGE('',*,*,#6759,.T.);
#7013 = ORIENTED_EDGE('',*,*,#6718,.F.);
#7014 = PLANE('',#7015);
#7015 = AXIS2_PLACEMENT_3D('',#7016,#7017,#7018);
#7016 = CARTESIAN_POINT('',(99.65,6.5,15.7));
#7017 = DIRECTION('',(0.,1.,0.));
#7018 = DIRECTION('',(0.,0.,1.));
#7019 = ADVANCED_FACE('',(#7020),#7026,.F.);
#7020 = FACE_BOUND('',#7021,.F.);
#7021 = EDGE_LOOP('',(#7022,#7023,#7024,#7025));
#7022 = ORIENTED_EDGE('',*,*,#6783,.F.);
#7023 = ORIENTED_EDGE('',*,*,#6838,.T.);
#7024 = ORIENTED_EDGE('',*,*,#6855,.T.);
#7025 = ORIENTED_EDGE('',*,*,#6814,.F.);
#7026 = PLANE('',#7027);
#7027 = AXIS2_PLACEMENT_3D('',#7028,#7029,#7030);
#7028 = CARTESIAN_POINT('',(99.65,6.5,6.7));
#7029 = DIRECTION('',(0.,1.,0.));
#7030 = DIRECTION('',(0.,0.,1.));
#7031 = ADVANCED_FACE('',(#7032),#7043,.F.);
#7032 = FACE_BOUND('',#7033,.F.);
#7033 = EDGE_LOOP('',(#7034,#7035,#7041,#7042));
#7034 = ORIENTED_EDGE('',*,*,#5736,.F.);
#7035 = ORIENTED_EDGE('',*,*,#7036,.F.);
#7036 = EDGE_CURVE('',#6887,#5729,#7037,.T.);
#7037 = LINE('',#7038,#7039);
#7038 = CARTESIAN_POINT('',(8.2,5.4,58.67));
#7039 = VECTOR('',#7040,1.);
#7040 = DIRECTION('',(0.,1.,0.));
#7041 = ORIENTED_EDGE('',*,*,#6886,.T.);
#7042 = ORIENTED_EDGE('',*,*,#7036,.T.);
#7043 = CYLINDRICAL_SURFACE('',#7044,1.4);
#7044 = AXIS2_PLACEMENT_3D('',#7045,#7046,#7047);
#7045 = CARTESIAN_POINT('',(8.2,5.4,57.27));
#7046 = DIRECTION('',(0.,1.,0.));
#7047 = DIRECTION('',(0.,0.,1.));
#7048 = ADVANCED_FACE('',(#7049),#7060,.F.);
#7049 = FACE_BOUND('',#7050,.F.);
#7050 = EDGE_LOOP('',(#7051,#7052,#7058,#7059));
#7051 = ORIENTED_EDGE('',*,*,#5683,.F.);
#7052 = ORIENTED_EDGE('',*,*,#7053,.F.);
#7053 = EDGE_CURVE('',#6907,#5676,#7054,.T.);
#7054 = LINE('',#7055,#7056);
#7055 = CARTESIAN_POINT('',(8.2,5.4,9.63));
#7056 = VECTOR('',#7057,1.);
#7057 = DIRECTION('',(0.,1.,0.));
#7058 = ORIENTED_EDGE('',*,*,#6906,.T.);
#7059 = ORIENTED_EDGE('',*,*,#7053,.T.);
#7060 = CYLINDRICAL_SURFACE('',#7061,1.4);
#7061 = AXIS2_PLACEMENT_3D('',#7062,#7063,#7064);
#7062 = CARTESIAN_POINT('',(8.2,5.4,8.23));
#7063 = DIRECTION('',(0.,1.,0.));
#7064 = DIRECTION('',(0.,0.,1.));
#7065 = ADVANCED_FACE('',(#7066),#7085,.F.);
#7066 = FACE_BOUND('',#7067,.F.);
#7067 = EDGE_LOOP('',(#7068,#7077,#7083,#7084));
#7068 = ORIENTED_EDGE('',*,*,#7069,.F.);
#7069 = EDGE_CURVE('',#7070,#7070,#7072,.T.);
#7070 = VERTEX_POINT('',#7071);
#7071 = CARTESIAN_POINT('',(91.5,12.6,59.02));
#7072 = CIRCLE('',#7073,1.75);
#7073 = AXIS2_PLACEMENT_3D('',#7074,#7075,#7076);
#7074 = CARTESIAN_POINT('',(91.5,12.6,57.27));
#7075 = DIRECTION('',(0.,1.,0.));
#7076 = DIRECTION('',(0.,0.,1.));
#7077 = ORIENTED_EDGE('',*,*,#7078,.F.);
#7078 = EDGE_CURVE('',#6927,#7070,#7079,.T.);
#7079 = LINE('',#7080,#7081);
#7080 = CARTESIAN_POINT('',(91.5,5.4,59.02));
#7081 = VECTOR('',#7082,1.);
#7082 = DIRECTION('',(0.,1.,0.));
#7083 = ORIENTED_EDGE('',*,*,#6926,.T.);
#7084 = ORIENTED_EDGE('',*,*,#7078,.T.);
#7085 = CYLINDRICAL_SURFACE('',#7086,1.75);
#7086 = AXIS2_PLACEMENT_3D('',#7087,#7088,#7089);
#7087 = CARTESIAN_POINT('',(91.5,5.4,57.27));
#7088 = DIRECTION('',(0.,1.,0.));
#7089 = DIRECTION('',(0.,0.,1.));
#7090 = ADVANCED_FACE('',(#7091),#7102,.F.);
#7091 = FACE_BOUND('',#7092,.F.);
#7092 = EDGE_LOOP('',(#7093,#7094,#7100,#7101));
#7093 = ORIENTED_EDGE('',*,*,#5630,.F.);
#7094 = ORIENTED_EDGE('',*,*,#7095,.F.);
#7095 = EDGE_CURVE('',#6995,#5623,#7096,.T.);
#7096 = LINE('',#7097,#7098);
#7097 = CARTESIAN_POINT('',(91.5,5.4,9.63));
#7098 = VECTOR('',#7099,1.);
#7099 = DIRECTION('',(0.,1.,0.));
#7100 = ORIENTED_EDGE('',*,*,#6994,.T.);
#7101 = ORIENTED_EDGE('',*,*,#7095,.T.);
#7102 = CYLINDRICAL_SURFACE('',#7103,1.4);
#7103 = AXIS2_PLACEMENT_3D('',#7104,#7105,#7106);
#7104 = CARTESIAN_POINT('',(91.5,5.4,8.23));
#7105 = DIRECTION('',(0.,1.,0.));
#7106 = DIRECTION('',(0.,0.,1.));
#7107 = ADVANCED_FACE('',(#7108),#7111,.T.);
#7108 = FACE_BOUND('',#7109,.T.);
#7109 = EDGE_LOOP('',(#7110));
#7110 = ORIENTED_EDGE('',*,*,#7069,.F.);
#7111 = PLANE('',#7112);
#7112 = AXIS2_PLACEMENT_3D('',#7113,#7114,#7115);
#7113 = CARTESIAN_POINT('',(59.,12.6,32.75));
#7114 = DIRECTION('',(-0.,-1.,-0.));
#7115 = DIRECTION('',(0.,0.,-1.));
#7116 = ADVANCED_FACE('',(#7117),#7127,.F.);
#7117 = FACE_BOUND('',#7118,.F.);
#7118 = EDGE_LOOP('',(#7119,#7120,#7125,#7126));
#7119 = ORIENTED_EDGE('',*,*,#5699,.T.);
#7120 = ORIENTED_EDGE('',*,*,#7121,.T.);
#7121 = EDGE_CURVE('',#5700,#6183,#7122,.T.);
#7122 = B_SPLINE_CURVE_WITH_KNOTS('',1,(#7123,#7124),.UNSPECIFIED.,.F.,
  .F.,(2,2),(0.,1.01),.PIECEWISE_BEZIER_KNOTS.);
#7123 = CARTESIAN_POINT('',(8.2,13.99,59.77));
#7124 = CARTESIAN_POINT('',(8.2,15.,59.77));
#7125 = ORIENTED_EDGE('',*,*,#6182,.F.);
#7126 = ORIENTED_EDGE('',*,*,#7121,.F.);
#7127 = CYLINDRICAL_SURFACE('',#7128,2.5);
#7128 = AXIS2_PLACEMENT_3D('',#7129,#7130,#7131);
#7129 = CARTESIAN_POINT('',(8.2,13.99,57.27));
#7130 = DIRECTION('',(0.,1.,0.));
#7131 = DIRECTION('',(0.,0.,1.));
#7132 = ADVANCED_FACE('',(#7133),#7143,.F.);
#7133 = FACE_BOUND('',#7134,.F.);
#7134 = EDGE_LOOP('',(#7135,#7136,#7141,#7142));
#7135 = ORIENTED_EDGE('',*,*,#5646,.T.);
#7136 = ORIENTED_EDGE('',*,*,#7137,.T.);
#7137 = EDGE_CURVE('',#5647,#6194,#7138,.T.);
#7138 = B_SPLINE_CURVE_WITH_KNOTS('',1,(#7139,#7140),.UNSPECIFIED.,.F.,
  .F.,(2,2),(0.,1.01),.PIECEWISE_BEZIER_KNOTS.);
#7139 = CARTESIAN_POINT('',(8.2,13.99,10.73));
#7140 = CARTESIAN_POINT('',(8.2,15.,10.73));
#7141 = ORIENTED_EDGE('',*,*,#6193,.F.);
#7142 = ORIENTED_EDGE('',*,*,#7137,.F.);
#7143 = CYLINDRICAL_SURFACE('',#7144,2.5);
#7144 = AXIS2_PLACEMENT_3D('',#7145,#7146,#7147);
#7145 = CARTESIAN_POINT('',(8.2,13.99,8.23));
#7146 = DIRECTION('',(0.,1.,0.));
#7147 = DIRECTION('',(0.,0.,1.));
#7148 = ADVANCED_FACE('',(#7149),#7159,.F.);
#7149 = FACE_BOUND('',#7150,.F.);
#7150 = EDGE_LOOP('',(#7151,#7152,#7157,#7158));
#7151 = ORIENTED_EDGE('',*,*,#5593,.T.);
#7152 = ORIENTED_EDGE('',*,*,#7153,.T.);
#7153 = EDGE_CURVE('',#5594,#6205,#7154,.T.);
#7154 = B_SPLINE_CURVE_WITH_KNOTS('',1,(#7155,#7156),.UNSPECIFIED.,.F.,
  .F.,(2,2),(0.,1.01),.PIECEWISE_BEZIER_KNOTS.);
#7155 = CARTESIAN_POINT('',(91.5,13.99,10.73));
#7156 = CARTESIAN_POINT('',(91.5,15.,10.73));
#7157 = ORIENTED_EDGE('',*,*,#6204,.F.);
#7158 = ORIENTED_EDGE('',*,*,#7153,.F.);
#7159 = CYLINDRICAL_SURFACE('',#7160,2.5);
#7160 = AXIS2_PLACEMENT_3D('',#7161,#7162,#7163);
#7161 = CARTESIAN_POINT('',(91.5,13.99,8.23));
#7162 = DIRECTION('',(0.,1.,0.));
#7163 = DIRECTION('',(0.,0.,1.));
#7164 = MANIFOLD_SOLID_BREP('',#7165);
#7165 = CLOSED_SHELL('',(#7166,#7233,#7258,#7300,#7340,#7350,#7359,#7384
    ));
#7166 = ADVANCED_FACE('',(#7167),#7228,.T.);
#7167 = FACE_BOUND('',#7168,.T.);
#7168 = EDGE_LOOP('',(#7169,#7178,#7186,#7195,#7203,#7212,#7220,#7227));
#7169 = ORIENTED_EDGE('',*,*,#7170,.T.);
#7170 = EDGE_CURVE('',#7171,#7171,#7173,.T.);
#7171 = VERTEX_POINT('',#7172);
#7172 = CARTESIAN_POINT('',(109.3,-0.6,14.8));
#7173 = CIRCLE('',#7174,3.7);
#7174 = AXIS2_PLACEMENT_3D('',#7175,#7176,#7177);
#7175 = CARTESIAN_POINT('',(109.3,-0.6,11.1));
#7176 = DIRECTION('',(0.,1.,0.));
#7177 = DIRECTION('',(0.,0.,1.));
#7178 = ORIENTED_EDGE('',*,*,#7179,.T.);
#7179 = EDGE_CURVE('',#7171,#7180,#7182,.T.);
#7180 = VERTEX_POINT('',#7181);
#7181 = CARTESIAN_POINT('',(109.3,1.8,14.8));
#7182 = LINE('',#7183,#7184);
#7183 = CARTESIAN_POINT('',(109.3,-1.,14.8));
#7184 = VECTOR('',#7185,1.);
#7185 = DIRECTION('',(0.,1.,0.));
#7186 = ORIENTED_EDGE('',*,*,#7187,.F.);
#7187 = EDGE_CURVE('',#7188,#7180,#7190,.T.);
#7188 = VERTEX_POINT('',#7189);
#7189 = CARTESIAN_POINT('',(105.81754397012,1.8,9.85));
#7190 = CIRCLE('',#7191,3.7);
#7191 = AXIS2_PLACEMENT_3D('',#7192,#7193,#7194);
#7192 = CARTESIAN_POINT('',(109.3,1.8,11.1));
#7193 = DIRECTION('',(0.,1.,0.));
#7194 = DIRECTION('',(0.,0.,1.));
#7195 = ORIENTED_EDGE('',*,*,#7196,.F.);
#7196 = EDGE_CURVE('',#7197,#7188,#7199,.T.);
#7197 = VERTEX_POINT('',#7198);
#7198 = CARTESIAN_POINT('',(105.81754397012,1.79,9.85));
#7199 = LINE('',#7200,#7201);
#7200 = CARTESIAN_POINT('',(105.81754397012,-1.,9.85));
#7201 = VECTOR('',#7202,1.);
#7202 = DIRECTION('',(0.,1.,0.));
#7203 = ORIENTED_EDGE('',*,*,#7204,.F.);
#7204 = EDGE_CURVE('',#7205,#7197,#7207,.T.);
#7205 = VERTEX_POINT('',#7206);
#7206 = CARTESIAN_POINT('',(112.78245602987,1.79,9.85));
#7207 = CIRCLE('',#7208,3.7);
#7208 = AXIS2_PLACEMENT_3D('',#7209,#7210,#7211);
#7209 = CARTESIAN_POINT('',(109.3,1.79,11.1));
#7210 = DIRECTION('',(0.,1.,0.));
#7211 = DIRECTION('',(0.,0.,1.));
#7212 = ORIENTED_EDGE('',*,*,#7213,.T.);
#7213 = EDGE_CURVE('',#7205,#7214,#7216,.T.);
#7214 = VERTEX_POINT('',#7215);
#7215 = CARTESIAN_POINT('',(112.78245602987,1.8,9.85));
#7216 = LINE('',#7217,#7218);
#7217 = CARTESIAN_POINT('',(112.78245602987,-1.,9.85));
#7218 = VECTOR('',#7219,1.);
#7219 = DIRECTION('',(0.,1.,0.));
#7220 = ORIENTED_EDGE('',*,*,#7221,.F.);
#7221 = EDGE_CURVE('',#7180,#7214,#7222,.T.);
#7222 = CIRCLE('',#7223,3.7);
#7223 = AXIS2_PLACEMENT_3D('',#7224,#7225,#7226);
#7224 = CARTESIAN_POINT('',(109.3,1.8,11.1));
#7225 = DIRECTION('',(0.,1.,0.));
#7226 = DIRECTION('',(0.,0.,1.));
#7227 = ORIENTED_EDGE('',*,*,#7179,.F.);
#7228 = CYLINDRICAL_SURFACE('',#7229,3.7);
#7229 = AXIS2_PLACEMENT_3D('',#7230,#7231,#7232);
#7230 = CARTESIAN_POINT('',(109.3,-1.,11.1));
#7231 = DIRECTION('',(0.,1.,0.));
#7232 = DIRECTION('',(0.,0.,1.));
#7233 = ADVANCED_FACE('',(#7234),#7253,.T.);
#7234 = FACE_BOUND('',#7235,.F.);
#7235 = EDGE_LOOP('',(#7236,#7244,#7245,#7246));
#7236 = ORIENTED_EDGE('',*,*,#7237,.F.);
#7237 = EDGE_CURVE('',#7171,#7238,#7240,.T.);
#7238 = VERTEX_POINT('',#7239);
#7239 = CARTESIAN_POINT('',(109.3,-1.,14.4));
#7240 = LINE('',#7241,#7242);
#7241 = CARTESIAN_POINT('',(109.3,-0.6,14.8));
#7242 = VECTOR('',#7243,1.);
#7243 = DIRECTION('',(-0.,-0.707106781187,-0.707106781187));
#7244 = ORIENTED_EDGE('',*,*,#7170,.T.);
#7245 = ORIENTED_EDGE('',*,*,#7237,.T.);
#7246 = ORIENTED_EDGE('',*,*,#7247,.F.);
#7247 = EDGE_CURVE('',#7238,#7238,#7248,.T.);
#7248 = CIRCLE('',#7249,3.3);
#7249 = AXIS2_PLACEMENT_3D('',#7250,#7251,#7252);
#7250 = CARTESIAN_POINT('',(109.3,-1.,11.1));
#7251 = DIRECTION('',(0.,1.,0.));
#7252 = DIRECTION('',(0.,0.,1.));
#7253 = CONICAL_SURFACE('',#7254,3.7,0.785398163397);
#7254 = AXIS2_PLACEMENT_3D('',#7255,#7256,#7257);
#7255 = CARTESIAN_POINT('',(109.3,-0.6,11.1));
#7256 = DIRECTION('',(0.,1.,0.));
#7257 = DIRECTION('',(0.,0.,1.));
#7258 = ADVANCED_FACE('',(#7259),#7295,.F.);
#7259 = FACE_BOUND('',#7260,.F.);
#7260 = EDGE_LOOP('',(#7261,#7272,#7281,#7287,#7288,#7289));
#7261 = ORIENTED_EDGE('',*,*,#7262,.T.);
#7262 = EDGE_CURVE('',#7263,#7265,#7267,.T.);
#7263 = VERTEX_POINT('',#7264);
#7264 = CARTESIAN_POINT('',(104.97709588355,1.8,9.85));
#7265 = VERTEX_POINT('',#7266);
#7266 = CARTESIAN_POINT('',(109.3,1.8,15.6));
#7267 = CIRCLE('',#7268,4.5);
#7268 = AXIS2_PLACEMENT_3D('',#7269,#7270,#7271);
#7269 = CARTESIAN_POINT('',(109.3,1.8,11.1));
#7270 = DIRECTION('',(0.,1.,0.));
#7271 = DIRECTION('',(0.,0.,1.));
#7272 = ORIENTED_EDGE('',*,*,#7273,.T.);
#7273 = EDGE_CURVE('',#7265,#7274,#7276,.T.);
#7274 = VERTEX_POINT('',#7275);
#7275 = CARTESIAN_POINT('',(113.62290411644,1.8,9.85));
#7276 = CIRCLE('',#7277,4.5);
#7277 = AXIS2_PLACEMENT_3D('',#7278,#7279,#7280);
#7278 = CARTESIAN_POINT('',(109.3,1.8,11.1));
#7279 = DIRECTION('',(0.,1.,0.));
#7280 = DIRECTION('',(0.,0.,1.));
#7281 = ORIENTED_EDGE('',*,*,#7282,.F.);
#7282 = EDGE_CURVE('',#7214,#7274,#7283,.T.);
#7283 = LINE('',#7284,#7285);
#7284 = CARTESIAN_POINT('',(104.3,1.8,9.85));
#7285 = VECTOR('',#7286,1.);
#7286 = DIRECTION('',(1.,0.,0.));
#7287 = ORIENTED_EDGE('',*,*,#7221,.F.);
#7288 = ORIENTED_EDGE('',*,*,#7187,.F.);
#7289 = ORIENTED_EDGE('',*,*,#7290,.F.);
#7290 = EDGE_CURVE('',#7263,#7188,#7291,.T.);
#7291 = LINE('',#7292,#7293);
#7292 = CARTESIAN_POINT('',(104.3,1.8,9.85));
#7293 = VECTOR('',#7294,1.);
#7294 = DIRECTION('',(1.,0.,0.));
#7295 = PLANE('',#7296);
#7296 = AXIS2_PLACEMENT_3D('',#7297,#7298,#7299);
#7297 = CARTESIAN_POINT('',(109.3,1.8,11.1));
#7298 = DIRECTION('',(0.,1.,0.));
#7299 = DIRECTION('',(0.,0.,1.));
#7300 = ADVANCED_FACE('',(#7301),#7335,.F.);
#7301 = FACE_BOUND('',#7302,.F.);
#7302 = EDGE_LOOP('',(#7303,#7304,#7310,#7311,#7312,#7320,#7328,#7334));
#7303 = ORIENTED_EDGE('',*,*,#7196,.F.);
#7304 = ORIENTED_EDGE('',*,*,#7305,.T.);
#7305 = EDGE_CURVE('',#7197,#7205,#7306,.T.);
#7306 = LINE('',#7307,#7308);
#7307 = CARTESIAN_POINT('',(99.3,1.79,9.85));
#7308 = VECTOR('',#7309,1.);
#7309 = DIRECTION('',(1.,0.,0.));
#7310 = ORIENTED_EDGE('',*,*,#7213,.T.);
#7311 = ORIENTED_EDGE('',*,*,#7282,.T.);
#7312 = ORIENTED_EDGE('',*,*,#7313,.T.);
#7313 = EDGE_CURVE('',#7274,#7314,#7316,.T.);
#7314 = VERTEX_POINT('',#7315);
#7315 = CARTESIAN_POINT('',(113.62290411644,3.4,9.85));
#7316 = LINE('',#7317,#7318);
#7317 = CARTESIAN_POINT('',(113.62290411644,1.8,9.85));
#7318 = VECTOR('',#7319,1.);
#7319 = DIRECTION('',(0.,1.,0.));
#7320 = ORIENTED_EDGE('',*,*,#7321,.F.);
#7321 = EDGE_CURVE('',#7322,#7314,#7324,.T.);
#7322 = VERTEX_POINT('',#7323);
#7323 = CARTESIAN_POINT('',(104.97709588355,3.4,9.85));
#7324 = LINE('',#7325,#7326);
#7325 = CARTESIAN_POINT('',(104.3,3.4,9.85));
#7326 = VECTOR('',#7327,1.);
#7327 = DIRECTION('',(1.,0.,0.));
#7328 = ORIENTED_EDGE('',*,*,#7329,.F.);
#7329 = EDGE_CURVE('',#7263,#7322,#7330,.T.);
#7330 = LINE('',#7331,#7332);
#7331 = CARTESIAN_POINT('',(104.97709588355,1.8,9.85));
#7332 = VECTOR('',#7333,1.);
#7333 = DIRECTION('',(0.,1.,0.));
#7334 = ORIENTED_EDGE('',*,*,#7290,.T.);
#7335 = PLANE('',#7336);
#7336 = AXIS2_PLACEMENT_3D('',#7337,#7338,#7339);
#7337 = CARTESIAN_POINT('',(99.3,1.79,9.85));
#7338 = DIRECTION('',(0.,0.,1.));
#7339 = DIRECTION('',(1.,0.,0.));
#7340 = ADVANCED_FACE('',(#7341),#7345,.T.);
#7341 = FACE_BOUND('',#7342,.T.);
#7342 = EDGE_LOOP('',(#7343,#7344));
#7343 = ORIENTED_EDGE('',*,*,#7305,.T.);
#7344 = ORIENTED_EDGE('',*,*,#7204,.T.);
#7345 = PLANE('',#7346);
#7346 = AXIS2_PLACEMENT_3D('',#7347,#7348,#7349);
#7347 = CARTESIAN_POINT('',(99.3,1.79,1.1));
#7348 = DIRECTION('',(0.,1.,0.));
#7349 = DIRECTION('',(0.,0.,1.));
#7350 = ADVANCED_FACE('',(#7351),#7354,.F.);
#7351 = FACE_BOUND('',#7352,.F.);
#7352 = EDGE_LOOP('',(#7353));
#7353 = ORIENTED_EDGE('',*,*,#7247,.T.);
#7354 = PLANE('',#7355);
#7355 = AXIS2_PLACEMENT_3D('',#7356,#7357,#7358);
#7356 = CARTESIAN_POINT('',(109.3,-1.,11.1));
#7357 = DIRECTION('',(0.,1.,0.));
#7358 = DIRECTION('',(0.,0.,1.));
#7359 = ADVANCED_FACE('',(#7360),#7379,.T.);
#7360 = FACE_BOUND('',#7361,.T.);
#7361 = EDGE_LOOP('',(#7362,#7371,#7378));
#7362 = ORIENTED_EDGE('',*,*,#7363,.T.);
#7363 = EDGE_CURVE('',#7322,#7364,#7366,.T.);
#7364 = VERTEX_POINT('',#7365);
#7365 = CARTESIAN_POINT('',(109.3,3.4,15.6));
#7366 = CIRCLE('',#7367,4.5);
#7367 = AXIS2_PLACEMENT_3D('',#7368,#7369,#7370);
#7368 = CARTESIAN_POINT('',(109.3,3.4,11.1));
#7369 = DIRECTION('',(0.,1.,0.));
#7370 = DIRECTION('',(0.,0.,1.));
#7371 = ORIENTED_EDGE('',*,*,#7372,.T.);
#7372 = EDGE_CURVE('',#7364,#7314,#7373,.T.);
#7373 = CIRCLE('',#7374,4.5);
#7374 = AXIS2_PLACEMENT_3D('',#7375,#7376,#7377);
#7375 = CARTESIAN_POINT('',(109.3,3.4,11.1));
#7376 = DIRECTION('',(0.,1.,0.));
#7377 = DIRECTION('',(0.,0.,1.));
#7378 = ORIENTED_EDGE('',*,*,#7321,.F.);
#7379 = PLANE('',#7380);
#7380 = AXIS2_PLACEMENT_3D('',#7381,#7382,#7383);
#7381 = CARTESIAN_POINT('',(109.3,3.4,11.1));
#7382 = DIRECTION('',(0.,1.,0.));
#7383 = DIRECTION('',(0.,0.,1.));
#7384 = ADVANCED_FACE('',(#7385),#7393,.T.);
#7385 = FACE_BOUND('',#7386,.T.);
#7386 = EDGE_LOOP('',(#7387,#7388,#7389,#7390,#7391,#7392));
#7387 = ORIENTED_EDGE('',*,*,#7273,.T.);
#7388 = ORIENTED_EDGE('',*,*,#7313,.T.);
#7389 = ORIENTED_EDGE('',*,*,#7372,.F.);
#7390 = ORIENTED_EDGE('',*,*,#7363,.F.);
#7391 = ORIENTED_EDGE('',*,*,#7329,.F.);
#7392 = ORIENTED_EDGE('',*,*,#7262,.T.);
#7393 = CYLINDRICAL_SURFACE('',#7394,4.5);
#7394 = AXIS2_PLACEMENT_3D('',#7395,#7396,#7397);
#7395 = CARTESIAN_POINT('',(109.3,1.8,11.1));
#7396 = DIRECTION('',(0.,1.,0.));
#7397 = DIRECTION('',(0.,0.,1.));
#7398 = ( GEOMETRIC_REPRESENTATION_CONTEXT(3) 
GLOBAL_UNCERTAINTY_ASSIGNED_CONTEXT((#7402)) 
GLOBAL_UNIT_ASSIGNED_CONTEXT((#7399,#7400,#7401)) REPRESENTATION_CONTEXT
('Context #1','3D Context with UNIT and UNCERTAINTY') );
#7399 = ( LENGTH_UNIT() NAMED_UNIT(*) SI_UNIT(.MILLI.,.METRE.) );
#7400 = ( NAMED_UNIT(*) PLANE_ANGLE_UNIT() SI_UNIT($,.RADIAN.) );
#7401 = ( NAMED_UNIT(*) SI_UNIT($,.STERADIAN.) SOLID_ANGLE_UNIT() );
#7402 = UNCERTAINTY_MEASURE_WITH_UNIT(LENGTH_MEASURE(2.E-07),#7399,
  'distance_accuracy_value','confusion accuracy');
#7403 = PRODUCT_RELATED_PRODUCT_CATEGORY('part',$,(#7));
ENDSEC;
END-ISO-10303-21;
